Servicio,Modelo,Año,Versión,Pestaña,Categoría,Características ,Url_Cta,Url Imagen
CONNECT FINDER,Pathfinder,2021,Sense,Servicios,WiFi HotSpot,Localización en tiempo real,,"https://ms-prd-nna.use.mediaserver.heliosnissan.net/iris/iris?vehicle=8_R53&resp=png&bkgnd=transparent&pov=E01&w=5781&h=5370&x=1719&y=1481&height=250&width=660&paint=YBK&fabric=G&brand=nisnna&sa=1_T,2_LJ,4_A,5_L,6_E,7_2,11_D,12_7,13_8,16_A,17_D,SHADOW_ON,PI_ON,PE_ON,2026&imwidth=3840"
CONNECT FINDER,Pathfinder,2021,Sense,Servicios,WiFi HotSpot,Activación de bocina,,"https://ms-prd-nna.use.mediaserver.heliosnissan.net/iris/iris?vehicle=8_R53&resp=png&bkgnd=transparent&pov=E01&w=5781&h=5370&x=1719&y=1481&height=250&width=660&paint=YBK&fabric=G&brand=nisnna&sa=1_T,2_LJ,4_A,5_L,6_E,7_2,11_D,12_7,13_8,16_A,17_D,SHADOW_ON,PI_ON,PE_ON,2026&imwidth=3841"
CONNECT FINDER,Pathfinder,2021,Sense,Servicios,WiFi HotSpot,Geocercas,,"https://ms-prd-nna.use.mediaserver.heliosnissan.net/iris/iris?vehicle=8_R53&resp=png&bkgnd=transparent&pov=E01&w=5781&h=5370&x=1719&y=1481&height=250&width=660&paint=YBK&fabric=G&brand=nisnna&sa=1_T,2_LJ,4_A,5_L,6_E,7_2,11_D,12_7,13_8,16_A,17_D,SHADOW_ON,PI_ON,PE_ON,2026&imwidth=3842"
CONNECT FINDER,Pathfinder,2021,Sense,Servicios,WiFi HotSpot,Ubicación del Vehículo,,"https://ms-prd-nna.use.mediaserver.heliosnissan.net/iris/iris?vehicle=8_R53&resp=png&bkgnd=transparent&pov=E01&w=5781&h=5370&x=1719&y=1481&height=250&width=660&paint=YBK&fabric=G&brand=nisnna&sa=1_T,2_LJ,4_A,5_L,6_E,7_2,11_D,12_7,13_8,16_A,17_D,SHADOW_ON,PI_ON,PE_ON,2026&imwidth=3843"
CONNECT FINDER,Pathfinder,2021,Sense,Servicios,WiFi HotSpot,Sígueme,,"https://ms-prd-nna.use.mediaserver.heliosnissan.net/iris/iris?vehicle=8_R53&resp=png&bkgnd=transparent&pov=E01&w=5781&h=5370&x=1719&y=1481&height=250&width=660&paint=YBK&fabric=G&brand=nisnna&sa=1_T,2_LJ,4_A,5_L,6_E,7_2,11_D,12_7,13_8,16_A,17_D,SHADOW_ON,PI_ON,PE_ON,2026&imwidth=3844"
CONNECT FINDER,Pathfinder,2021,Sense,Servicios,WiFi HotSpot,Navegación,,"https://ms-prd-nna.use.mediaserver.heliosnissan.net/iris/iris?vehicle=8_R53&resp=png&bkgnd=transparent&pov=E01&w=5781&h=5370&x=1719&y=1481&height=250&width=660&paint=YBK&fabric=G&brand=nisnna&sa=1_T,2_LJ,4_A,5_L,6_E,7_2,11_D,12_7,13_8,16_A,17_D,SHADOW_ON,PI_ON,PE_ON,2026&imwidth=3845"
CONNECT FINDER,Pathfinder,2021,Sense,Servicios,WiFi HotSpot,Notificaciones,,"https://ms-prd-nna.use.mediaserver.heliosnissan.net/iris/iris?vehicle=8_R53&resp=png&bkgnd=transparent&pov=E01&w=5781&h=5370&x=1719&y=1481&height=250&width=660&paint=YBK&fabric=G&brand=nisnna&sa=1_T,2_LJ,4_A,5_L,6_E,7_2,11_D,12_7,13_8,16_A,17_D,SHADOW_ON,PI_ON,PE_ON,2026&imwidth=3846"
CONNECT FINDER,Pathfinder,2021,Sense,Servicios,WiFi HotSpot,Histórico de Rutas,,"https://ms-prd-nna.use.mediaserver.heliosnissan.net/iris/iris?vehicle=8_R53&resp=png&bkgnd=transparent&pov=E01&w=5781&h=5370&x=1719&y=1481&height=250&width=660&paint=YBK&fabric=G&brand=nisnna&sa=1_T,2_LJ,4_A,5_L,6_E,7_2,11_D,12_7,13_8,16_A,17_D,SHADOW_ON,PI_ON,PE_ON,2026&imwidth=3847"
CONNECT FINDER,Pathfinder,2021,Sense,Servicios,WiFi HotSpot,Asistencia de Vehículo Robado ,,"https://ms-prd-nna.use.mediaserver.heliosnissan.net/iris/iris?vehicle=8_R53&resp=png&bkgnd=transparent&pov=E01&w=5781&h=5370&x=1719&y=1481&height=250&width=660&paint=YBK&fabric=G&brand=nisnna&sa=1_T,2_LJ,4_A,5_L,6_E,7_2,11_D,12_7,13_8,16_A,17_D,SHADOW_ON,PI_ON,PE_ON,2026&imwidth=3848"
CONNECT FINDER,Pathfinder,2021,Sense,Servicios,WiFi HotSpot,Alerta de Movimiento,,"https://ms-prd-nna.use.mediaserver.heliosnissan.net/iris/iris?vehicle=8_R53&resp=png&bkgnd=transparent&pov=E01&w=5781&h=5370&x=1719&y=1481&height=250&width=660&paint=YBK&fabric=G&brand=nisnna&sa=1_T,2_LJ,4_A,5_L,6_E,7_2,11_D,12_7,13_8,16_A,17_D,SHADOW_ON,PI_ON,PE_ON,2026&imwidth=3849"
CONNECT FINDER,Pathfinder,2021,Sense,Servicios,WiFi HotSpot,Alerta de Velocidad,,"https://ms-prd-nna.use.mediaserver.heliosnissan.net/iris/iris?vehicle=8_R53&resp=png&bkgnd=transparent&pov=E01&w=5781&h=5370&x=1719&y=1481&height=250&width=660&paint=YBK&fabric=G&brand=nisnna&sa=1_T,2_LJ,4_A,5_L,6_E,7_2,11_D,12_7,13_8,16_A,17_D,SHADOW_ON,PI_ON,PE_ON,2026&imwidth=3850"
CONNECT FINDER,Pathfinder,2021,Sense,Servicios,WiFi HotSpot,Conexión a Asistencia Vial Nissan,,"https://ms-prd-nna.use.mediaserver.heliosnissan.net/iris/iris?vehicle=8_R53&resp=png&bkgnd=transparent&pov=E01&w=5781&h=5370&x=1719&y=1481&height=250&width=660&paint=YBK&fabric=G&brand=nisnna&sa=1_T,2_LJ,4_A,5_L,6_E,7_2,11_D,12_7,13_8,16_A,17_D,SHADOW_ON,PI_ON,PE_ON,2026&imwidth=3851"
CONNECT FINDER,Pathfinder,2021,Sense,Servicios,WiFi HotSpot,Asistencia NissanConnect® Finder,,"https://ms-prd-nna.use.mediaserver.heliosnissan.net/iris/iris?vehicle=8_R53&resp=png&bkgnd=transparent&pov=E01&w=5781&h=5370&x=1719&y=1481&height=250&width=660&paint=YBK&fabric=G&brand=nisnna&sa=1_T,2_LJ,4_A,5_L,6_E,7_2,11_D,12_7,13_8,16_A,17_D,SHADOW_ON,PI_ON,PE_ON,2026&imwidth=3852"
CONNECT FINDER,Pathfinder,2021,Sense,Servicios,WiFi HotSpot,Liga a Página de Citas de Mantenimiento Vehicular,,"https://ms-prd-nna.use.mediaserver.heliosnissan.net/iris/iris?vehicle=8_R53&resp=png&bkgnd=transparent&pov=E01&w=5781&h=5370&x=1719&y=1481&height=250&width=660&paint=YBK&fabric=G&brand=nisnna&sa=1_T,2_LJ,4_A,5_L,6_E,7_2,11_D,12_7,13_8,16_A,17_D,SHADOW_ON,PI_ON,PE_ON,2026&imwidth=3853"
CONNECT FINDER,Pathfinder,2021,Sense,Manuales Y Guías,Manuales Y Guías,Manual Y Guía De Nissan Pathfinder 2021,,"https://ms-prd-nna.use.mediaserver.heliosnissan.net/iris/iris?vehicle=8_R53&resp=png&bkgnd=transparent&pov=E01&w=5781&h=5370&x=1719&y=1481&height=250&width=660&paint=YBK&fabric=G&brand=nisnna&sa=1_T,2_LJ,4_A,5_L,6_E,7_2,11_D,12_7,13_8,16_A,17_D,SHADOW_ON,PI_ON,PE_ON,2026&imwidth=3854"
CONNECT FINDER,Pathfinder,2021,Sense,Manuales Y Guías,Rescue Sheet,Rescue Sheet De Nissan Pathfinder 2021,,"https://ms-prd-nna.use.mediaserver.heliosnissan.net/iris/iris?vehicle=8_R53&resp=png&bkgnd=transparent&pov=E01&w=5781&h=5370&x=1719&y=1481&height=250&width=660&paint=YBK&fabric=G&brand=nisnna&sa=1_T,2_LJ,4_A,5_L,6_E,7_2,11_D,12_7,13_8,16_A,17_D,SHADOW_ON,PI_ON,PE_ON,2026&imwidth=3855"
CONNECT FINDER,Pathfinder,2021,Sense,Manuales Y Guías,Manuales De Navegación.,Manuales De Navegación De Nissan Pathfinder 2021,,"https://ms-prd-nna.use.mediaserver.heliosnissan.net/iris/iris?vehicle=8_R53&resp=png&bkgnd=transparent&pov=E01&w=5781&h=5370&x=1719&y=1481&height=250&width=660&paint=YBK&fabric=G&brand=nisnna&sa=1_T,2_LJ,4_A,5_L,6_E,7_2,11_D,12_7,13_8,16_A,17_D,SHADOW_ON,PI_ON,PE_ON,2026&imwidth=3856"
CONNECT FINDER,Pathfinder,2021,Advance,Servicios,WiFi HotSpot,Localización en tiempo real,,"https://ms-prd-nna.use.mediaserver.heliosnissan.net/iris/iris?vehicle=8_R53&resp=png&bkgnd=transparent&pov=E01&w=5781&h=5370&x=1719&y=1481&height=250&width=660&paint=YBK&fabric=G&brand=nisnna&sa=1_T,2_LJ,4_A,5_L,6_E,7_2,11_D,12_7,13_8,16_A,17_D,SHADOW_ON,PI_ON,PE_ON,2026&imwidth=3840"
CONNECT FINDER,Pathfinder,2021,Advance,Servicios,WiFi HotSpot,Activación de bocina,,"https://ms-prd-nna.use.mediaserver.heliosnissan.net/iris/iris?vehicle=8_R53&resp=png&bkgnd=transparent&pov=E01&w=5781&h=5370&x=1719&y=1481&height=250&width=660&paint=YBK&fabric=G&brand=nisnna&sa=1_T,2_LJ,4_A,5_L,6_E,7_2,11_D,12_7,13_8,16_A,17_D,SHADOW_ON,PI_ON,PE_ON,2026&imwidth=3841"
CONNECT FINDER,Pathfinder,2021,Advance,Servicios,WiFi HotSpot,Geocercas,,"https://ms-prd-nna.use.mediaserver.heliosnissan.net/iris/iris?vehicle=8_R53&resp=png&bkgnd=transparent&pov=E01&w=5781&h=5370&x=1719&y=1481&height=250&width=660&paint=YBK&fabric=G&brand=nisnna&sa=1_T,2_LJ,4_A,5_L,6_E,7_2,11_D,12_7,13_8,16_A,17_D,SHADOW_ON,PI_ON,PE_ON,2026&imwidth=3842"
CONNECT FINDER,Pathfinder,2021,Advance,Servicios,WiFi HotSpot,Ubicación del Vehículo,,"https://ms-prd-nna.use.mediaserver.heliosnissan.net/iris/iris?vehicle=8_R53&resp=png&bkgnd=transparent&pov=E01&w=5781&h=5370&x=1719&y=1481&height=250&width=660&paint=YBK&fabric=G&brand=nisnna&sa=1_T,2_LJ,4_A,5_L,6_E,7_2,11_D,12_7,13_8,16_A,17_D,SHADOW_ON,PI_ON,PE_ON,2026&imwidth=3843"
CONNECT FINDER,Pathfinder,2021,Advance,Servicios,WiFi HotSpot,Sígueme,,"https://ms-prd-nna.use.mediaserver.heliosnissan.net/iris/iris?vehicle=8_R53&resp=png&bkgnd=transparent&pov=E01&w=5781&h=5370&x=1719&y=1481&height=250&width=660&paint=YBK&fabric=G&brand=nisnna&sa=1_T,2_LJ,4_A,5_L,6_E,7_2,11_D,12_7,13_8,16_A,17_D,SHADOW_ON,PI_ON,PE_ON,2026&imwidth=3844"
CONNECT FINDER,Pathfinder,2021,Advance,Servicios,WiFi HotSpot,Navegación,,"https://ms-prd-nna.use.mediaserver.heliosnissan.net/iris/iris?vehicle=8_R53&resp=png&bkgnd=transparent&pov=E01&w=5781&h=5370&x=1719&y=1481&height=250&width=660&paint=YBK&fabric=G&brand=nisnna&sa=1_T,2_LJ,4_A,5_L,6_E,7_2,11_D,12_7,13_8,16_A,17_D,SHADOW_ON,PI_ON,PE_ON,2026&imwidth=3845"
CONNECT FINDER,Pathfinder,2021,Advance,Servicios,WiFi HotSpot,Notificaciones,,"https://ms-prd-nna.use.mediaserver.heliosnissan.net/iris/iris?vehicle=8_R53&resp=png&bkgnd=transparent&pov=E01&w=5781&h=5370&x=1719&y=1481&height=250&width=660&paint=YBK&fabric=G&brand=nisnna&sa=1_T,2_LJ,4_A,5_L,6_E,7_2,11_D,12_7,13_8,16_A,17_D,SHADOW_ON,PI_ON,PE_ON,2026&imwidth=3846"
CONNECT FINDER,Pathfinder,2021,Advance,Servicios,WiFi HotSpot,Histórico de Rutas,,"https://ms-prd-nna.use.mediaserver.heliosnissan.net/iris/iris?vehicle=8_R53&resp=png&bkgnd=transparent&pov=E01&w=5781&h=5370&x=1719&y=1481&height=250&width=660&paint=YBK&fabric=G&brand=nisnna&sa=1_T,2_LJ,4_A,5_L,6_E,7_2,11_D,12_7,13_8,16_A,17_D,SHADOW_ON,PI_ON,PE_ON,2026&imwidth=3847"
CONNECT FINDER,Pathfinder,2021,Advance,Servicios,WiFi HotSpot,Asistencia de Vehículo Robado ,,"https://ms-prd-nna.use.mediaserver.heliosnissan.net/iris/iris?vehicle=8_R53&resp=png&bkgnd=transparent&pov=E01&w=5781&h=5370&x=1719&y=1481&height=250&width=660&paint=YBK&fabric=G&brand=nisnna&sa=1_T,2_LJ,4_A,5_L,6_E,7_2,11_D,12_7,13_8,16_A,17_D,SHADOW_ON,PI_ON,PE_ON,2026&imwidth=3848"
CONNECT FINDER,Pathfinder,2021,Advance,Servicios,WiFi HotSpot,Alerta de Movimiento,,"https://ms-prd-nna.use.mediaserver.heliosnissan.net/iris/iris?vehicle=8_R53&resp=png&bkgnd=transparent&pov=E01&w=5781&h=5370&x=1719&y=1481&height=250&width=660&paint=YBK&fabric=G&brand=nisnna&sa=1_T,2_LJ,4_A,5_L,6_E,7_2,11_D,12_7,13_8,16_A,17_D,SHADOW_ON,PI_ON,PE_ON,2026&imwidth=3849"
CONNECT FINDER,Pathfinder,2021,Advance,Servicios,WiFi HotSpot,Alerta de Velocidad,,"https://ms-prd-nna.use.mediaserver.heliosnissan.net/iris/iris?vehicle=8_R53&resp=png&bkgnd=transparent&pov=E01&w=5781&h=5370&x=1719&y=1481&height=250&width=660&paint=YBK&fabric=G&brand=nisnna&sa=1_T,2_LJ,4_A,5_L,6_E,7_2,11_D,12_7,13_8,16_A,17_D,SHADOW_ON,PI_ON,PE_ON,2026&imwidth=3850"
CONNECT FINDER,Pathfinder,2021,Advance,Servicios,WiFi HotSpot,Conexión a Asistencia Vial Nissan,,"https://ms-prd-nna.use.mediaserver.heliosnissan.net/iris/iris?vehicle=8_R53&resp=png&bkgnd=transparent&pov=E01&w=5781&h=5370&x=1719&y=1481&height=250&width=660&paint=YBK&fabric=G&brand=nisnna&sa=1_T,2_LJ,4_A,5_L,6_E,7_2,11_D,12_7,13_8,16_A,17_D,SHADOW_ON,PI_ON,PE_ON,2026&imwidth=3851"
CONNECT FINDER,Pathfinder,2021,Advance,Servicios,WiFi HotSpot,Asistencia NissanConnect® Finder,,"https://ms-prd-nna.use.mediaserver.heliosnissan.net/iris/iris?vehicle=8_R53&resp=png&bkgnd=transparent&pov=E01&w=5781&h=5370&x=1719&y=1481&height=250&width=660&paint=YBK&fabric=G&brand=nisnna&sa=1_T,2_LJ,4_A,5_L,6_E,7_2,11_D,12_7,13_8,16_A,17_D,SHADOW_ON,PI_ON,PE_ON,2026&imwidth=3852"
CONNECT FINDER,Pathfinder,2021,Advance,Servicios,WiFi HotSpot,Liga a Página de Citas de Mantenimiento Vehicular,,"https://ms-prd-nna.use.mediaserver.heliosnissan.net/iris/iris?vehicle=8_R53&resp=png&bkgnd=transparent&pov=E01&w=5781&h=5370&x=1719&y=1481&height=250&width=660&paint=YBK&fabric=G&brand=nisnna&sa=1_T,2_LJ,4_A,5_L,6_E,7_2,11_D,12_7,13_8,16_A,17_D,SHADOW_ON,PI_ON,PE_ON,2026&imwidth=3853"
CONNECT FINDER,Pathfinder,2021,Advance,Manuales Y Guías,Manuales Y Guías,Manual Y Guía De Nissan Pathfinder 2021,,"https://ms-prd-nna.use.mediaserver.heliosnissan.net/iris/iris?vehicle=8_R53&resp=png&bkgnd=transparent&pov=E01&w=5781&h=5370&x=1719&y=1481&height=250&width=660&paint=YBK&fabric=G&brand=nisnna&sa=1_T,2_LJ,4_A,5_L,6_E,7_2,11_D,12_7,13_8,16_A,17_D,SHADOW_ON,PI_ON,PE_ON,2026&imwidth=3854"
CONNECT FINDER,Pathfinder,2021,Advance,Manuales Y Guías,Rescue Sheet,Rescue Sheet De Nissan Pathfinder 2021,,"https://ms-prd-nna.use.mediaserver.heliosnissan.net/iris/iris?vehicle=8_R53&resp=png&bkgnd=transparent&pov=E01&w=5781&h=5370&x=1719&y=1481&height=250&width=660&paint=YBK&fabric=G&brand=nisnna&sa=1_T,2_LJ,4_A,5_L,6_E,7_2,11_D,12_7,13_8,16_A,17_D,SHADOW_ON,PI_ON,PE_ON,2026&imwidth=3855"
CONNECT FINDER,Pathfinder,2021,Advance,Manuales Y Guías,Manuales De Navegación.,Manuales De Navegación De Nissan Pathfinder 2021,,"https://ms-prd-nna.use.mediaserver.heliosnissan.net/iris/iris?vehicle=8_R53&resp=png&bkgnd=transparent&pov=E01&w=5781&h=5370&x=1719&y=1481&height=250&width=660&paint=YBK&fabric=G&brand=nisnna&sa=1_T,2_LJ,4_A,5_L,6_E,7_2,11_D,12_7,13_8,16_A,17_D,SHADOW_ON,PI_ON,PE_ON,2026&imwidth=3856"
CONNECT FINDER,Pathfinder,2021,Exclusive,Servicios,WiFi HotSpot,Activación de bocina,,"https://ms-prd-nna.use.mediaserver.heliosnissan.net/iris/iris?vehicle=8_R53&resp=png&bkgnd=transparent&pov=E01&w=5781&h=5370&x=1719&y=1481&height=250&width=660&paint=YBK&fabric=G&brand=nisnna&sa=1_T,2_LJ,4_A,5_L,6_E,7_2,11_D,12_7,13_8,16_A,17_D,SHADOW_ON,PI_ON,PE_ON,2026&imwidth=3841"
CONNECT FINDER,Pathfinder,2021,Exclusive,Servicios,WiFi HotSpot,Geocercas,,"https://ms-prd-nna.use.mediaserver.heliosnissan.net/iris/iris?vehicle=8_R53&resp=png&bkgnd=transparent&pov=E01&w=5781&h=5370&x=1719&y=1481&height=250&width=660&paint=YBK&fabric=G&brand=nisnna&sa=1_T,2_LJ,4_A,5_L,6_E,7_2,11_D,12_7,13_8,16_A,17_D,SHADOW_ON,PI_ON,PE_ON,2026&imwidth=3842"
CONNECT FINDER,Pathfinder,2021,Exclusive,Servicios,WiFi HotSpot,Ubicación del Vehículo,,"https://ms-prd-nna.use.mediaserver.heliosnissan.net/iris/iris?vehicle=8_R53&resp=png&bkgnd=transparent&pov=E01&w=5781&h=5370&x=1719&y=1481&height=250&width=660&paint=YBK&fabric=G&brand=nisnna&sa=1_T,2_LJ,4_A,5_L,6_E,7_2,11_D,12_7,13_8,16_A,17_D,SHADOW_ON,PI_ON,PE_ON,2026&imwidth=3843"
CONNECT FINDER,Pathfinder,2021,Exclusive,Servicios,WiFi HotSpot,Sígueme,,"https://ms-prd-nna.use.mediaserver.heliosnissan.net/iris/iris?vehicle=8_R53&resp=png&bkgnd=transparent&pov=E01&w=5781&h=5370&x=1719&y=1481&height=250&width=660&paint=YBK&fabric=G&brand=nisnna&sa=1_T,2_LJ,4_A,5_L,6_E,7_2,11_D,12_7,13_8,16_A,17_D,SHADOW_ON,PI_ON,PE_ON,2026&imwidth=3844"
CONNECT FINDER,Pathfinder,2021,Exclusive,Servicios,WiFi HotSpot,Navegación,,"https://ms-prd-nna.use.mediaserver.heliosnissan.net/iris/iris?vehicle=8_R53&resp=png&bkgnd=transparent&pov=E01&w=5781&h=5370&x=1719&y=1481&height=250&width=660&paint=YBK&fabric=G&brand=nisnna&sa=1_T,2_LJ,4_A,5_L,6_E,7_2,11_D,12_7,13_8,16_A,17_D,SHADOW_ON,PI_ON,PE_ON,2026&imwidth=3845"
CONNECT FINDER,Pathfinder,2021,Exclusive,Servicios,WiFi HotSpot,Notificaciones,,"https://ms-prd-nna.use.mediaserver.heliosnissan.net/iris/iris?vehicle=8_R53&resp=png&bkgnd=transparent&pov=E01&w=5781&h=5370&x=1719&y=1481&height=250&width=660&paint=YBK&fabric=G&brand=nisnna&sa=1_T,2_LJ,4_A,5_L,6_E,7_2,11_D,12_7,13_8,16_A,17_D,SHADOW_ON,PI_ON,PE_ON,2026&imwidth=3846"
CONNECT FINDER,Pathfinder,2021,Exclusive,Servicios,WiFi HotSpot,Histórico de Rutas,,"https://ms-prd-nna.use.mediaserver.heliosnissan.net/iris/iris?vehicle=8_R53&resp=png&bkgnd=transparent&pov=E01&w=5781&h=5370&x=1719&y=1481&height=250&width=660&paint=YBK&fabric=G&brand=nisnna&sa=1_T,2_LJ,4_A,5_L,6_E,7_2,11_D,12_7,13_8,16_A,17_D,SHADOW_ON,PI_ON,PE_ON,2026&imwidth=3847"
CONNECT FINDER,Pathfinder,2021,Exclusive,Servicios,WiFi HotSpot,Asistencia de Vehículo Robado ,,"https://ms-prd-nna.use.mediaserver.heliosnissan.net/iris/iris?vehicle=8_R53&resp=png&bkgnd=transparent&pov=E01&w=5781&h=5370&x=1719&y=1481&height=250&width=660&paint=YBK&fabric=G&brand=nisnna&sa=1_T,2_LJ,4_A,5_L,6_E,7_2,11_D,12_7,13_8,16_A,17_D,SHADOW_ON,PI_ON,PE_ON,2026&imwidth=3848"
CONNECT FINDER,Pathfinder,2021,Exclusive,Servicios,WiFi HotSpot,Alerta de Movimiento,,"https://ms-prd-nna.use.mediaserver.heliosnissan.net/iris/iris?vehicle=8_R53&resp=png&bkgnd=transparent&pov=E01&w=5781&h=5370&x=1719&y=1481&height=250&width=660&paint=YBK&fabric=G&brand=nisnna&sa=1_T,2_LJ,4_A,5_L,6_E,7_2,11_D,12_7,13_8,16_A,17_D,SHADOW_ON,PI_ON,PE_ON,2026&imwidth=3849"
CONNECT FINDER,Pathfinder,2021,Exclusive,Servicios,WiFi HotSpot,Alerta de Velocidad,,"https://ms-prd-nna.use.mediaserver.heliosnissan.net/iris/iris?vehicle=8_R53&resp=png&bkgnd=transparent&pov=E01&w=5781&h=5370&x=1719&y=1481&height=250&width=660&paint=YBK&fabric=G&brand=nisnna&sa=1_T,2_LJ,4_A,5_L,6_E,7_2,11_D,12_7,13_8,16_A,17_D,SHADOW_ON,PI_ON,PE_ON,2026&imwidth=3850"
CONNECT FINDER,Pathfinder,2021,Exclusive,Servicios,WiFi HotSpot,Conexión a Asistencia Vial Nissan,,"https://ms-prd-nna.use.mediaserver.heliosnissan.net/iris/iris?vehicle=8_R53&resp=png&bkgnd=transparent&pov=E01&w=5781&h=5370&x=1719&y=1481&height=250&width=660&paint=YBK&fabric=G&brand=nisnna&sa=1_T,2_LJ,4_A,5_L,6_E,7_2,11_D,12_7,13_8,16_A,17_D,SHADOW_ON,PI_ON,PE_ON,2026&imwidth=3851"
CONNECT FINDER,Pathfinder,2021,Exclusive,Servicios,WiFi HotSpot,Asistencia NissanConnect® Finder,,"https://ms-prd-nna.use.mediaserver.heliosnissan.net/iris/iris?vehicle=8_R53&resp=png&bkgnd=transparent&pov=E01&w=5781&h=5370&x=1719&y=1481&height=250&width=660&paint=YBK&fabric=G&brand=nisnna&sa=1_T,2_LJ,4_A,5_L,6_E,7_2,11_D,12_7,13_8,16_A,17_D,SHADOW_ON,PI_ON,PE_ON,2026&imwidth=3852"
CONNECT FINDER,Pathfinder,2021,Exclusive,Servicios,WiFi HotSpot,Liga a Página de Citas de Mantenimiento Vehicular,,"https://ms-prd-nna.use.mediaserver.heliosnissan.net/iris/iris?vehicle=8_R53&resp=png&bkgnd=transparent&pov=E01&w=5781&h=5370&x=1719&y=1481&height=250&width=660&paint=YBK&fabric=G&brand=nisnna&sa=1_T,2_LJ,4_A,5_L,6_E,7_2,11_D,12_7,13_8,16_A,17_D,SHADOW_ON,PI_ON,PE_ON,2026&imwidth=3853"
CONNECT FINDER,Pathfinder,2021,Exclusive,Manuales Y Guías,Manuales Y Guías,Manual Y Guía De Nissan Pathfinder 2021,,"https://ms-prd-nna.use.mediaserver.heliosnissan.net/iris/iris?vehicle=8_R53&resp=png&bkgnd=transparent&pov=E01&w=5781&h=5370&x=1719&y=1481&height=250&width=660&paint=YBK&fabric=G&brand=nisnna&sa=1_T,2_LJ,4_A,5_L,6_E,7_2,11_D,12_7,13_8,16_A,17_D,SHADOW_ON,PI_ON,PE_ON,2026&imwidth=3854"
CONNECT FINDER,Pathfinder,2021,Exclusive,Manuales Y Guías,Rescue Sheet,Rescue Sheet De Nissan Pathfinder 2021,,"https://ms-prd-nna.use.mediaserver.heliosnissan.net/iris/iris?vehicle=8_R53&resp=png&bkgnd=transparent&pov=E01&w=5781&h=5370&x=1719&y=1481&height=250&width=660&paint=YBK&fabric=G&brand=nisnna&sa=1_T,2_LJ,4_A,5_L,6_E,7_2,11_D,12_7,13_8,16_A,17_D,SHADOW_ON,PI_ON,PE_ON,2026&imwidth=3855"
CONNECT FINDER,Pathfinder,2021,Exclusive,Manuales Y Guías,Manuales De Navegación.,Manuales De Navegación De Nissan Pathfinder 2021,,"https://ms-prd-nna.use.mediaserver.heliosnissan.net/iris/iris?vehicle=8_R53&resp=png&bkgnd=transparent&pov=E01&w=5781&h=5370&x=1719&y=1481&height=250&width=660&paint=YBK&fabric=G&brand=nisnna&sa=1_T,2_LJ,4_A,5_L,6_E,7_2,11_D,12_7,13_8,16_A,17_D,SHADOW_ON,PI_ON,PE_ON,2026&imwidth=3856"
CONNECT SERVICES,Pathfinder,2023,Advance,Servicios,Select,Bloqueo / desbloqueo remoto de puertas,,"https://ms-prd-nna.use.mediaserver.heliosnissan.net/iris/iris?vehicle=8_R53&resp=png&bkgnd=transparent&pov=E01&w=5781&h=5370&x=1719&y=1481&height=250&width=660&paint=YBK&fabric=G&brand=nisnna&sa=1_T,2_LJ,4_A,5_L,6_E,7_2,11_D,12_7,13_8,16_A,17_D,SHADOW_ON,PI_ON,PE_ON,2026&imwidth=3857"
CONNECT SERVICES,Pathfinder,2023,Advance,Servicios,Select,Alerta de mantenimiento,,"https://ms-prd-nna.use.mediaserver.heliosnissan.net/iris/iris?vehicle=8_R53&resp=png&bkgnd=transparent&pov=E01&w=5781&h=5370&x=1719&y=1481&height=250&width=660&paint=YBK&fabric=G&brand=nisnna&sa=1_T,2_LJ,4_A,5_L,6_E,7_2,11_D,12_7,13_8,16_A,17_D,SHADOW_ON,PI_ON,PE_ON,2026&imwidth=3858"
CONNECT SERVICES,Pathfinder,2023,Advance,Servicios,Select,Notificación Mantenimiento Preventivo,,"https://ms-prd-nna.use.mediaserver.heliosnissan.net/iris/iris?vehicle=8_R53&resp=png&bkgnd=transparent&pov=E01&w=5781&h=5370&x=1719&y=1481&height=250&width=660&paint=YBK&fabric=G&brand=nisnna&sa=1_T,2_LJ,4_A,5_L,6_E,7_2,11_D,12_7,13_8,16_A,17_D,SHADOW_ON,PI_ON,PE_ON,2026&imwidth=3859"
CONNECT SERVICES,Pathfinder,2023,Advance,Servicios,Select,Mensaje enviado al vehículo,,"https://ms-prd-nna.use.mediaserver.heliosnissan.net/iris/iris?vehicle=8_R53&resp=png&bkgnd=transparent&pov=E01&w=5781&h=5370&x=1719&y=1481&height=250&width=660&paint=YBK&fabric=G&brand=nisnna&sa=1_T,2_LJ,4_A,5_L,6_E,7_2,11_D,12_7,13_8,16_A,17_D,SHADOW_ON,PI_ON,PE_ON,2026&imwidth=3860"
CONNECT SERVICES,Pathfinder,2023,Advance,Servicios,Select,Actualizaciones Over-The-Air,,"https://ms-prd-nna.use.mediaserver.heliosnissan.net/iris/iris?vehicle=8_R53&resp=png&bkgnd=transparent&pov=E01&w=5781&h=5370&x=1719&y=1481&height=250&width=660&paint=YBK&fabric=G&brand=nisnna&sa=1_T,2_LJ,4_A,5_L,6_E,7_2,11_D,12_7,13_8,16_A,17_D,SHADOW_ON,PI_ON,PE_ON,2026&imwidth=3861"
CONNECT SERVICES,Pathfinder,2023,Advance,Servicios,Select,Llamada de asistencia desde APP,,"https://ms-prd-nna.use.mediaserver.heliosnissan.net/iris/iris?vehicle=8_R53&resp=png&bkgnd=transparent&pov=E01&w=5781&h=5370&x=1719&y=1481&height=250&width=660&paint=YBK&fabric=G&brand=nisnna&sa=1_T,2_LJ,4_A,5_L,6_E,7_2,11_D,12_7,13_8,16_A,17_D,SHADOW_ON,PI_ON,PE_ON,2026&imwidth=3862"
CONNECT SERVICES,Pathfinder,2023,Advance,Servicios,Select,Vista Mapa*,,"https://ms-prd-nna.use.mediaserver.heliosnissan.net/iris/iris?vehicle=8_R53&resp=png&bkgnd=transparent&pov=E01&w=5781&h=5370&x=1719&y=1481&height=250&width=660&paint=YBK&fabric=G&brand=nisnna&sa=1_T,2_LJ,4_A,5_L,6_E,7_2,11_D,12_7,13_8,16_A,17_D,SHADOW_ON,PI_ON,PE_ON,2026&imwidth=3863"
CONNECT SERVICES,Pathfinder,2023,Advance,Servicios,Select,Vista Satélite*,,"https://ms-prd-nna.use.mediaserver.heliosnissan.net/iris/iris?vehicle=8_R53&resp=png&bkgnd=transparent&pov=E01&w=5781&h=5370&x=1719&y=1481&height=250&width=660&paint=YBK&fabric=G&brand=nisnna&sa=1_T,2_LJ,4_A,5_L,6_E,7_2,11_D,12_7,13_8,16_A,17_D,SHADOW_ON,PI_ON,PE_ON,2026&imwidth=3864"
CONNECT SERVICES,Pathfinder,2023,Advance,Servicios,Select,Destinos by google*,,"https://ms-prd-nna.use.mediaserver.heliosnissan.net/iris/iris?vehicle=8_R53&resp=png&bkgnd=transparent&pov=E01&w=5781&h=5370&x=1719&y=1481&height=250&width=660&paint=YBK&fabric=G&brand=nisnna&sa=1_T,2_LJ,4_A,5_L,6_E,7_2,11_D,12_7,13_8,16_A,17_D,SHADOW_ON,PI_ON,PE_ON,2026&imwidth=3865"
CONNECT SERVICES,Pathfinder,2023,Advance,Servicios,Select,Búsqueda Conectada*,,"https://ms-prd-nna.use.mediaserver.heliosnissan.net/iris/iris?vehicle=8_R53&resp=png&bkgnd=transparent&pov=E01&w=5781&h=5370&x=1719&y=1481&height=250&width=660&paint=YBK&fabric=G&brand=nisnna&sa=1_T,2_LJ,4_A,5_L,6_E,7_2,11_D,12_7,13_8,16_A,17_D,SHADOW_ON,PI_ON,PE_ON,2026&imwidth=3866"
CONNECT SERVICES,Pathfinder,2023,Advance,Servicios,Select,Actualización de mapas Over-The-Air*,,"https://ms-prd-nna.use.mediaserver.heliosnissan.net/iris/iris?vehicle=8_R53&resp=png&bkgnd=transparent&pov=E01&w=5781&h=5370&x=1719&y=1481&height=250&width=660&paint=YBK&fabric=G&brand=nisnna&sa=1_T,2_LJ,4_A,5_L,6_E,7_2,11_D,12_7,13_8,16_A,17_D,SHADOW_ON,PI_ON,PE_ON,2026&imwidth=3867"
CONNECT SERVICES,Pathfinder,2023,Advance,Servicios,Select,Premium Traffic*,,"https://ms-prd-nna.use.mediaserver.heliosnissan.net/iris/iris?vehicle=8_R53&resp=png&bkgnd=transparent&pov=E01&w=5781&h=5370&x=1719&y=1481&height=250&width=660&paint=YBK&fabric=G&brand=nisnna&sa=1_T,2_LJ,4_A,5_L,6_E,7_2,11_D,12_7,13_8,16_A,17_D,SHADOW_ON,PI_ON,PE_ON,2026&imwidth=3868"
CONNECT SERVICES,Pathfinder,2023,Advance,Servicios,Select,TomTom Weather*,,"https://ms-prd-nna.use.mediaserver.heliosnissan.net/iris/iris?vehicle=8_R53&resp=png&bkgnd=transparent&pov=E01&w=5781&h=5370&x=1719&y=1481&height=250&width=660&paint=YBK&fabric=G&brand=nisnna&sa=1_T,2_LJ,4_A,5_L,6_E,7_2,11_D,12_7,13_8,16_A,17_D,SHADOW_ON,PI_ON,PE_ON,2026&imwidth=3869"
CONNECT SERVICES,Pathfinder,2023,Advance,Servicios,Select,Conductor adicional,,"https://ms-prd-nna.use.mediaserver.heliosnissan.net/iris/iris?vehicle=8_R53&resp=png&bkgnd=transparent&pov=E01&w=5781&h=5370&x=1719&y=1481&height=250&width=660&paint=YBK&fabric=G&brand=nisnna&sa=1_T,2_LJ,4_A,5_L,6_E,7_2,11_D,12_7,13_8,16_A,17_D,SHADOW_ON,PI_ON,PE_ON,2026&imwidth=3870"
CONNECT SERVICES,Pathfinder,2023,Advance,Servicios,Select,Asistente de Google,,"https://ms-prd-nna.use.mediaserver.heliosnissan.net/iris/iris?vehicle=8_R53&resp=png&bkgnd=transparent&pov=E01&w=5781&h=5370&x=1719&y=1481&height=250&width=660&paint=YBK&fabric=G&brand=nisnna&sa=1_T,2_LJ,4_A,5_L,6_E,7_2,11_D,12_7,13_8,16_A,17_D,SHADOW_ON,PI_ON,PE_ON,2026&imwidth=3871"
CONNECT SERVICES,Pathfinder,2023,Advance,Servicios,Select,Google Play,,"https://ms-prd-nna.use.mediaserver.heliosnissan.net/iris/iris?vehicle=8_R53&resp=png&bkgnd=transparent&pov=E01&w=5781&h=5370&x=1719&y=1481&height=250&width=660&paint=YBK&fabric=G&brand=nisnna&sa=1_T,2_LJ,4_A,5_L,6_E,7_2,11_D,12_7,13_8,16_A,17_D,SHADOW_ON,PI_ON,PE_ON,2026&imwidth=3872"
CONNECT SERVICES,Pathfinder,2023,Advance,Servicios,Select,Google Maps,,"https://ms-prd-nna.use.mediaserver.heliosnissan.net/iris/iris?vehicle=8_R53&resp=png&bkgnd=transparent&pov=E01&w=5781&h=5370&x=1719&y=1481&height=250&width=660&paint=YBK&fabric=G&brand=nisnna&sa=1_T,2_LJ,4_A,5_L,6_E,7_2,11_D,12_7,13_8,16_A,17_D,SHADOW_ON,PI_ON,PE_ON,2026&imwidth=3873"
CONNECT SERVICES,Pathfinder,2023,Advance,Servicios,Select,Recordatorio de bloqueo,,"https://ms-prd-nna.use.mediaserver.heliosnissan.net/iris/iris?vehicle=8_R53&resp=png&bkgnd=transparent&pov=E01&w=5781&h=5370&x=1719&y=1481&height=250&width=660&paint=YBK&fabric=G&brand=nisnna&sa=1_T,2_LJ,4_A,5_L,6_E,7_2,11_D,12_7,13_8,16_A,17_D,SHADOW_ON,PI_ON,PE_ON,2026&imwidth=3874"
CONNECT SERVICES,Pathfinder,2023,Advance,Servicios,Select,Radio híbrido,,"https://ms-prd-nna.use.mediaserver.heliosnissan.net/iris/iris?vehicle=8_R53&resp=png&bkgnd=transparent&pov=E01&w=5781&h=5370&x=1719&y=1481&height=250&width=660&paint=YBK&fabric=G&brand=nisnna&sa=1_T,2_LJ,4_A,5_L,6_E,7_2,11_D,12_7,13_8,16_A,17_D,SHADOW_ON,PI_ON,PE_ON,2026&imwidth=3875"
CONNECT SERVICES,Pathfinder,2023,Advance,Servicios,Seguridad,Notificación automática de colisión (ACN),,"https://ms-prd-nna.use.mediaserver.heliosnissan.net/iris/iris?vehicle=8_R53&resp=png&bkgnd=transparent&pov=E01&w=5781&h=5370&x=1719&y=1481&height=250&width=660&paint=YBK&fabric=G&brand=nisnna&sa=1_T,2_LJ,4_A,5_L,6_E,7_2,11_D,12_7,13_8,16_A,17_D,SHADOW_ON,PI_ON,PE_ON,2026&imwidth=3876"
CONNECT SERVICES,Pathfinder,2023,Advance,Servicios,Seguridad,Llamada de emergencia,,"https://ms-prd-nna.use.mediaserver.heliosnissan.net/iris/iris?vehicle=8_R53&resp=png&bkgnd=transparent&pov=E01&w=5781&h=5370&x=1719&y=1481&height=250&width=660&paint=YBK&fabric=G&brand=nisnna&sa=1_T,2_LJ,4_A,5_L,6_E,7_2,11_D,12_7,13_8,16_A,17_D,SHADOW_ON,PI_ON,PE_ON,2026&imwidth=3877"
CONNECT SERVICES,Pathfinder,2023,Advance,Servicios,Seguridad,Conexión con asistencia vial,,"https://ms-prd-nna.use.mediaserver.heliosnissan.net/iris/iris?vehicle=8_R53&resp=png&bkgnd=transparent&pov=E01&w=5781&h=5370&x=1719&y=1481&height=250&width=660&paint=YBK&fabric=G&brand=nisnna&sa=1_T,2_LJ,4_A,5_L,6_E,7_2,11_D,12_7,13_8,16_A,17_D,SHADOW_ON,PI_ON,PE_ON,2026&imwidth=3878"
CONNECT SERVICES,Pathfinder,2023,Advance,Servicios,Seguridad,Notificación de alarma,,"https://ms-prd-nna.use.mediaserver.heliosnissan.net/iris/iris?vehicle=8_R53&resp=png&bkgnd=transparent&pov=E01&w=5781&h=5370&x=1719&y=1481&height=250&width=660&paint=YBK&fabric=G&brand=nisnna&sa=1_T,2_LJ,4_A,5_L,6_E,7_2,11_D,12_7,13_8,16_A,17_D,SHADOW_ON,PI_ON,PE_ON,2026&imwidth=3879"
CONNECT SERVICES,Pathfinder,2023,Advance,Servicios,Seguridad,Geocercas,,"https://ms-prd-nna.use.mediaserver.heliosnissan.net/iris/iris?vehicle=8_R53&resp=png&bkgnd=transparent&pov=E01&w=5781&h=5370&x=1719&y=1481&height=250&width=660&paint=YBK&fabric=G&brand=nisnna&sa=1_T,2_LJ,4_A,5_L,6_E,7_2,11_D,12_7,13_8,16_A,17_D,SHADOW_ON,PI_ON,PE_ON,2026&imwidth=3880"
CONNECT SERVICES,Pathfinder,2023,Advance,Servicios,Seguridad,Alerta de Valet,,"https://ms-prd-nna.use.mediaserver.heliosnissan.net/iris/iris?vehicle=8_R53&resp=png&bkgnd=transparent&pov=E01&w=5781&h=5370&x=1719&y=1481&height=250&width=660&paint=YBK&fabric=G&brand=nisnna&sa=1_T,2_LJ,4_A,5_L,6_E,7_2,11_D,12_7,13_8,16_A,17_D,SHADOW_ON,PI_ON,PE_ON,2026&imwidth=3881"
CONNECT SERVICES,Pathfinder,2023,Advance,Servicios,Seguridad,Alerta de velocidad,,"https://ms-prd-nna.use.mediaserver.heliosnissan.net/iris/iris?vehicle=8_R53&resp=png&bkgnd=transparent&pov=E01&w=5781&h=5370&x=1719&y=1481&height=250&width=660&paint=YBK&fabric=G&brand=nisnna&sa=1_T,2_LJ,4_A,5_L,6_E,7_2,11_D,12_7,13_8,16_A,17_D,SHADOW_ON,PI_ON,PE_ON,2026&imwidth=3882"
CONNECT SERVICES,Pathfinder,2023,Advance,Servicios,Seguridad,Alerta de movimiento programado,,"https://ms-prd-nna.use.mediaserver.heliosnissan.net/iris/iris?vehicle=8_R53&resp=png&bkgnd=transparent&pov=E01&w=5781&h=5370&x=1719&y=1481&height=250&width=660&paint=YBK&fabric=G&brand=nisnna&sa=1_T,2_LJ,4_A,5_L,6_E,7_2,11_D,12_7,13_8,16_A,17_D,SHADOW_ON,PI_ON,PE_ON,2026&imwidth=3883"
CONNECT SERVICES,Pathfinder,2023,Advance,Servicios,Seguridad,Asistencia de Vehículo Robado,,"https://ms-prd-nna.use.mediaserver.heliosnissan.net/iris/iris?vehicle=8_R53&resp=png&bkgnd=transparent&pov=E01&w=5781&h=5370&x=1719&y=1481&height=250&width=660&paint=YBK&fabric=G&brand=nisnna&sa=1_T,2_LJ,4_A,5_L,6_E,7_2,11_D,12_7,13_8,16_A,17_D,SHADOW_ON,PI_ON,PE_ON,2026&imwidth=3884"
CONNECT SERVICES,Pathfinder,2023,Advance,Servicios,Seguridad,Alerta de Arrastre,,"https://ms-prd-nna.use.mediaserver.heliosnissan.net/iris/iris?vehicle=8_R53&resp=png&bkgnd=transparent&pov=E01&w=5781&h=5370&x=1719&y=1481&height=250&width=660&paint=YBK&fabric=G&brand=nisnna&sa=1_T,2_LJ,4_A,5_L,6_E,7_2,11_D,12_7,13_8,16_A,17_D,SHADOW_ON,PI_ON,PE_ON,2026&imwidth=3885"
CONNECT SERVICES,Pathfinder,2023,Advance,Servicios,Conveniencia,Arranque/ Apagado remoto de motor,,"https://ms-prd-nna.use.mediaserver.heliosnissan.net/iris/iris?vehicle=8_R53&resp=png&bkgnd=transparent&pov=E01&w=5781&h=5370&x=1719&y=1481&height=250&width=660&paint=YBK&fabric=G&brand=nisnna&sa=1_T,2_LJ,4_A,5_L,6_E,7_2,11_D,12_7,13_8,16_A,17_D,SHADOW_ON,PI_ON,PE_ON,2026&imwidth=3886"
CONNECT SERVICES,Pathfinder,2023,Advance,Servicios,Conveniencia,Luces destelladas y bocina remoto,,"https://ms-prd-nna.use.mediaserver.heliosnissan.net/iris/iris?vehicle=8_R53&resp=png&bkgnd=transparent&pov=E01&w=5781&h=5370&x=1719&y=1481&height=250&width=660&paint=YBK&fabric=G&brand=nisnna&sa=1_T,2_LJ,4_A,5_L,6_E,7_2,11_D,12_7,13_8,16_A,17_D,SHADOW_ON,PI_ON,PE_ON,2026&imwidth=3887"
CONNECT SERVICES,Pathfinder,2023,Advance,Servicios,Conveniencia,Localizar mi vehículo,,"https://ms-prd-nna.use.mediaserver.heliosnissan.net/iris/iris?vehicle=8_R53&resp=png&bkgnd=transparent&pov=E01&w=5781&h=5370&x=1719&y=1481&height=250&width=660&paint=YBK&fabric=G&brand=nisnna&sa=1_T,2_LJ,4_A,5_L,6_E,7_2,11_D,12_7,13_8,16_A,17_D,SHADOW_ON,PI_ON,PE_ON,2026&imwidth=3888"
CONNECT SERVICES,Pathfinder,2023,Advance,Servicios,Conveniencia,Estado remoto de mi vehículo,,"https://ms-prd-nna.use.mediaserver.heliosnissan.net/iris/iris?vehicle=8_R53&resp=png&bkgnd=transparent&pov=E01&w=5781&h=5370&x=1719&y=1481&height=250&width=660&paint=YBK&fabric=G&brand=nisnna&sa=1_T,2_LJ,4_A,5_L,6_E,7_2,11_D,12_7,13_8,16_A,17_D,SHADOW_ON,PI_ON,PE_ON,2026&imwidth=3889"
CONNECT SERVICES,Pathfinder,2023,Advance,Servicios,Conveniencia,Borrado remoto de datos,,"https://ms-prd-nna.use.mediaserver.heliosnissan.net/iris/iris?vehicle=8_R53&resp=png&bkgnd=transparent&pov=E01&w=5781&h=5370&x=1719&y=1481&height=250&width=660&paint=YBK&fabric=G&brand=nisnna&sa=1_T,2_LJ,4_A,5_L,6_E,7_2,11_D,12_7,13_8,16_A,17_D,SHADOW_ON,PI_ON,PE_ON,2026&imwidth=3890"
CONNECT SERVICES,Pathfinder,2023,Advance,Servicios,Conveniencia,Nissan Concierge,,"https://ms-prd-nna.use.mediaserver.heliosnissan.net/iris/iris?vehicle=8_R53&resp=png&bkgnd=transparent&pov=E01&w=5781&h=5370&x=1719&y=1481&height=250&width=660&paint=YBK&fabric=G&brand=nisnna&sa=1_T,2_LJ,4_A,5_L,6_E,7_2,11_D,12_7,13_8,16_A,17_D,SHADOW_ON,PI_ON,PE_ON,2026&imwidth=3891"
CONNECT SERVICES,Pathfinder,2023,Advance,Servicios,Conveniencia,Envío de destino al vehículo*,,"https://ms-prd-nna.use.mediaserver.heliosnissan.net/iris/iris?vehicle=8_R53&resp=png&bkgnd=transparent&pov=E01&w=5781&h=5370&x=1719&y=1481&height=250&width=660&paint=YBK&fabric=G&brand=nisnna&sa=1_T,2_LJ,4_A,5_L,6_E,7_2,11_D,12_7,13_8,16_A,17_D,SHADOW_ON,PI_ON,PE_ON,2026&imwidth=3892"
CONNECT SERVICES,Pathfinder,2023,Advance,Servicios,Conveniencia,Asistente de destino*,,"https://ms-prd-nna.use.mediaserver.heliosnissan.net/iris/iris?vehicle=8_R53&resp=png&bkgnd=transparent&pov=E01&w=5781&h=5370&x=1719&y=1481&height=250&width=660&paint=YBK&fabric=G&brand=nisnna&sa=1_T,2_LJ,4_A,5_L,6_E,7_2,11_D,12_7,13_8,16_A,17_D,SHADOW_ON,PI_ON,PE_ON,2026&imwidth=3893"
CONNECT SERVICES,Pathfinder,2023,Advance,Servicios,Conveniencia,Navegación puerta a puerta*,,"https://ms-prd-nna.use.mediaserver.heliosnissan.net/iris/iris?vehicle=8_R53&resp=png&bkgnd=transparent&pov=E01&w=5781&h=5370&x=1719&y=1481&height=250&width=660&paint=YBK&fabric=G&brand=nisnna&sa=1_T,2_LJ,4_A,5_L,6_E,7_2,11_D,12_7,13_8,16_A,17_D,SHADOW_ON,PI_ON,PE_ON,2026&imwidth=3894"
CONNECT SERVICES,Pathfinder,2023,Advance,Servicios,Conveniencia,Planificador de viaje*,,"https://ms-prd-nna.use.mediaserver.heliosnissan.net/iris/iris?vehicle=8_R53&resp=png&bkgnd=transparent&pov=E01&w=5781&h=5370&x=1719&y=1481&height=250&width=660&paint=YBK&fabric=G&brand=nisnna&sa=1_T,2_LJ,4_A,5_L,6_E,7_2,11_D,12_7,13_8,16_A,17_D,SHADOW_ON,PI_ON,PE_ON,2026&imwidth=3895"
CONNECT SERVICES,Pathfinder,2023,Advance,Servicios,Conveniencia,Control de clima remoto,,"https://ms-prd-nna.use.mediaserver.heliosnissan.net/iris/iris?vehicle=8_R53&resp=png&bkgnd=transparent&pov=E01&w=5781&h=5370&x=1719&y=1481&height=250&width=660&paint=YBK&fabric=G&brand=nisnna&sa=1_T,2_LJ,4_A,5_L,6_E,7_2,11_D,12_7,13_8,16_A,17_D,SHADOW_ON,PI_ON,PE_ON,2026&imwidth=3896"
CONNECT SERVICES,Pathfinder,2023,Advance,Servicios,Premium,Paquetes de seguridad + Conveniencia + Select,,"https://ms-prd-nna.use.mediaserver.heliosnissan.net/iris/iris?vehicle=8_R53&resp=png&bkgnd=transparent&pov=E01&w=5781&h=5370&x=1719&y=1481&height=250&width=660&paint=YBK&fabric=G&brand=nisnna&sa=1_T,2_LJ,4_A,5_L,6_E,7_2,11_D,12_7,13_8,16_A,17_D,SHADOW_ON,PI_ON,PE_ON,2026&imwidth=3897"
CONNECT SERVICES,Pathfinder,2023,Advance,Manuales Y Guías,Manuales Y Guías,Manual Y Guía De Nissan Pathfinder 2021,,"https://ms-prd-nna.use.mediaserver.heliosnissan.net/iris/iris?vehicle=8_R53&resp=png&bkgnd=transparent&pov=E01&w=5781&h=5370&x=1719&y=1481&height=250&width=660&paint=YBK&fabric=G&brand=nisnna&sa=1_T,2_LJ,4_A,5_L,6_E,7_2,11_D,12_7,13_8,16_A,17_D,SHADOW_ON,PI_ON,PE_ON,2026&imwidth=3854"
CONNECT SERVICES,Pathfinder,2023,Advance,Manuales Y Guías,Rescue Sheet,Rescue Sheet De Nissan Pathfinder 2021,,"https://ms-prd-nna.use.mediaserver.heliosnissan.net/iris/iris?vehicle=8_R53&resp=png&bkgnd=transparent&pov=E01&w=5781&h=5370&x=1719&y=1481&height=250&width=660&paint=YBK&fabric=G&brand=nisnna&sa=1_T,2_LJ,4_A,5_L,6_E,7_2,11_D,12_7,13_8,16_A,17_D,SHADOW_ON,PI_ON,PE_ON,2026&imwidth=3855"
CONNECT SERVICES,Pathfinder,2023,Advance,Manuales Y Guías,Manuales De Navegación.,Manuales De Navegación De Nissan Pathfinder 2021,,"https://ms-prd-nna.use.mediaserver.heliosnissan.net/iris/iris?vehicle=8_R53&resp=png&bkgnd=transparent&pov=E01&w=5781&h=5370&x=1719&y=1481&height=250&width=660&paint=YBK&fabric=G&brand=nisnna&sa=1_T,2_LJ,4_A,5_L,6_E,7_2,11_D,12_7,13_8,16_A,17_D,SHADOW_ON,PI_ON,PE_ON,2026&imwidth=3856"
CONNECT SERVICES,Pathfinder,2023,Exclusive,Servicios,Select,Bloqueo / desbloqueo remoto de puertas,,"https://ms-prd-nna.use.mediaserver.heliosnissan.net/iris/iris?vehicle=8_R53&resp=png&bkgnd=transparent&pov=E01&w=5781&h=5370&x=1719&y=1481&height=250&width=660&paint=YBK&fabric=G&brand=nisnna&sa=1_T,2_LJ,4_A,5_L,6_E,7_2,11_D,12_7,13_8,16_A,17_D,SHADOW_ON,PI_ON,PE_ON,2026&imwidth=3857"
CONNECT SERVICES,Pathfinder,2023,Exclusive,Servicios,Select,Alerta de mantenimiento,,"https://ms-prd-nna.use.mediaserver.heliosnissan.net/iris/iris?vehicle=8_R53&resp=png&bkgnd=transparent&pov=E01&w=5781&h=5370&x=1719&y=1481&height=250&width=660&paint=YBK&fabric=G&brand=nisnna&sa=1_T,2_LJ,4_A,5_L,6_E,7_2,11_D,12_7,13_8,16_A,17_D,SHADOW_ON,PI_ON,PE_ON,2026&imwidth=3858"
CONNECT SERVICES,Pathfinder,2023,Exclusive,Servicios,Select,Notificación Mantenimiento Preventivo,,"https://ms-prd-nna.use.mediaserver.heliosnissan.net/iris/iris?vehicle=8_R53&resp=png&bkgnd=transparent&pov=E01&w=5781&h=5370&x=1719&y=1481&height=250&width=660&paint=YBK&fabric=G&brand=nisnna&sa=1_T,2_LJ,4_A,5_L,6_E,7_2,11_D,12_7,13_8,16_A,17_D,SHADOW_ON,PI_ON,PE_ON,2026&imwidth=3859"
CONNECT SERVICES,Pathfinder,2023,Exclusive,Servicios,Select,Mensaje enviado al vehículo,,"https://ms-prd-nna.use.mediaserver.heliosnissan.net/iris/iris?vehicle=8_R53&resp=png&bkgnd=transparent&pov=E01&w=5781&h=5370&x=1719&y=1481&height=250&width=660&paint=YBK&fabric=G&brand=nisnna&sa=1_T,2_LJ,4_A,5_L,6_E,7_2,11_D,12_7,13_8,16_A,17_D,SHADOW_ON,PI_ON,PE_ON,2026&imwidth=3860"
CONNECT SERVICES,Pathfinder,2023,Exclusive,Servicios,Select,Actualizaciones Over-The-Air,,"https://ms-prd-nna.use.mediaserver.heliosnissan.net/iris/iris?vehicle=8_R53&resp=png&bkgnd=transparent&pov=E01&w=5781&h=5370&x=1719&y=1481&height=250&width=660&paint=YBK&fabric=G&brand=nisnna&sa=1_T,2_LJ,4_A,5_L,6_E,7_2,11_D,12_7,13_8,16_A,17_D,SHADOW_ON,PI_ON,PE_ON,2026&imwidth=3861"
CONNECT SERVICES,Pathfinder,2023,Exclusive,Servicios,Select,Llamada de asistencia desde APP,,"https://ms-prd-nna.use.mediaserver.heliosnissan.net/iris/iris?vehicle=8_R53&resp=png&bkgnd=transparent&pov=E01&w=5781&h=5370&x=1719&y=1481&height=250&width=660&paint=YBK&fabric=G&brand=nisnna&sa=1_T,2_LJ,4_A,5_L,6_E,7_2,11_D,12_7,13_8,16_A,17_D,SHADOW_ON,PI_ON,PE_ON,2026&imwidth=3862"
CONNECT SERVICES,Pathfinder,2023,Exclusive,Servicios,Select,Vista Mapa*,,"https://ms-prd-nna.use.mediaserver.heliosnissan.net/iris/iris?vehicle=8_R53&resp=png&bkgnd=transparent&pov=E01&w=5781&h=5370&x=1719&y=1481&height=250&width=660&paint=YBK&fabric=G&brand=nisnna&sa=1_T,2_LJ,4_A,5_L,6_E,7_2,11_D,12_7,13_8,16_A,17_D,SHADOW_ON,PI_ON,PE_ON,2026&imwidth=3863"
CONNECT SERVICES,Pathfinder,2023,Exclusive,Servicios,Select,Vista Satélite*,,"https://ms-prd-nna.use.mediaserver.heliosnissan.net/iris/iris?vehicle=8_R53&resp=png&bkgnd=transparent&pov=E01&w=5781&h=5370&x=1719&y=1481&height=250&width=660&paint=YBK&fabric=G&brand=nisnna&sa=1_T,2_LJ,4_A,5_L,6_E,7_2,11_D,12_7,13_8,16_A,17_D,SHADOW_ON,PI_ON,PE_ON,2026&imwidth=3864"
CONNECT SERVICES,Pathfinder,2023,Exclusive,Servicios,Select,Destinos by google*,,"https://ms-prd-nna.use.mediaserver.heliosnissan.net/iris/iris?vehicle=8_R53&resp=png&bkgnd=transparent&pov=E01&w=5781&h=5370&x=1719&y=1481&height=250&width=660&paint=YBK&fabric=G&brand=nisnna&sa=1_T,2_LJ,4_A,5_L,6_E,7_2,11_D,12_7,13_8,16_A,17_D,SHADOW_ON,PI_ON,PE_ON,2026&imwidth=3865"
CONNECT SERVICES,Pathfinder,2023,Exclusive,Servicios,Select,Búsqueda Conectada*,,"https://ms-prd-nna.use.mediaserver.heliosnissan.net/iris/iris?vehicle=8_R53&resp=png&bkgnd=transparent&pov=E01&w=5781&h=5370&x=1719&y=1481&height=250&width=660&paint=YBK&fabric=G&brand=nisnna&sa=1_T,2_LJ,4_A,5_L,6_E,7_2,11_D,12_7,13_8,16_A,17_D,SHADOW_ON,PI_ON,PE_ON,2026&imwidth=3866"
CONNECT SERVICES,Pathfinder,2023,Exclusive,Servicios,Select,Actualización de mapas Over-The-Air*,,"https://ms-prd-nna.use.mediaserver.heliosnissan.net/iris/iris?vehicle=8_R53&resp=png&bkgnd=transparent&pov=E01&w=5781&h=5370&x=1719&y=1481&height=250&width=660&paint=YBK&fabric=G&brand=nisnna&sa=1_T,2_LJ,4_A,5_L,6_E,7_2,11_D,12_7,13_8,16_A,17_D,SHADOW_ON,PI_ON,PE_ON,2026&imwidth=3867"
CONNECT SERVICES,Pathfinder,2023,Exclusive,Servicios,Select,Premium Traffic*,,"https://ms-prd-nna.use.mediaserver.heliosnissan.net/iris/iris?vehicle=8_R53&resp=png&bkgnd=transparent&pov=E01&w=5781&h=5370&x=1719&y=1481&height=250&width=660&paint=YBK&fabric=G&brand=nisnna&sa=1_T,2_LJ,4_A,5_L,6_E,7_2,11_D,12_7,13_8,16_A,17_D,SHADOW_ON,PI_ON,PE_ON,2026&imwidth=3868"
CONNECT SERVICES,Pathfinder,2023,Exclusive,Servicios,Select,TomTom Weather*,,"https://ms-prd-nna.use.mediaserver.heliosnissan.net/iris/iris?vehicle=8_R53&resp=png&bkgnd=transparent&pov=E01&w=5781&h=5370&x=1719&y=1481&height=250&width=660&paint=YBK&fabric=G&brand=nisnna&sa=1_T,2_LJ,4_A,5_L,6_E,7_2,11_D,12_7,13_8,16_A,17_D,SHADOW_ON,PI_ON,PE_ON,2026&imwidth=3869"
CONNECT SERVICES,Pathfinder,2023,Exclusive,Servicios,Select,Conductor adicional,,"https://ms-prd-nna.use.mediaserver.heliosnissan.net/iris/iris?vehicle=8_R53&resp=png&bkgnd=transparent&pov=E01&w=5781&h=5370&x=1719&y=1481&height=250&width=660&paint=YBK&fabric=G&brand=nisnna&sa=1_T,2_LJ,4_A,5_L,6_E,7_2,11_D,12_7,13_8,16_A,17_D,SHADOW_ON,PI_ON,PE_ON,2026&imwidth=3870"
CONNECT SERVICES,Pathfinder,2023,Exclusive,Servicios,Select,Asistente de Google,,"https://ms-prd-nna.use.mediaserver.heliosnissan.net/iris/iris?vehicle=8_R53&resp=png&bkgnd=transparent&pov=E01&w=5781&h=5370&x=1719&y=1481&height=250&width=660&paint=YBK&fabric=G&brand=nisnna&sa=1_T,2_LJ,4_A,5_L,6_E,7_2,11_D,12_7,13_8,16_A,17_D,SHADOW_ON,PI_ON,PE_ON,2026&imwidth=3871"
CONNECT SERVICES,Pathfinder,2023,Exclusive,Servicios,Select,Google Play,,"https://ms-prd-nna.use.mediaserver.heliosnissan.net/iris/iris?vehicle=8_R53&resp=png&bkgnd=transparent&pov=E01&w=5781&h=5370&x=1719&y=1481&height=250&width=660&paint=YBK&fabric=G&brand=nisnna&sa=1_T,2_LJ,4_A,5_L,6_E,7_2,11_D,12_7,13_8,16_A,17_D,SHADOW_ON,PI_ON,PE_ON,2026&imwidth=3872"
CONNECT SERVICES,Pathfinder,2023,Exclusive,Servicios,Select,Google Maps,,"https://ms-prd-nna.use.mediaserver.heliosnissan.net/iris/iris?vehicle=8_R53&resp=png&bkgnd=transparent&pov=E01&w=5781&h=5370&x=1719&y=1481&height=250&width=660&paint=YBK&fabric=G&brand=nisnna&sa=1_T,2_LJ,4_A,5_L,6_E,7_2,11_D,12_7,13_8,16_A,17_D,SHADOW_ON,PI_ON,PE_ON,2026&imwidth=3873"
CONNECT SERVICES,Pathfinder,2023,Exclusive,Servicios,Select,Recordatorio de bloqueo,,"https://ms-prd-nna.use.mediaserver.heliosnissan.net/iris/iris?vehicle=8_R53&resp=png&bkgnd=transparent&pov=E01&w=5781&h=5370&x=1719&y=1481&height=250&width=660&paint=YBK&fabric=G&brand=nisnna&sa=1_T,2_LJ,4_A,5_L,6_E,7_2,11_D,12_7,13_8,16_A,17_D,SHADOW_ON,PI_ON,PE_ON,2026&imwidth=3874"
CONNECT SERVICES,Pathfinder,2023,Exclusive,Servicios,Select,Radio híbrido,,"https://ms-prd-nna.use.mediaserver.heliosnissan.net/iris/iris?vehicle=8_R53&resp=png&bkgnd=transparent&pov=E01&w=5781&h=5370&x=1719&y=1481&height=250&width=660&paint=YBK&fabric=G&brand=nisnna&sa=1_T,2_LJ,4_A,5_L,6_E,7_2,11_D,12_7,13_8,16_A,17_D,SHADOW_ON,PI_ON,PE_ON,2026&imwidth=3875"
CONNECT SERVICES,Pathfinder,2023,Exclusive,Servicios,Seguridad,Notificación automática de colisión (ACN),,"https://ms-prd-nna.use.mediaserver.heliosnissan.net/iris/iris?vehicle=8_R53&resp=png&bkgnd=transparent&pov=E01&w=5781&h=5370&x=1719&y=1481&height=250&width=660&paint=YBK&fabric=G&brand=nisnna&sa=1_T,2_LJ,4_A,5_L,6_E,7_2,11_D,12_7,13_8,16_A,17_D,SHADOW_ON,PI_ON,PE_ON,2026&imwidth=3876"
CONNECT SERVICES,Pathfinder,2023,Exclusive,Servicios,Seguridad,Llamada de emergencia,,"https://ms-prd-nna.use.mediaserver.heliosnissan.net/iris/iris?vehicle=8_R53&resp=png&bkgnd=transparent&pov=E01&w=5781&h=5370&x=1719&y=1481&height=250&width=660&paint=YBK&fabric=G&brand=nisnna&sa=1_T,2_LJ,4_A,5_L,6_E,7_2,11_D,12_7,13_8,16_A,17_D,SHADOW_ON,PI_ON,PE_ON,2026&imwidth=3877"
CONNECT SERVICES,Pathfinder,2023,Exclusive,Servicios,Seguridad,Conexión con asistencia vial,,"https://ms-prd-nna.use.mediaserver.heliosnissan.net/iris/iris?vehicle=8_R53&resp=png&bkgnd=transparent&pov=E01&w=5781&h=5370&x=1719&y=1481&height=250&width=660&paint=YBK&fabric=G&brand=nisnna&sa=1_T,2_LJ,4_A,5_L,6_E,7_2,11_D,12_7,13_8,16_A,17_D,SHADOW_ON,PI_ON,PE_ON,2026&imwidth=3878"
CONNECT SERVICES,Pathfinder,2023,Exclusive,Servicios,Seguridad,Notificación de alarma,,"https://ms-prd-nna.use.mediaserver.heliosnissan.net/iris/iris?vehicle=8_R53&resp=png&bkgnd=transparent&pov=E01&w=5781&h=5370&x=1719&y=1481&height=250&width=660&paint=YBK&fabric=G&brand=nisnna&sa=1_T,2_LJ,4_A,5_L,6_E,7_2,11_D,12_7,13_8,16_A,17_D,SHADOW_ON,PI_ON,PE_ON,2026&imwidth=3879"
CONNECT SERVICES,Pathfinder,2023,Exclusive,Servicios,Seguridad,Geocercas,,"https://ms-prd-nna.use.mediaserver.heliosnissan.net/iris/iris?vehicle=8_R53&resp=png&bkgnd=transparent&pov=E01&w=5781&h=5370&x=1719&y=1481&height=250&width=660&paint=YBK&fabric=G&brand=nisnna&sa=1_T,2_LJ,4_A,5_L,6_E,7_2,11_D,12_7,13_8,16_A,17_D,SHADOW_ON,PI_ON,PE_ON,2026&imwidth=3880"
CONNECT SERVICES,Pathfinder,2023,Exclusive,Servicios,Seguridad,Alerta de Valet,,"https://ms-prd-nna.use.mediaserver.heliosnissan.net/iris/iris?vehicle=8_R53&resp=png&bkgnd=transparent&pov=E01&w=5781&h=5370&x=1719&y=1481&height=250&width=660&paint=YBK&fabric=G&brand=nisnna&sa=1_T,2_LJ,4_A,5_L,6_E,7_2,11_D,12_7,13_8,16_A,17_D,SHADOW_ON,PI_ON,PE_ON,2026&imwidth=3881"
CONNECT SERVICES,Pathfinder,2023,Exclusive,Servicios,Seguridad,Alerta de velocidad,,"https://ms-prd-nna.use.mediaserver.heliosnissan.net/iris/iris?vehicle=8_R53&resp=png&bkgnd=transparent&pov=E01&w=5781&h=5370&x=1719&y=1481&height=250&width=660&paint=YBK&fabric=G&brand=nisnna&sa=1_T,2_LJ,4_A,5_L,6_E,7_2,11_D,12_7,13_8,16_A,17_D,SHADOW_ON,PI_ON,PE_ON,2026&imwidth=3882"
CONNECT SERVICES,Pathfinder,2023,Exclusive,Servicios,Seguridad,Alerta de movimiento programado,,"https://ms-prd-nna.use.mediaserver.heliosnissan.net/iris/iris?vehicle=8_R53&resp=png&bkgnd=transparent&pov=E01&w=5781&h=5370&x=1719&y=1481&height=250&width=660&paint=YBK&fabric=G&brand=nisnna&sa=1_T,2_LJ,4_A,5_L,6_E,7_2,11_D,12_7,13_8,16_A,17_D,SHADOW_ON,PI_ON,PE_ON,2026&imwidth=3883"
CONNECT SERVICES,Pathfinder,2023,Exclusive,Servicios,Seguridad,Asistencia de Vehículo Robado,,"https://ms-prd-nna.use.mediaserver.heliosnissan.net/iris/iris?vehicle=8_R53&resp=png&bkgnd=transparent&pov=E01&w=5781&h=5370&x=1719&y=1481&height=250&width=660&paint=YBK&fabric=G&brand=nisnna&sa=1_T,2_LJ,4_A,5_L,6_E,7_2,11_D,12_7,13_8,16_A,17_D,SHADOW_ON,PI_ON,PE_ON,2026&imwidth=3884"
CONNECT SERVICES,Pathfinder,2023,Exclusive,Servicios,Seguridad,Alerta de Arrastre,,"https://ms-prd-nna.use.mediaserver.heliosnissan.net/iris/iris?vehicle=8_R53&resp=png&bkgnd=transparent&pov=E01&w=5781&h=5370&x=1719&y=1481&height=250&width=660&paint=YBK&fabric=G&brand=nisnna&sa=1_T,2_LJ,4_A,5_L,6_E,7_2,11_D,12_7,13_8,16_A,17_D,SHADOW_ON,PI_ON,PE_ON,2026&imwidth=3885"
CONNECT SERVICES,Pathfinder,2023,Exclusive,Servicios,Conveniencia,Arranque/ Apagado remoto de motor,,"https://ms-prd-nna.use.mediaserver.heliosnissan.net/iris/iris?vehicle=8_R53&resp=png&bkgnd=transparent&pov=E01&w=5781&h=5370&x=1719&y=1481&height=250&width=660&paint=YBK&fabric=G&brand=nisnna&sa=1_T,2_LJ,4_A,5_L,6_E,7_2,11_D,12_7,13_8,16_A,17_D,SHADOW_ON,PI_ON,PE_ON,2026&imwidth=3886"
CONNECT SERVICES,Pathfinder,2023,Exclusive,Servicios,Conveniencia,Luces destelladas y bocina remoto,,"https://ms-prd-nna.use.mediaserver.heliosnissan.net/iris/iris?vehicle=8_R53&resp=png&bkgnd=transparent&pov=E01&w=5781&h=5370&x=1719&y=1481&height=250&width=660&paint=YBK&fabric=G&brand=nisnna&sa=1_T,2_LJ,4_A,5_L,6_E,7_2,11_D,12_7,13_8,16_A,17_D,SHADOW_ON,PI_ON,PE_ON,2026&imwidth=3887"
CONNECT SERVICES,Pathfinder,2023,Exclusive,Servicios,Conveniencia,Localizar mi vehículo,,"https://ms-prd-nna.use.mediaserver.heliosnissan.net/iris/iris?vehicle=8_R53&resp=png&bkgnd=transparent&pov=E01&w=5781&h=5370&x=1719&y=1481&height=250&width=660&paint=YBK&fabric=G&brand=nisnna&sa=1_T,2_LJ,4_A,5_L,6_E,7_2,11_D,12_7,13_8,16_A,17_D,SHADOW_ON,PI_ON,PE_ON,2026&imwidth=3888"
CONNECT SERVICES,Pathfinder,2023,Exclusive,Servicios,Conveniencia,Estado remoto de mi vehículo,,"https://ms-prd-nna.use.mediaserver.heliosnissan.net/iris/iris?vehicle=8_R53&resp=png&bkgnd=transparent&pov=E01&w=5781&h=5370&x=1719&y=1481&height=250&width=660&paint=YBK&fabric=G&brand=nisnna&sa=1_T,2_LJ,4_A,5_L,6_E,7_2,11_D,12_7,13_8,16_A,17_D,SHADOW_ON,PI_ON,PE_ON,2026&imwidth=3889"
CONNECT SERVICES,Pathfinder,2023,Exclusive,Servicios,Conveniencia,Borrado remoto de datos,,"https://ms-prd-nna.use.mediaserver.heliosnissan.net/iris/iris?vehicle=8_R53&resp=png&bkgnd=transparent&pov=E01&w=5781&h=5370&x=1719&y=1481&height=250&width=660&paint=YBK&fabric=G&brand=nisnna&sa=1_T,2_LJ,4_A,5_L,6_E,7_2,11_D,12_7,13_8,16_A,17_D,SHADOW_ON,PI_ON,PE_ON,2026&imwidth=3890"
CONNECT SERVICES,Pathfinder,2023,Exclusive,Servicios,Conveniencia,Nissan Concierge,,"https://ms-prd-nna.use.mediaserver.heliosnissan.net/iris/iris?vehicle=8_R53&resp=png&bkgnd=transparent&pov=E01&w=5781&h=5370&x=1719&y=1481&height=250&width=660&paint=YBK&fabric=G&brand=nisnna&sa=1_T,2_LJ,4_A,5_L,6_E,7_2,11_D,12_7,13_8,16_A,17_D,SHADOW_ON,PI_ON,PE_ON,2026&imwidth=3891"
CONNECT SERVICES,Pathfinder,2023,Exclusive,Servicios,Conveniencia,Envío de destino al vehículo*,,"https://ms-prd-nna.use.mediaserver.heliosnissan.net/iris/iris?vehicle=8_R53&resp=png&bkgnd=transparent&pov=E01&w=5781&h=5370&x=1719&y=1481&height=250&width=660&paint=YBK&fabric=G&brand=nisnna&sa=1_T,2_LJ,4_A,5_L,6_E,7_2,11_D,12_7,13_8,16_A,17_D,SHADOW_ON,PI_ON,PE_ON,2026&imwidth=3892"
CONNECT SERVICES,Pathfinder,2023,Exclusive,Servicios,Conveniencia,Asistente de destino*,,"https://ms-prd-nna.use.mediaserver.heliosnissan.net/iris/iris?vehicle=8_R53&resp=png&bkgnd=transparent&pov=E01&w=5781&h=5370&x=1719&y=1481&height=250&width=660&paint=YBK&fabric=G&brand=nisnna&sa=1_T,2_LJ,4_A,5_L,6_E,7_2,11_D,12_7,13_8,16_A,17_D,SHADOW_ON,PI_ON,PE_ON,2026&imwidth=3893"
CONNECT SERVICES,Pathfinder,2023,Exclusive,Servicios,Conveniencia,Navegación puerta a puerta*,,"https://ms-prd-nna.use.mediaserver.heliosnissan.net/iris/iris?vehicle=8_R53&resp=png&bkgnd=transparent&pov=E01&w=5781&h=5370&x=1719&y=1481&height=250&width=660&paint=YBK&fabric=G&brand=nisnna&sa=1_T,2_LJ,4_A,5_L,6_E,7_2,11_D,12_7,13_8,16_A,17_D,SHADOW_ON,PI_ON,PE_ON,2026&imwidth=3894"
CONNECT SERVICES,Pathfinder,2023,Exclusive,Servicios,Conveniencia,Planificador de viaje*,,"https://ms-prd-nna.use.mediaserver.heliosnissan.net/iris/iris?vehicle=8_R53&resp=png&bkgnd=transparent&pov=E01&w=5781&h=5370&x=1719&y=1481&height=250&width=660&paint=YBK&fabric=G&brand=nisnna&sa=1_T,2_LJ,4_A,5_L,6_E,7_2,11_D,12_7,13_8,16_A,17_D,SHADOW_ON,PI_ON,PE_ON,2026&imwidth=3895"
CONNECT SERVICES,Pathfinder,2023,Exclusive,Servicios,Conveniencia,Control de clima remoto,,"https://ms-prd-nna.use.mediaserver.heliosnissan.net/iris/iris?vehicle=8_R53&resp=png&bkgnd=transparent&pov=E01&w=5781&h=5370&x=1719&y=1481&height=250&width=660&paint=YBK&fabric=G&brand=nisnna&sa=1_T,2_LJ,4_A,5_L,6_E,7_2,11_D,12_7,13_8,16_A,17_D,SHADOW_ON,PI_ON,PE_ON,2026&imwidth=3896"
CONNECT SERVICES,Pathfinder,2023,Exclusive,Servicios,Premium,Paquetes de seguridad + Conveniencia + Select,,"https://ms-prd-nna.use.mediaserver.heliosnissan.net/iris/iris?vehicle=8_R53&resp=png&bkgnd=transparent&pov=E01&w=5781&h=5370&x=1719&y=1481&height=250&width=660&paint=YBK&fabric=G&brand=nisnna&sa=1_T,2_LJ,4_A,5_L,6_E,7_2,11_D,12_7,13_8,16_A,17_D,SHADOW_ON,PI_ON,PE_ON,2026&imwidth=3897"
CONNECT SERVICES,Pathfinder,2023,Exclusive,Manuales Y Guías,Manuales Y Guías,Manual Y Guía De Nissan Pathfinder 2021,,"https://ms-prd-nna.use.mediaserver.heliosnissan.net/iris/iris?vehicle=8_R53&resp=png&bkgnd=transparent&pov=E01&w=5781&h=5370&x=1719&y=1481&height=250&width=660&paint=YBK&fabric=G&brand=nisnna&sa=1_T,2_LJ,4_A,5_L,6_E,7_2,11_D,12_7,13_8,16_A,17_D,SHADOW_ON,PI_ON,PE_ON,2026&imwidth=3854"
CONNECT SERVICES,Pathfinder,2023,Exclusive,Manuales Y Guías,Rescue Sheet,Rescue Sheet De Nissan Pathfinder 2021,,"https://ms-prd-nna.use.mediaserver.heliosnissan.net/iris/iris?vehicle=8_R53&resp=png&bkgnd=transparent&pov=E01&w=5781&h=5370&x=1719&y=1481&height=250&width=660&paint=YBK&fabric=G&brand=nisnna&sa=1_T,2_LJ,4_A,5_L,6_E,7_2,11_D,12_7,13_8,16_A,17_D,SHADOW_ON,PI_ON,PE_ON,2026&imwidth=3855"
CONNECT SERVICES,Pathfinder,2023,Exclusive,Manuales Y Guías,Manuales De Navegación.,Manuales De Navegación De Nissan Pathfinder 2021,,"https://ms-prd-nna.use.mediaserver.heliosnissan.net/iris/iris?vehicle=8_R53&resp=png&bkgnd=transparent&pov=E01&w=5781&h=5370&x=1719&y=1481&height=250&width=660&paint=YBK&fabric=G&brand=nisnna&sa=1_T,2_LJ,4_A,5_L,6_E,7_2,11_D,12_7,13_8,16_A,17_D,SHADOW_ON,PI_ON,PE_ON,2026&imwidth=3856"
CONNECT SERVICES,Pathfinder,2023,Platinum 4WD,Servicios,Select,Bloqueo / desbloqueo remoto de puertas,,"https://ms-prd-nna.use.mediaserver.heliosnissan.net/iris/iris?vehicle=8_R53&resp=png&bkgnd=transparent&pov=E01&w=5781&h=5370&x=1719&y=1481&height=250&width=660&paint=YBK&fabric=G&brand=nisnna&sa=1_T,2_LJ,4_A,5_L,6_E,7_2,11_D,12_7,13_8,16_A,17_D,SHADOW_ON,PI_ON,PE_ON,2026&imwidth=3857"
CONNECT SERVICES,Pathfinder,2023,Platinum 4WD,Servicios,Select,Alerta de mantenimiento,,"https://ms-prd-nna.use.mediaserver.heliosnissan.net/iris/iris?vehicle=8_R53&resp=png&bkgnd=transparent&pov=E01&w=5781&h=5370&x=1719&y=1481&height=250&width=660&paint=YBK&fabric=G&brand=nisnna&sa=1_T,2_LJ,4_A,5_L,6_E,7_2,11_D,12_7,13_8,16_A,17_D,SHADOW_ON,PI_ON,PE_ON,2026&imwidth=3858"
CONNECT SERVICES,Pathfinder,2023,Platinum 4WD,Servicios,Select,Notificación Mantenimiento Preventivo,,"https://ms-prd-nna.use.mediaserver.heliosnissan.net/iris/iris?vehicle=8_R53&resp=png&bkgnd=transparent&pov=E01&w=5781&h=5370&x=1719&y=1481&height=250&width=660&paint=YBK&fabric=G&brand=nisnna&sa=1_T,2_LJ,4_A,5_L,6_E,7_2,11_D,12_7,13_8,16_A,17_D,SHADOW_ON,PI_ON,PE_ON,2026&imwidth=3859"
CONNECT SERVICES,Pathfinder,2023,Platinum 4WD,Servicios,Select,Mensaje enviado al vehículo,,"https://ms-prd-nna.use.mediaserver.heliosnissan.net/iris/iris?vehicle=8_R53&resp=png&bkgnd=transparent&pov=E01&w=5781&h=5370&x=1719&y=1481&height=250&width=660&paint=YBK&fabric=G&brand=nisnna&sa=1_T,2_LJ,4_A,5_L,6_E,7_2,11_D,12_7,13_8,16_A,17_D,SHADOW_ON,PI_ON,PE_ON,2026&imwidth=3860"
CONNECT SERVICES,Pathfinder,2023,Platinum 4WD,Servicios,Select,Actualizaciones Over-The-Air,,"https://ms-prd-nna.use.mediaserver.heliosnissan.net/iris/iris?vehicle=8_R53&resp=png&bkgnd=transparent&pov=E01&w=5781&h=5370&x=1719&y=1481&height=250&width=660&paint=YBK&fabric=G&brand=nisnna&sa=1_T,2_LJ,4_A,5_L,6_E,7_2,11_D,12_7,13_8,16_A,17_D,SHADOW_ON,PI_ON,PE_ON,2026&imwidth=3861"
CONNECT SERVICES,Pathfinder,2023,Platinum 4WD,Servicios,Select,Llamada de asistencia desde APP,,"https://ms-prd-nna.use.mediaserver.heliosnissan.net/iris/iris?vehicle=8_R53&resp=png&bkgnd=transparent&pov=E01&w=5781&h=5370&x=1719&y=1481&height=250&width=660&paint=YBK&fabric=G&brand=nisnna&sa=1_T,2_LJ,4_A,5_L,6_E,7_2,11_D,12_7,13_8,16_A,17_D,SHADOW_ON,PI_ON,PE_ON,2026&imwidth=3862"
CONNECT SERVICES,Pathfinder,2023,Platinum 4WD,Servicios,Select,Vista Mapa*,,"https://ms-prd-nna.use.mediaserver.heliosnissan.net/iris/iris?vehicle=8_R53&resp=png&bkgnd=transparent&pov=E01&w=5781&h=5370&x=1719&y=1481&height=250&width=660&paint=YBK&fabric=G&brand=nisnna&sa=1_T,2_LJ,4_A,5_L,6_E,7_2,11_D,12_7,13_8,16_A,17_D,SHADOW_ON,PI_ON,PE_ON,2026&imwidth=3863"
CONNECT SERVICES,Pathfinder,2023,Platinum 4WD,Servicios,Select,Vista Satélite*,,"https://ms-prd-nna.use.mediaserver.heliosnissan.net/iris/iris?vehicle=8_R53&resp=png&bkgnd=transparent&pov=E01&w=5781&h=5370&x=1719&y=1481&height=250&width=660&paint=YBK&fabric=G&brand=nisnna&sa=1_T,2_LJ,4_A,5_L,6_E,7_2,11_D,12_7,13_8,16_A,17_D,SHADOW_ON,PI_ON,PE_ON,2026&imwidth=3864"
CONNECT SERVICES,Pathfinder,2023,Platinum 4WD,Servicios,Select,Destinos by google*,,"https://ms-prd-nna.use.mediaserver.heliosnissan.net/iris/iris?vehicle=8_R53&resp=png&bkgnd=transparent&pov=E01&w=5781&h=5370&x=1719&y=1481&height=250&width=660&paint=YBK&fabric=G&brand=nisnna&sa=1_T,2_LJ,4_A,5_L,6_E,7_2,11_D,12_7,13_8,16_A,17_D,SHADOW_ON,PI_ON,PE_ON,2026&imwidth=3865"
CONNECT SERVICES,Pathfinder,2023,Platinum 4WD,Servicios,Select,Búsqueda Conectada*,,"https://ms-prd-nna.use.mediaserver.heliosnissan.net/iris/iris?vehicle=8_R53&resp=png&bkgnd=transparent&pov=E01&w=5781&h=5370&x=1719&y=1481&height=250&width=660&paint=YBK&fabric=G&brand=nisnna&sa=1_T,2_LJ,4_A,5_L,6_E,7_2,11_D,12_7,13_8,16_A,17_D,SHADOW_ON,PI_ON,PE_ON,2026&imwidth=3866"
CONNECT SERVICES,Pathfinder,2023,Platinum 4WD,Servicios,Select,Actualización de mapas Over-The-Air*,,"https://ms-prd-nna.use.mediaserver.heliosnissan.net/iris/iris?vehicle=8_R53&resp=png&bkgnd=transparent&pov=E01&w=5781&h=5370&x=1719&y=1481&height=250&width=660&paint=YBK&fabric=G&brand=nisnna&sa=1_T,2_LJ,4_A,5_L,6_E,7_2,11_D,12_7,13_8,16_A,17_D,SHADOW_ON,PI_ON,PE_ON,2026&imwidth=3867"
CONNECT SERVICES,Pathfinder,2023,Platinum 4WD,Servicios,Select,Premium Traffic*,,"https://ms-prd-nna.use.mediaserver.heliosnissan.net/iris/iris?vehicle=8_R53&resp=png&bkgnd=transparent&pov=E01&w=5781&h=5370&x=1719&y=1481&height=250&width=660&paint=YBK&fabric=G&brand=nisnna&sa=1_T,2_LJ,4_A,5_L,6_E,7_2,11_D,12_7,13_8,16_A,17_D,SHADOW_ON,PI_ON,PE_ON,2026&imwidth=3868"
CONNECT SERVICES,Pathfinder,2023,Platinum 4WD,Servicios,Select,TomTom Weather*,,"https://ms-prd-nna.use.mediaserver.heliosnissan.net/iris/iris?vehicle=8_R53&resp=png&bkgnd=transparent&pov=E01&w=5781&h=5370&x=1719&y=1481&height=250&width=660&paint=YBK&fabric=G&brand=nisnna&sa=1_T,2_LJ,4_A,5_L,6_E,7_2,11_D,12_7,13_8,16_A,17_D,SHADOW_ON,PI_ON,PE_ON,2026&imwidth=3869"
CONNECT SERVICES,Pathfinder,2023,Platinum 4WD,Servicios,Select,Conductor adicional,,"https://ms-prd-nna.use.mediaserver.heliosnissan.net/iris/iris?vehicle=8_R53&resp=png&bkgnd=transparent&pov=E01&w=5781&h=5370&x=1719&y=1481&height=250&width=660&paint=YBK&fabric=G&brand=nisnna&sa=1_T,2_LJ,4_A,5_L,6_E,7_2,11_D,12_7,13_8,16_A,17_D,SHADOW_ON,PI_ON,PE_ON,2026&imwidth=3870"
CONNECT SERVICES,Pathfinder,2023,Platinum 4WD,Servicios,Select,Asistente de Google,,"https://ms-prd-nna.use.mediaserver.heliosnissan.net/iris/iris?vehicle=8_R53&resp=png&bkgnd=transparent&pov=E01&w=5781&h=5370&x=1719&y=1481&height=250&width=660&paint=YBK&fabric=G&brand=nisnna&sa=1_T,2_LJ,4_A,5_L,6_E,7_2,11_D,12_7,13_8,16_A,17_D,SHADOW_ON,PI_ON,PE_ON,2026&imwidth=3871"
CONNECT SERVICES,Pathfinder,2023,Platinum 4WD,Servicios,Select,Google Play,,"https://ms-prd-nna.use.mediaserver.heliosnissan.net/iris/iris?vehicle=8_R53&resp=png&bkgnd=transparent&pov=E01&w=5781&h=5370&x=1719&y=1481&height=250&width=660&paint=YBK&fabric=G&brand=nisnna&sa=1_T,2_LJ,4_A,5_L,6_E,7_2,11_D,12_7,13_8,16_A,17_D,SHADOW_ON,PI_ON,PE_ON,2026&imwidth=3872"
CONNECT SERVICES,Pathfinder,2023,Platinum 4WD,Servicios,Select,Google Maps,,"https://ms-prd-nna.use.mediaserver.heliosnissan.net/iris/iris?vehicle=8_R53&resp=png&bkgnd=transparent&pov=E01&w=5781&h=5370&x=1719&y=1481&height=250&width=660&paint=YBK&fabric=G&brand=nisnna&sa=1_T,2_LJ,4_A,5_L,6_E,7_2,11_D,12_7,13_8,16_A,17_D,SHADOW_ON,PI_ON,PE_ON,2026&imwidth=3873"
CONNECT SERVICES,Pathfinder,2023,Platinum 4WD,Servicios,Select,Recordatorio de bloqueo,,"https://ms-prd-nna.use.mediaserver.heliosnissan.net/iris/iris?vehicle=8_R53&resp=png&bkgnd=transparent&pov=E01&w=5781&h=5370&x=1719&y=1481&height=250&width=660&paint=YBK&fabric=G&brand=nisnna&sa=1_T,2_LJ,4_A,5_L,6_E,7_2,11_D,12_7,13_8,16_A,17_D,SHADOW_ON,PI_ON,PE_ON,2026&imwidth=3874"
CONNECT SERVICES,Pathfinder,2023,Platinum 4WD,Servicios,Select,Radio híbrido,,"https://ms-prd-nna.use.mediaserver.heliosnissan.net/iris/iris?vehicle=8_R53&resp=png&bkgnd=transparent&pov=E01&w=5781&h=5370&x=1719&y=1481&height=250&width=660&paint=YBK&fabric=G&brand=nisnna&sa=1_T,2_LJ,4_A,5_L,6_E,7_2,11_D,12_7,13_8,16_A,17_D,SHADOW_ON,PI_ON,PE_ON,2026&imwidth=3875"
CONNECT SERVICES,Pathfinder,2023,Platinum 4WD,Servicios,Seguridad,Notificación automática de colisión (ACN),,"https://ms-prd-nna.use.mediaserver.heliosnissan.net/iris/iris?vehicle=8_R53&resp=png&bkgnd=transparent&pov=E01&w=5781&h=5370&x=1719&y=1481&height=250&width=660&paint=YBK&fabric=G&brand=nisnna&sa=1_T,2_LJ,4_A,5_L,6_E,7_2,11_D,12_7,13_8,16_A,17_D,SHADOW_ON,PI_ON,PE_ON,2026&imwidth=3876"
CONNECT SERVICES,Pathfinder,2023,Platinum 4WD,Servicios,Seguridad,Llamada de emergencia,,"https://ms-prd-nna.use.mediaserver.heliosnissan.net/iris/iris?vehicle=8_R53&resp=png&bkgnd=transparent&pov=E01&w=5781&h=5370&x=1719&y=1481&height=250&width=660&paint=YBK&fabric=G&brand=nisnna&sa=1_T,2_LJ,4_A,5_L,6_E,7_2,11_D,12_7,13_8,16_A,17_D,SHADOW_ON,PI_ON,PE_ON,2026&imwidth=3877"
CONNECT SERVICES,Pathfinder,2023,Platinum 4WD,Servicios,Seguridad,Conexión con asistencia vial,,"https://ms-prd-nna.use.mediaserver.heliosnissan.net/iris/iris?vehicle=8_R53&resp=png&bkgnd=transparent&pov=E01&w=5781&h=5370&x=1719&y=1481&height=250&width=660&paint=YBK&fabric=G&brand=nisnna&sa=1_T,2_LJ,4_A,5_L,6_E,7_2,11_D,12_7,13_8,16_A,17_D,SHADOW_ON,PI_ON,PE_ON,2026&imwidth=3878"
CONNECT SERVICES,Pathfinder,2023,Platinum 4WD,Servicios,Seguridad,Notificación de alarma,,"https://ms-prd-nna.use.mediaserver.heliosnissan.net/iris/iris?vehicle=8_R53&resp=png&bkgnd=transparent&pov=E01&w=5781&h=5370&x=1719&y=1481&height=250&width=660&paint=YBK&fabric=G&brand=nisnna&sa=1_T,2_LJ,4_A,5_L,6_E,7_2,11_D,12_7,13_8,16_A,17_D,SHADOW_ON,PI_ON,PE_ON,2026&imwidth=3879"
CONNECT SERVICES,Pathfinder,2023,Platinum 4WD,Servicios,Seguridad,Geocercas,,"https://ms-prd-nna.use.mediaserver.heliosnissan.net/iris/iris?vehicle=8_R53&resp=png&bkgnd=transparent&pov=E01&w=5781&h=5370&x=1719&y=1481&height=250&width=660&paint=YBK&fabric=G&brand=nisnna&sa=1_T,2_LJ,4_A,5_L,6_E,7_2,11_D,12_7,13_8,16_A,17_D,SHADOW_ON,PI_ON,PE_ON,2026&imwidth=3880"
CONNECT SERVICES,Pathfinder,2023,Platinum 4WD,Servicios,Seguridad,Alerta de Valet,,"https://ms-prd-nna.use.mediaserver.heliosnissan.net/iris/iris?vehicle=8_R53&resp=png&bkgnd=transparent&pov=E01&w=5781&h=5370&x=1719&y=1481&height=250&width=660&paint=YBK&fabric=G&brand=nisnna&sa=1_T,2_LJ,4_A,5_L,6_E,7_2,11_D,12_7,13_8,16_A,17_D,SHADOW_ON,PI_ON,PE_ON,2026&imwidth=3881"
CONNECT SERVICES,Pathfinder,2023,Platinum 4WD,Servicios,Seguridad,Alerta de velocidad,,"https://ms-prd-nna.use.mediaserver.heliosnissan.net/iris/iris?vehicle=8_R53&resp=png&bkgnd=transparent&pov=E01&w=5781&h=5370&x=1719&y=1481&height=250&width=660&paint=YBK&fabric=G&brand=nisnna&sa=1_T,2_LJ,4_A,5_L,6_E,7_2,11_D,12_7,13_8,16_A,17_D,SHADOW_ON,PI_ON,PE_ON,2026&imwidth=3882"
CONNECT SERVICES,Pathfinder,2023,Platinum 4WD,Servicios,Seguridad,Alerta de movimiento programado,,"https://ms-prd-nna.use.mediaserver.heliosnissan.net/iris/iris?vehicle=8_R53&resp=png&bkgnd=transparent&pov=E01&w=5781&h=5370&x=1719&y=1481&height=250&width=660&paint=YBK&fabric=G&brand=nisnna&sa=1_T,2_LJ,4_A,5_L,6_E,7_2,11_D,12_7,13_8,16_A,17_D,SHADOW_ON,PI_ON,PE_ON,2026&imwidth=3883"
CONNECT SERVICES,Pathfinder,2023,Platinum 4WD,Servicios,Seguridad,Asistencia de Vehículo Robado,,"https://ms-prd-nna.use.mediaserver.heliosnissan.net/iris/iris?vehicle=8_R53&resp=png&bkgnd=transparent&pov=E01&w=5781&h=5370&x=1719&y=1481&height=250&width=660&paint=YBK&fabric=G&brand=nisnna&sa=1_T,2_LJ,4_A,5_L,6_E,7_2,11_D,12_7,13_8,16_A,17_D,SHADOW_ON,PI_ON,PE_ON,2026&imwidth=3884"
CONNECT SERVICES,Pathfinder,2023,Platinum 4WD,Servicios,Seguridad,Alerta de Arrastre,,"https://ms-prd-nna.use.mediaserver.heliosnissan.net/iris/iris?vehicle=8_R53&resp=png&bkgnd=transparent&pov=E01&w=5781&h=5370&x=1719&y=1481&height=250&width=660&paint=YBK&fabric=G&brand=nisnna&sa=1_T,2_LJ,4_A,5_L,6_E,7_2,11_D,12_7,13_8,16_A,17_D,SHADOW_ON,PI_ON,PE_ON,2026&imwidth=3885"
CONNECT SERVICES,Pathfinder,2023,Platinum 4WD,Servicios,Conveniencia,Arranque/ Apagado remoto de motor,,"https://ms-prd-nna.use.mediaserver.heliosnissan.net/iris/iris?vehicle=8_R53&resp=png&bkgnd=transparent&pov=E01&w=5781&h=5370&x=1719&y=1481&height=250&width=660&paint=YBK&fabric=G&brand=nisnna&sa=1_T,2_LJ,4_A,5_L,6_E,7_2,11_D,12_7,13_8,16_A,17_D,SHADOW_ON,PI_ON,PE_ON,2026&imwidth=3886"
CONNECT SERVICES,Pathfinder,2023,Platinum 4WD,Servicios,Conveniencia,Luces destelladas y bocina remoto,,"https://ms-prd-nna.use.mediaserver.heliosnissan.net/iris/iris?vehicle=8_R53&resp=png&bkgnd=transparent&pov=E01&w=5781&h=5370&x=1719&y=1481&height=250&width=660&paint=YBK&fabric=G&brand=nisnna&sa=1_T,2_LJ,4_A,5_L,6_E,7_2,11_D,12_7,13_8,16_A,17_D,SHADOW_ON,PI_ON,PE_ON,2026&imwidth=3887"
CONNECT SERVICES,Pathfinder,2023,Platinum 4WD,Servicios,Conveniencia,Localizar mi vehículo,,"https://ms-prd-nna.use.mediaserver.heliosnissan.net/iris/iris?vehicle=8_R53&resp=png&bkgnd=transparent&pov=E01&w=5781&h=5370&x=1719&y=1481&height=250&width=660&paint=YBK&fabric=G&brand=nisnna&sa=1_T,2_LJ,4_A,5_L,6_E,7_2,11_D,12_7,13_8,16_A,17_D,SHADOW_ON,PI_ON,PE_ON,2026&imwidth=3888"
CONNECT SERVICES,Pathfinder,2023,Platinum 4WD,Servicios,Conveniencia,Estado remoto de mi vehículo,,"https://ms-prd-nna.use.mediaserver.heliosnissan.net/iris/iris?vehicle=8_R53&resp=png&bkgnd=transparent&pov=E01&w=5781&h=5370&x=1719&y=1481&height=250&width=660&paint=YBK&fabric=G&brand=nisnna&sa=1_T,2_LJ,4_A,5_L,6_E,7_2,11_D,12_7,13_8,16_A,17_D,SHADOW_ON,PI_ON,PE_ON,2026&imwidth=3889"
CONNECT SERVICES,Pathfinder,2023,Platinum 4WD,Servicios,Conveniencia,Borrado remoto de datos,,"https://ms-prd-nna.use.mediaserver.heliosnissan.net/iris/iris?vehicle=8_R53&resp=png&bkgnd=transparent&pov=E01&w=5781&h=5370&x=1719&y=1481&height=250&width=660&paint=YBK&fabric=G&brand=nisnna&sa=1_T,2_LJ,4_A,5_L,6_E,7_2,11_D,12_7,13_8,16_A,17_D,SHADOW_ON,PI_ON,PE_ON,2026&imwidth=3890"
CONNECT SERVICES,Pathfinder,2023,Platinum 4WD,Servicios,Conveniencia,Nissan Concierge,,"https://ms-prd-nna.use.mediaserver.heliosnissan.net/iris/iris?vehicle=8_R53&resp=png&bkgnd=transparent&pov=E01&w=5781&h=5370&x=1719&y=1481&height=250&width=660&paint=YBK&fabric=G&brand=nisnna&sa=1_T,2_LJ,4_A,5_L,6_E,7_2,11_D,12_7,13_8,16_A,17_D,SHADOW_ON,PI_ON,PE_ON,2026&imwidth=3891"
CONNECT SERVICES,Pathfinder,2023,Platinum 4WD,Servicios,Conveniencia,Envío de destino al vehículo*,,"https://ms-prd-nna.use.mediaserver.heliosnissan.net/iris/iris?vehicle=8_R53&resp=png&bkgnd=transparent&pov=E01&w=5781&h=5370&x=1719&y=1481&height=250&width=660&paint=YBK&fabric=G&brand=nisnna&sa=1_T,2_LJ,4_A,5_L,6_E,7_2,11_D,12_7,13_8,16_A,17_D,SHADOW_ON,PI_ON,PE_ON,2026&imwidth=3892"
CONNECT SERVICES,Pathfinder,2023,Platinum 4WD,Servicios,Conveniencia,Asistente de destino*,,"https://ms-prd-nna.use.mediaserver.heliosnissan.net/iris/iris?vehicle=8_R53&resp=png&bkgnd=transparent&pov=E01&w=5781&h=5370&x=1719&y=1481&height=250&width=660&paint=YBK&fabric=G&brand=nisnna&sa=1_T,2_LJ,4_A,5_L,6_E,7_2,11_D,12_7,13_8,16_A,17_D,SHADOW_ON,PI_ON,PE_ON,2026&imwidth=3893"
CONNECT SERVICES,Pathfinder,2023,Platinum 4WD,Servicios,Conveniencia,Navegación puerta a puerta*,,"https://ms-prd-nna.use.mediaserver.heliosnissan.net/iris/iris?vehicle=8_R53&resp=png&bkgnd=transparent&pov=E01&w=5781&h=5370&x=1719&y=1481&height=250&width=660&paint=YBK&fabric=G&brand=nisnna&sa=1_T,2_LJ,4_A,5_L,6_E,7_2,11_D,12_7,13_8,16_A,17_D,SHADOW_ON,PI_ON,PE_ON,2026&imwidth=3894"
CONNECT SERVICES,Pathfinder,2023,Platinum 4WD,Servicios,Conveniencia,Planificador de viaje*,,"https://ms-prd-nna.use.mediaserver.heliosnissan.net/iris/iris?vehicle=8_R53&resp=png&bkgnd=transparent&pov=E01&w=5781&h=5370&x=1719&y=1481&height=250&width=660&paint=YBK&fabric=G&brand=nisnna&sa=1_T,2_LJ,4_A,5_L,6_E,7_2,11_D,12_7,13_8,16_A,17_D,SHADOW_ON,PI_ON,PE_ON,2026&imwidth=3895"
CONNECT SERVICES,Pathfinder,2023,Platinum 4WD,Servicios,Conveniencia,Control de clima remoto,,"https://ms-prd-nna.use.mediaserver.heliosnissan.net/iris/iris?vehicle=8_R53&resp=png&bkgnd=transparent&pov=E01&w=5781&h=5370&x=1719&y=1481&height=250&width=660&paint=YBK&fabric=G&brand=nisnna&sa=1_T,2_LJ,4_A,5_L,6_E,7_2,11_D,12_7,13_8,16_A,17_D,SHADOW_ON,PI_ON,PE_ON,2026&imwidth=3896"
CONNECT SERVICES,Pathfinder,2023,Platinum 4WD,Servicios,Premium,Paquetes de seguridad + Conveniencia + Select,,"https://ms-prd-nna.use.mediaserver.heliosnissan.net/iris/iris?vehicle=8_R53&resp=png&bkgnd=transparent&pov=E01&w=5781&h=5370&x=1719&y=1481&height=250&width=660&paint=YBK&fabric=G&brand=nisnna&sa=1_T,2_LJ,4_A,5_L,6_E,7_2,11_D,12_7,13_8,16_A,17_D,SHADOW_ON,PI_ON,PE_ON,2026&imwidth=3897"
CONNECT SERVICES,Pathfinder,2023,Platinum 4WD,Manuales Y Guías,Manuales Y Guías,Manual Y Guía De Nissan Pathfinder 2021,,"https://ms-prd-nna.use.mediaserver.heliosnissan.net/iris/iris?vehicle=8_R53&resp=png&bkgnd=transparent&pov=E01&w=5781&h=5370&x=1719&y=1481&height=250&width=660&paint=YBK&fabric=G&brand=nisnna&sa=1_T,2_LJ,4_A,5_L,6_E,7_2,11_D,12_7,13_8,16_A,17_D,SHADOW_ON,PI_ON,PE_ON,2026&imwidth=3854"
CONNECT SERVICES,Pathfinder,2023,Platinum 4WD,Manuales Y Guías,Rescue Sheet,Rescue Sheet De Nissan Pathfinder 2021,,"https://ms-prd-nna.use.mediaserver.heliosnissan.net/iris/iris?vehicle=8_R53&resp=png&bkgnd=transparent&pov=E01&w=5781&h=5370&x=1719&y=1481&height=250&width=660&paint=YBK&fabric=G&brand=nisnna&sa=1_T,2_LJ,4_A,5_L,6_E,7_2,11_D,12_7,13_8,16_A,17_D,SHADOW_ON,PI_ON,PE_ON,2026&imwidth=3855"
CONNECT SERVICES,Pathfinder,2023,Platinum 4WD,Manuales Y Guías,Manuales De Navegación.,Manuales De Navegación De Nissan Pathfinder 2021,,"https://ms-prd-nna.use.mediaserver.heliosnissan.net/iris/iris?vehicle=8_R53&resp=png&bkgnd=transparent&pov=E01&w=5781&h=5370&x=1719&y=1481&height=250&width=660&paint=YBK&fabric=G&brand=nisnna&sa=1_T,2_LJ,4_A,5_L,6_E,7_2,11_D,12_7,13_8,16_A,17_D,SHADOW_ON,PI_ON,PE_ON,2026&imwidth=3856"
CONNECT SERVICES,Pathfinder,2024,Exclusive,Servicios,Select,Bloqueo / desbloqueo remoto de puertas,,"https://ms-prd-nna.use.mediaserver.heliosnissan.net/iris/iris?vehicle=8_R53&resp=png&bkgnd=transparent&pov=E01&w=5781&h=5370&x=1719&y=1481&height=250&width=660&paint=YBK&fabric=G&brand=nisnna&sa=1_T,2_LJ,4_A,5_L,6_E,7_2,11_D,12_7,13_8,16_A,17_D,SHADOW_ON,PI_ON,PE_ON,2026&imwidth=3857"
CONNECT SERVICES,Pathfinder,2024,Exclusive,Servicios,Select,Alerta de mantenimiento,,"https://ms-prd-nna.use.mediaserver.heliosnissan.net/iris/iris?vehicle=8_R53&resp=png&bkgnd=transparent&pov=E01&w=5781&h=5370&x=1719&y=1481&height=250&width=660&paint=YBK&fabric=G&brand=nisnna&sa=1_T,2_LJ,4_A,5_L,6_E,7_2,11_D,12_7,13_8,16_A,17_D,SHADOW_ON,PI_ON,PE_ON,2026&imwidth=3858"
CONNECT SERVICES,Pathfinder,2024,Exclusive,Servicios,Select,Notificación Mantenimiento Preventivo,,"https://ms-prd-nna.use.mediaserver.heliosnissan.net/iris/iris?vehicle=8_R53&resp=png&bkgnd=transparent&pov=E01&w=5781&h=5370&x=1719&y=1481&height=250&width=660&paint=YBK&fabric=G&brand=nisnna&sa=1_T,2_LJ,4_A,5_L,6_E,7_2,11_D,12_7,13_8,16_A,17_D,SHADOW_ON,PI_ON,PE_ON,2026&imwidth=3859"
CONNECT SERVICES,Pathfinder,2024,Exclusive,Servicios,Select,Mensaje enviado al vehículo,,"https://ms-prd-nna.use.mediaserver.heliosnissan.net/iris/iris?vehicle=8_R53&resp=png&bkgnd=transparent&pov=E01&w=5781&h=5370&x=1719&y=1481&height=250&width=660&paint=YBK&fabric=G&brand=nisnna&sa=1_T,2_LJ,4_A,5_L,6_E,7_2,11_D,12_7,13_8,16_A,17_D,SHADOW_ON,PI_ON,PE_ON,2026&imwidth=3860"
CONNECT SERVICES,Pathfinder,2024,Exclusive,Servicios,Select,Actualizaciones Over-The-Air,,"https://ms-prd-nna.use.mediaserver.heliosnissan.net/iris/iris?vehicle=8_R53&resp=png&bkgnd=transparent&pov=E01&w=5781&h=5370&x=1719&y=1481&height=250&width=660&paint=YBK&fabric=G&brand=nisnna&sa=1_T,2_LJ,4_A,5_L,6_E,7_2,11_D,12_7,13_8,16_A,17_D,SHADOW_ON,PI_ON,PE_ON,2026&imwidth=3861"
CONNECT SERVICES,Pathfinder,2024,Exclusive,Servicios,Select,Llamada de asistencia desde APP,,"https://ms-prd-nna.use.mediaserver.heliosnissan.net/iris/iris?vehicle=8_R53&resp=png&bkgnd=transparent&pov=E01&w=5781&h=5370&x=1719&y=1481&height=250&width=660&paint=YBK&fabric=G&brand=nisnna&sa=1_T,2_LJ,4_A,5_L,6_E,7_2,11_D,12_7,13_8,16_A,17_D,SHADOW_ON,PI_ON,PE_ON,2026&imwidth=3862"
CONNECT SERVICES,Pathfinder,2024,Exclusive,Servicios,Select,Vista Mapa*,,"https://ms-prd-nna.use.mediaserver.heliosnissan.net/iris/iris?vehicle=8_R53&resp=png&bkgnd=transparent&pov=E01&w=5781&h=5370&x=1719&y=1481&height=250&width=660&paint=YBK&fabric=G&brand=nisnna&sa=1_T,2_LJ,4_A,5_L,6_E,7_2,11_D,12_7,13_8,16_A,17_D,SHADOW_ON,PI_ON,PE_ON,2026&imwidth=3863"
CONNECT SERVICES,Pathfinder,2024,Exclusive,Servicios,Select,Vista Satélite*,,"https://ms-prd-nna.use.mediaserver.heliosnissan.net/iris/iris?vehicle=8_R53&resp=png&bkgnd=transparent&pov=E01&w=5781&h=5370&x=1719&y=1481&height=250&width=660&paint=YBK&fabric=G&brand=nisnna&sa=1_T,2_LJ,4_A,5_L,6_E,7_2,11_D,12_7,13_8,16_A,17_D,SHADOW_ON,PI_ON,PE_ON,2026&imwidth=3864"
CONNECT SERVICES,Pathfinder,2024,Exclusive,Servicios,Select,Destinos by google*,,"https://ms-prd-nna.use.mediaserver.heliosnissan.net/iris/iris?vehicle=8_R53&resp=png&bkgnd=transparent&pov=E01&w=5781&h=5370&x=1719&y=1481&height=250&width=660&paint=YBK&fabric=G&brand=nisnna&sa=1_T,2_LJ,4_A,5_L,6_E,7_2,11_D,12_7,13_8,16_A,17_D,SHADOW_ON,PI_ON,PE_ON,2026&imwidth=3865"
CONNECT SERVICES,Pathfinder,2024,Exclusive,Servicios,Select,Búsqueda Conectada*,,"https://ms-prd-nna.use.mediaserver.heliosnissan.net/iris/iris?vehicle=8_R53&resp=png&bkgnd=transparent&pov=E01&w=5781&h=5370&x=1719&y=1481&height=250&width=660&paint=YBK&fabric=G&brand=nisnna&sa=1_T,2_LJ,4_A,5_L,6_E,7_2,11_D,12_7,13_8,16_A,17_D,SHADOW_ON,PI_ON,PE_ON,2026&imwidth=3866"
CONNECT SERVICES,Pathfinder,2024,Exclusive,Servicios,Select,Actualización de mapas Over-The-Air*,,"https://ms-prd-nna.use.mediaserver.heliosnissan.net/iris/iris?vehicle=8_R53&resp=png&bkgnd=transparent&pov=E01&w=5781&h=5370&x=1719&y=1481&height=250&width=660&paint=YBK&fabric=G&brand=nisnna&sa=1_T,2_LJ,4_A,5_L,6_E,7_2,11_D,12_7,13_8,16_A,17_D,SHADOW_ON,PI_ON,PE_ON,2026&imwidth=3867"
CONNECT SERVICES,Pathfinder,2024,Exclusive,Servicios,Select,Premium Traffic*,,"https://ms-prd-nna.use.mediaserver.heliosnissan.net/iris/iris?vehicle=8_R53&resp=png&bkgnd=transparent&pov=E01&w=5781&h=5370&x=1719&y=1481&height=250&width=660&paint=YBK&fabric=G&brand=nisnna&sa=1_T,2_LJ,4_A,5_L,6_E,7_2,11_D,12_7,13_8,16_A,17_D,SHADOW_ON,PI_ON,PE_ON,2026&imwidth=3868"
CONNECT SERVICES,Pathfinder,2024,Exclusive,Servicios,Select,TomTom Weather*,,"https://ms-prd-nna.use.mediaserver.heliosnissan.net/iris/iris?vehicle=8_R53&resp=png&bkgnd=transparent&pov=E01&w=5781&h=5370&x=1719&y=1481&height=250&width=660&paint=YBK&fabric=G&brand=nisnna&sa=1_T,2_LJ,4_A,5_L,6_E,7_2,11_D,12_7,13_8,16_A,17_D,SHADOW_ON,PI_ON,PE_ON,2026&imwidth=3869"
CONNECT SERVICES,Pathfinder,2024,Exclusive,Servicios,Select,Conductor adicional,,"https://ms-prd-nna.use.mediaserver.heliosnissan.net/iris/iris?vehicle=8_R53&resp=png&bkgnd=transparent&pov=E01&w=5781&h=5370&x=1719&y=1481&height=250&width=660&paint=YBK&fabric=G&brand=nisnna&sa=1_T,2_LJ,4_A,5_L,6_E,7_2,11_D,12_7,13_8,16_A,17_D,SHADOW_ON,PI_ON,PE_ON,2026&imwidth=3870"
CONNECT SERVICES,Pathfinder,2024,Exclusive,Servicios,Select,Asistente de Google,,"https://ms-prd-nna.use.mediaserver.heliosnissan.net/iris/iris?vehicle=8_R53&resp=png&bkgnd=transparent&pov=E01&w=5781&h=5370&x=1719&y=1481&height=250&width=660&paint=YBK&fabric=G&brand=nisnna&sa=1_T,2_LJ,4_A,5_L,6_E,7_2,11_D,12_7,13_8,16_A,17_D,SHADOW_ON,PI_ON,PE_ON,2026&imwidth=3871"
CONNECT SERVICES,Pathfinder,2024,Exclusive,Servicios,Select,Google Play,,"https://ms-prd-nna.use.mediaserver.heliosnissan.net/iris/iris?vehicle=8_R53&resp=png&bkgnd=transparent&pov=E01&w=5781&h=5370&x=1719&y=1481&height=250&width=660&paint=YBK&fabric=G&brand=nisnna&sa=1_T,2_LJ,4_A,5_L,6_E,7_2,11_D,12_7,13_8,16_A,17_D,SHADOW_ON,PI_ON,PE_ON,2026&imwidth=3872"
CONNECT SERVICES,Pathfinder,2024,Exclusive,Servicios,Select,Google Maps,,"https://ms-prd-nna.use.mediaserver.heliosnissan.net/iris/iris?vehicle=8_R53&resp=png&bkgnd=transparent&pov=E01&w=5781&h=5370&x=1719&y=1481&height=250&width=660&paint=YBK&fabric=G&brand=nisnna&sa=1_T,2_LJ,4_A,5_L,6_E,7_2,11_D,12_7,13_8,16_A,17_D,SHADOW_ON,PI_ON,PE_ON,2026&imwidth=3873"
CONNECT SERVICES,Pathfinder,2024,Exclusive,Servicios,Select,Recordatorio de bloqueo,,"https://ms-prd-nna.use.mediaserver.heliosnissan.net/iris/iris?vehicle=8_R53&resp=png&bkgnd=transparent&pov=E01&w=5781&h=5370&x=1719&y=1481&height=250&width=660&paint=YBK&fabric=G&brand=nisnna&sa=1_T,2_LJ,4_A,5_L,6_E,7_2,11_D,12_7,13_8,16_A,17_D,SHADOW_ON,PI_ON,PE_ON,2026&imwidth=3874"
CONNECT SERVICES,Pathfinder,2024,Exclusive,Servicios,Select,Radio híbrido,,"https://ms-prd-nna.use.mediaserver.heliosnissan.net/iris/iris?vehicle=8_R53&resp=png&bkgnd=transparent&pov=E01&w=5781&h=5370&x=1719&y=1481&height=250&width=660&paint=YBK&fabric=G&brand=nisnna&sa=1_T,2_LJ,4_A,5_L,6_E,7_2,11_D,12_7,13_8,16_A,17_D,SHADOW_ON,PI_ON,PE_ON,2026&imwidth=3875"
CONNECT SERVICES,Pathfinder,2024,Exclusive,Servicios,Seguridad,Notificación automática de colisión (ACN),,"https://ms-prd-nna.use.mediaserver.heliosnissan.net/iris/iris?vehicle=8_R53&resp=png&bkgnd=transparent&pov=E01&w=5781&h=5370&x=1719&y=1481&height=250&width=660&paint=YBK&fabric=G&brand=nisnna&sa=1_T,2_LJ,4_A,5_L,6_E,7_2,11_D,12_7,13_8,16_A,17_D,SHADOW_ON,PI_ON,PE_ON,2026&imwidth=3876"
CONNECT SERVICES,Pathfinder,2024,Exclusive,Servicios,Seguridad,Llamada de emergencia,,"https://ms-prd-nna.use.mediaserver.heliosnissan.net/iris/iris?vehicle=8_R53&resp=png&bkgnd=transparent&pov=E01&w=5781&h=5370&x=1719&y=1481&height=250&width=660&paint=YBK&fabric=G&brand=nisnna&sa=1_T,2_LJ,4_A,5_L,6_E,7_2,11_D,12_7,13_8,16_A,17_D,SHADOW_ON,PI_ON,PE_ON,2026&imwidth=3877"
CONNECT SERVICES,Pathfinder,2024,Exclusive,Servicios,Seguridad,Conexión con asistencia vial,,"https://ms-prd-nna.use.mediaserver.heliosnissan.net/iris/iris?vehicle=8_R53&resp=png&bkgnd=transparent&pov=E01&w=5781&h=5370&x=1719&y=1481&height=250&width=660&paint=YBK&fabric=G&brand=nisnna&sa=1_T,2_LJ,4_A,5_L,6_E,7_2,11_D,12_7,13_8,16_A,17_D,SHADOW_ON,PI_ON,PE_ON,2026&imwidth=3878"
CONNECT SERVICES,Pathfinder,2024,Exclusive,Servicios,Seguridad,Notificación de alarma,,"https://ms-prd-nna.use.mediaserver.heliosnissan.net/iris/iris?vehicle=8_R53&resp=png&bkgnd=transparent&pov=E01&w=5781&h=5370&x=1719&y=1481&height=250&width=660&paint=YBK&fabric=G&brand=nisnna&sa=1_T,2_LJ,4_A,5_L,6_E,7_2,11_D,12_7,13_8,16_A,17_D,SHADOW_ON,PI_ON,PE_ON,2026&imwidth=3879"
CONNECT SERVICES,Pathfinder,2024,Exclusive,Servicios,Seguridad,Geocercas,,"https://ms-prd-nna.use.mediaserver.heliosnissan.net/iris/iris?vehicle=8_R53&resp=png&bkgnd=transparent&pov=E01&w=5781&h=5370&x=1719&y=1481&height=250&width=660&paint=YBK&fabric=G&brand=nisnna&sa=1_T,2_LJ,4_A,5_L,6_E,7_2,11_D,12_7,13_8,16_A,17_D,SHADOW_ON,PI_ON,PE_ON,2026&imwidth=3880"
CONNECT SERVICES,Pathfinder,2024,Exclusive,Servicios,Seguridad,Alerta de Valet,,"https://ms-prd-nna.use.mediaserver.heliosnissan.net/iris/iris?vehicle=8_R53&resp=png&bkgnd=transparent&pov=E01&w=5781&h=5370&x=1719&y=1481&height=250&width=660&paint=YBK&fabric=G&brand=nisnna&sa=1_T,2_LJ,4_A,5_L,6_E,7_2,11_D,12_7,13_8,16_A,17_D,SHADOW_ON,PI_ON,PE_ON,2026&imwidth=3881"
CONNECT SERVICES,Pathfinder,2024,Exclusive,Servicios,Seguridad,Alerta de velocidad,,"https://ms-prd-nna.use.mediaserver.heliosnissan.net/iris/iris?vehicle=8_R53&resp=png&bkgnd=transparent&pov=E01&w=5781&h=5370&x=1719&y=1481&height=250&width=660&paint=YBK&fabric=G&brand=nisnna&sa=1_T,2_LJ,4_A,5_L,6_E,7_2,11_D,12_7,13_8,16_A,17_D,SHADOW_ON,PI_ON,PE_ON,2026&imwidth=3882"
CONNECT SERVICES,Pathfinder,2024,Exclusive,Servicios,Seguridad,Alerta de movimiento programado,,"https://ms-prd-nna.use.mediaserver.heliosnissan.net/iris/iris?vehicle=8_R53&resp=png&bkgnd=transparent&pov=E01&w=5781&h=5370&x=1719&y=1481&height=250&width=660&paint=YBK&fabric=G&brand=nisnna&sa=1_T,2_LJ,4_A,5_L,6_E,7_2,11_D,12_7,13_8,16_A,17_D,SHADOW_ON,PI_ON,PE_ON,2026&imwidth=3883"
CONNECT SERVICES,Pathfinder,2024,Exclusive,Servicios,Seguridad,Asistencia de Vehículo Robado,,"https://ms-prd-nna.use.mediaserver.heliosnissan.net/iris/iris?vehicle=8_R53&resp=png&bkgnd=transparent&pov=E01&w=5781&h=5370&x=1719&y=1481&height=250&width=660&paint=YBK&fabric=G&brand=nisnna&sa=1_T,2_LJ,4_A,5_L,6_E,7_2,11_D,12_7,13_8,16_A,17_D,SHADOW_ON,PI_ON,PE_ON,2026&imwidth=3884"
CONNECT SERVICES,Pathfinder,2024,Exclusive,Servicios,Seguridad,Alerta de Arrastre,,"https://ms-prd-nna.use.mediaserver.heliosnissan.net/iris/iris?vehicle=8_R53&resp=png&bkgnd=transparent&pov=E01&w=5781&h=5370&x=1719&y=1481&height=250&width=660&paint=YBK&fabric=G&brand=nisnna&sa=1_T,2_LJ,4_A,5_L,6_E,7_2,11_D,12_7,13_8,16_A,17_D,SHADOW_ON,PI_ON,PE_ON,2026&imwidth=3885"
CONNECT SERVICES,Pathfinder,2024,Exclusive,Servicios,Conveniencia,Arranque/ Apagado remoto de motor,,"https://ms-prd-nna.use.mediaserver.heliosnissan.net/iris/iris?vehicle=8_R53&resp=png&bkgnd=transparent&pov=E01&w=5781&h=5370&x=1719&y=1481&height=250&width=660&paint=YBK&fabric=G&brand=nisnna&sa=1_T,2_LJ,4_A,5_L,6_E,7_2,11_D,12_7,13_8,16_A,17_D,SHADOW_ON,PI_ON,PE_ON,2026&imwidth=3886"
CONNECT SERVICES,Pathfinder,2024,Exclusive,Servicios,Conveniencia,Luces destelladas y bocina remoto,,"https://ms-prd-nna.use.mediaserver.heliosnissan.net/iris/iris?vehicle=8_R53&resp=png&bkgnd=transparent&pov=E01&w=5781&h=5370&x=1719&y=1481&height=250&width=660&paint=YBK&fabric=G&brand=nisnna&sa=1_T,2_LJ,4_A,5_L,6_E,7_2,11_D,12_7,13_8,16_A,17_D,SHADOW_ON,PI_ON,PE_ON,2026&imwidth=3887"
CONNECT SERVICES,Pathfinder,2024,Exclusive,Servicios,Conveniencia,Localizar mi vehículo,,"https://ms-prd-nna.use.mediaserver.heliosnissan.net/iris/iris?vehicle=8_R53&resp=png&bkgnd=transparent&pov=E01&w=5781&h=5370&x=1719&y=1481&height=250&width=660&paint=YBK&fabric=G&brand=nisnna&sa=1_T,2_LJ,4_A,5_L,6_E,7_2,11_D,12_7,13_8,16_A,17_D,SHADOW_ON,PI_ON,PE_ON,2026&imwidth=3888"
CONNECT SERVICES,Pathfinder,2024,Exclusive,Servicios,Conveniencia,Estado remoto de mi vehículo,,"https://ms-prd-nna.use.mediaserver.heliosnissan.net/iris/iris?vehicle=8_R53&resp=png&bkgnd=transparent&pov=E01&w=5781&h=5370&x=1719&y=1481&height=250&width=660&paint=YBK&fabric=G&brand=nisnna&sa=1_T,2_LJ,4_A,5_L,6_E,7_2,11_D,12_7,13_8,16_A,17_D,SHADOW_ON,PI_ON,PE_ON,2026&imwidth=3889"
CONNECT SERVICES,Pathfinder,2024,Exclusive,Servicios,Conveniencia,Borrado remoto de datos,,"https://ms-prd-nna.use.mediaserver.heliosnissan.net/iris/iris?vehicle=8_R53&resp=png&bkgnd=transparent&pov=E01&w=5781&h=5370&x=1719&y=1481&height=250&width=660&paint=YBK&fabric=G&brand=nisnna&sa=1_T,2_LJ,4_A,5_L,6_E,7_2,11_D,12_7,13_8,16_A,17_D,SHADOW_ON,PI_ON,PE_ON,2026&imwidth=3890"
CONNECT SERVICES,Pathfinder,2024,Exclusive,Servicios,Conveniencia,Nissan Concierge,,"https://ms-prd-nna.use.mediaserver.heliosnissan.net/iris/iris?vehicle=8_R53&resp=png&bkgnd=transparent&pov=E01&w=5781&h=5370&x=1719&y=1481&height=250&width=660&paint=YBK&fabric=G&brand=nisnna&sa=1_T,2_LJ,4_A,5_L,6_E,7_2,11_D,12_7,13_8,16_A,17_D,SHADOW_ON,PI_ON,PE_ON,2026&imwidth=3891"
CONNECT SERVICES,Pathfinder,2024,Exclusive,Servicios,Conveniencia,Envío de destino al vehículo*,,"https://ms-prd-nna.use.mediaserver.heliosnissan.net/iris/iris?vehicle=8_R53&resp=png&bkgnd=transparent&pov=E01&w=5781&h=5370&x=1719&y=1481&height=250&width=660&paint=YBK&fabric=G&brand=nisnna&sa=1_T,2_LJ,4_A,5_L,6_E,7_2,11_D,12_7,13_8,16_A,17_D,SHADOW_ON,PI_ON,PE_ON,2026&imwidth=3892"
CONNECT SERVICES,Pathfinder,2024,Exclusive,Servicios,Conveniencia,Asistente de destino*,,"https://ms-prd-nna.use.mediaserver.heliosnissan.net/iris/iris?vehicle=8_R53&resp=png&bkgnd=transparent&pov=E01&w=5781&h=5370&x=1719&y=1481&height=250&width=660&paint=YBK&fabric=G&brand=nisnna&sa=1_T,2_LJ,4_A,5_L,6_E,7_2,11_D,12_7,13_8,16_A,17_D,SHADOW_ON,PI_ON,PE_ON,2026&imwidth=3893"
CONNECT SERVICES,Pathfinder,2024,Exclusive,Servicios,Conveniencia,Navegación puerta a puerta*,,"https://ms-prd-nna.use.mediaserver.heliosnissan.net/iris/iris?vehicle=8_R53&resp=png&bkgnd=transparent&pov=E01&w=5781&h=5370&x=1719&y=1481&height=250&width=660&paint=YBK&fabric=G&brand=nisnna&sa=1_T,2_LJ,4_A,5_L,6_E,7_2,11_D,12_7,13_8,16_A,17_D,SHADOW_ON,PI_ON,PE_ON,2026&imwidth=3894"
CONNECT SERVICES,Pathfinder,2024,Exclusive,Servicios,Conveniencia,Planificador de viaje*,,"https://ms-prd-nna.use.mediaserver.heliosnissan.net/iris/iris?vehicle=8_R53&resp=png&bkgnd=transparent&pov=E01&w=5781&h=5370&x=1719&y=1481&height=250&width=660&paint=YBK&fabric=G&brand=nisnna&sa=1_T,2_LJ,4_A,5_L,6_E,7_2,11_D,12_7,13_8,16_A,17_D,SHADOW_ON,PI_ON,PE_ON,2026&imwidth=3895"
CONNECT SERVICES,Pathfinder,2024,Exclusive,Servicios,Conveniencia,Control de clima remoto,,"https://ms-prd-nna.use.mediaserver.heliosnissan.net/iris/iris?vehicle=8_R53&resp=png&bkgnd=transparent&pov=E01&w=5781&h=5370&x=1719&y=1481&height=250&width=660&paint=YBK&fabric=G&brand=nisnna&sa=1_T,2_LJ,4_A,5_L,6_E,7_2,11_D,12_7,13_8,16_A,17_D,SHADOW_ON,PI_ON,PE_ON,2026&imwidth=3896"
CONNECT SERVICES,Pathfinder,2024,Exclusive,Servicios,Premium,Paquetes de seguridad + Conveniencia + Select,,"https://ms-prd-nna.use.mediaserver.heliosnissan.net/iris/iris?vehicle=8_R53&resp=png&bkgnd=transparent&pov=E01&w=5781&h=5370&x=1719&y=1481&height=250&width=660&paint=YBK&fabric=G&brand=nisnna&sa=1_T,2_LJ,4_A,5_L,6_E,7_2,11_D,12_7,13_8,16_A,17_D,SHADOW_ON,PI_ON,PE_ON,2026&imwidth=3897"
CONNECT SERVICES,Pathfinder,2024,Exclusive,Manuales Y Guías,Manuales Y Guías,Manual Y Guía De Nissan Pathfinder 2021,,"https://ms-prd-nna.use.mediaserver.heliosnissan.net/iris/iris?vehicle=8_R53&resp=png&bkgnd=transparent&pov=E01&w=5781&h=5370&x=1719&y=1481&height=250&width=660&paint=YBK&fabric=G&brand=nisnna&sa=1_T,2_LJ,4_A,5_L,6_E,7_2,11_D,12_7,13_8,16_A,17_D,SHADOW_ON,PI_ON,PE_ON,2026&imwidth=3854"
CONNECT SERVICES,Pathfinder,2024,Exclusive,Manuales Y Guías,Rescue Sheet,Rescue Sheet De Nissan Pathfinder 2021,,"https://ms-prd-nna.use.mediaserver.heliosnissan.net/iris/iris?vehicle=8_R53&resp=png&bkgnd=transparent&pov=E01&w=5781&h=5370&x=1719&y=1481&height=250&width=660&paint=YBK&fabric=G&brand=nisnna&sa=1_T,2_LJ,4_A,5_L,6_E,7_2,11_D,12_7,13_8,16_A,17_D,SHADOW_ON,PI_ON,PE_ON,2026&imwidth=3855"
CONNECT SERVICES,Pathfinder,2024,Exclusive,Manuales Y Guías,Manuales De Navegación.,Manuales De Navegación De Nissan Pathfinder 2021,,"https://ms-prd-nna.use.mediaserver.heliosnissan.net/iris/iris?vehicle=8_R53&resp=png&bkgnd=transparent&pov=E01&w=5781&h=5370&x=1719&y=1481&height=250&width=660&paint=YBK&fabric=G&brand=nisnna&sa=1_T,2_LJ,4_A,5_L,6_E,7_2,11_D,12_7,13_8,16_A,17_D,SHADOW_ON,PI_ON,PE_ON,2026&imwidth=3856"
CONNECT SERVICES,Pathfinder,2024,Platinum 4WD,Servicios,Select,Bloqueo / desbloqueo remoto de puertas,,"https://ms-prd-nna.use.mediaserver.heliosnissan.net/iris/iris?vehicle=8_R53&resp=png&bkgnd=transparent&pov=E01&w=5781&h=5370&x=1719&y=1481&height=250&width=660&paint=YBK&fabric=G&brand=nisnna&sa=1_T,2_LJ,4_A,5_L,6_E,7_2,11_D,12_7,13_8,16_A,17_D,SHADOW_ON,PI_ON,PE_ON,2026&imwidth=3857"
CONNECT SERVICES,Pathfinder,2024,Platinum 4WD,Servicios,Select,Alerta de mantenimiento,,"https://ms-prd-nna.use.mediaserver.heliosnissan.net/iris/iris?vehicle=8_R53&resp=png&bkgnd=transparent&pov=E01&w=5781&h=5370&x=1719&y=1481&height=250&width=660&paint=YBK&fabric=G&brand=nisnna&sa=1_T,2_LJ,4_A,5_L,6_E,7_2,11_D,12_7,13_8,16_A,17_D,SHADOW_ON,PI_ON,PE_ON,2026&imwidth=3858"
CONNECT SERVICES,Pathfinder,2024,Platinum 4WD,Servicios,Select,Notificación Mantenimiento Preventivo,,"https://ms-prd-nna.use.mediaserver.heliosnissan.net/iris/iris?vehicle=8_R53&resp=png&bkgnd=transparent&pov=E01&w=5781&h=5370&x=1719&y=1481&height=250&width=660&paint=YBK&fabric=G&brand=nisnna&sa=1_T,2_LJ,4_A,5_L,6_E,7_2,11_D,12_7,13_8,16_A,17_D,SHADOW_ON,PI_ON,PE_ON,2026&imwidth=3859"
CONNECT SERVICES,Pathfinder,2024,Platinum 4WD,Servicios,Select,Mensaje enviado al vehículo,,"https://ms-prd-nna.use.mediaserver.heliosnissan.net/iris/iris?vehicle=8_R53&resp=png&bkgnd=transparent&pov=E01&w=5781&h=5370&x=1719&y=1481&height=250&width=660&paint=YBK&fabric=G&brand=nisnna&sa=1_T,2_LJ,4_A,5_L,6_E,7_2,11_D,12_7,13_8,16_A,17_D,SHADOW_ON,PI_ON,PE_ON,2026&imwidth=3860"
CONNECT SERVICES,Pathfinder,2024,Platinum 4WD,Servicios,Select,Actualizaciones Over-The-Air,,"https://ms-prd-nna.use.mediaserver.heliosnissan.net/iris/iris?vehicle=8_R53&resp=png&bkgnd=transparent&pov=E01&w=5781&h=5370&x=1719&y=1481&height=250&width=660&paint=YBK&fabric=G&brand=nisnna&sa=1_T,2_LJ,4_A,5_L,6_E,7_2,11_D,12_7,13_8,16_A,17_D,SHADOW_ON,PI_ON,PE_ON,2026&imwidth=3861"
CONNECT SERVICES,Pathfinder,2024,Platinum 4WD,Servicios,Select,Llamada de asistencia desde APP,,"https://ms-prd-nna.use.mediaserver.heliosnissan.net/iris/iris?vehicle=8_R53&resp=png&bkgnd=transparent&pov=E01&w=5781&h=5370&x=1719&y=1481&height=250&width=660&paint=YBK&fabric=G&brand=nisnna&sa=1_T,2_LJ,4_A,5_L,6_E,7_2,11_D,12_7,13_8,16_A,17_D,SHADOW_ON,PI_ON,PE_ON,2026&imwidth=3862"
CONNECT SERVICES,Pathfinder,2024,Platinum 4WD,Servicios,Select,Vista Mapa*,,"https://ms-prd-nna.use.mediaserver.heliosnissan.net/iris/iris?vehicle=8_R53&resp=png&bkgnd=transparent&pov=E01&w=5781&h=5370&x=1719&y=1481&height=250&width=660&paint=YBK&fabric=G&brand=nisnna&sa=1_T,2_LJ,4_A,5_L,6_E,7_2,11_D,12_7,13_8,16_A,17_D,SHADOW_ON,PI_ON,PE_ON,2026&imwidth=3863"
CONNECT SERVICES,Pathfinder,2024,Platinum 4WD,Servicios,Select,Vista Satélite*,,"https://ms-prd-nna.use.mediaserver.heliosnissan.net/iris/iris?vehicle=8_R53&resp=png&bkgnd=transparent&pov=E01&w=5781&h=5370&x=1719&y=1481&height=250&width=660&paint=YBK&fabric=G&brand=nisnna&sa=1_T,2_LJ,4_A,5_L,6_E,7_2,11_D,12_7,13_8,16_A,17_D,SHADOW_ON,PI_ON,PE_ON,2026&imwidth=3864"
CONNECT SERVICES,Pathfinder,2024,Platinum 4WD,Servicios,Select,Destinos by google*,,"https://ms-prd-nna.use.mediaserver.heliosnissan.net/iris/iris?vehicle=8_R53&resp=png&bkgnd=transparent&pov=E01&w=5781&h=5370&x=1719&y=1481&height=250&width=660&paint=YBK&fabric=G&brand=nisnna&sa=1_T,2_LJ,4_A,5_L,6_E,7_2,11_D,12_7,13_8,16_A,17_D,SHADOW_ON,PI_ON,PE_ON,2026&imwidth=3865"
CONNECT SERVICES,Pathfinder,2024,Platinum 4WD,Servicios,Select,Búsqueda Conectada*,,"https://ms-prd-nna.use.mediaserver.heliosnissan.net/iris/iris?vehicle=8_R53&resp=png&bkgnd=transparent&pov=E01&w=5781&h=5370&x=1719&y=1481&height=250&width=660&paint=YBK&fabric=G&brand=nisnna&sa=1_T,2_LJ,4_A,5_L,6_E,7_2,11_D,12_7,13_8,16_A,17_D,SHADOW_ON,PI_ON,PE_ON,2026&imwidth=3866"
CONNECT SERVICES,Pathfinder,2024,Platinum 4WD,Servicios,Select,Actualización de mapas Over-The-Air*,,"https://ms-prd-nna.use.mediaserver.heliosnissan.net/iris/iris?vehicle=8_R53&resp=png&bkgnd=transparent&pov=E01&w=5781&h=5370&x=1719&y=1481&height=250&width=660&paint=YBK&fabric=G&brand=nisnna&sa=1_T,2_LJ,4_A,5_L,6_E,7_2,11_D,12_7,13_8,16_A,17_D,SHADOW_ON,PI_ON,PE_ON,2026&imwidth=3867"
CONNECT SERVICES,Pathfinder,2024,Platinum 4WD,Servicios,Select,Premium Traffic*,,"https://ms-prd-nna.use.mediaserver.heliosnissan.net/iris/iris?vehicle=8_R53&resp=png&bkgnd=transparent&pov=E01&w=5781&h=5370&x=1719&y=1481&height=250&width=660&paint=YBK&fabric=G&brand=nisnna&sa=1_T,2_LJ,4_A,5_L,6_E,7_2,11_D,12_7,13_8,16_A,17_D,SHADOW_ON,PI_ON,PE_ON,2026&imwidth=3868"
CONNECT SERVICES,Pathfinder,2024,Platinum 4WD,Servicios,Select,TomTom Weather*,,"https://ms-prd-nna.use.mediaserver.heliosnissan.net/iris/iris?vehicle=8_R53&resp=png&bkgnd=transparent&pov=E01&w=5781&h=5370&x=1719&y=1481&height=250&width=660&paint=YBK&fabric=G&brand=nisnna&sa=1_T,2_LJ,4_A,5_L,6_E,7_2,11_D,12_7,13_8,16_A,17_D,SHADOW_ON,PI_ON,PE_ON,2026&imwidth=3869"
CONNECT SERVICES,Pathfinder,2024,Platinum 4WD,Servicios,Select,Conductor adicional,,"https://ms-prd-nna.use.mediaserver.heliosnissan.net/iris/iris?vehicle=8_R53&resp=png&bkgnd=transparent&pov=E01&w=5781&h=5370&x=1719&y=1481&height=250&width=660&paint=YBK&fabric=G&brand=nisnna&sa=1_T,2_LJ,4_A,5_L,6_E,7_2,11_D,12_7,13_8,16_A,17_D,SHADOW_ON,PI_ON,PE_ON,2026&imwidth=3870"
CONNECT SERVICES,Pathfinder,2024,Platinum 4WD,Servicios,Select,Asistente de Google,,"https://ms-prd-nna.use.mediaserver.heliosnissan.net/iris/iris?vehicle=8_R53&resp=png&bkgnd=transparent&pov=E01&w=5781&h=5370&x=1719&y=1481&height=250&width=660&paint=YBK&fabric=G&brand=nisnna&sa=1_T,2_LJ,4_A,5_L,6_E,7_2,11_D,12_7,13_8,16_A,17_D,SHADOW_ON,PI_ON,PE_ON,2026&imwidth=3871"
CONNECT SERVICES,Pathfinder,2024,Platinum 4WD,Servicios,Select,Google Play,,"https://ms-prd-nna.use.mediaserver.heliosnissan.net/iris/iris?vehicle=8_R53&resp=png&bkgnd=transparent&pov=E01&w=5781&h=5370&x=1719&y=1481&height=250&width=660&paint=YBK&fabric=G&brand=nisnna&sa=1_T,2_LJ,4_A,5_L,6_E,7_2,11_D,12_7,13_8,16_A,17_D,SHADOW_ON,PI_ON,PE_ON,2026&imwidth=3872"
CONNECT SERVICES,Pathfinder,2024,Platinum 4WD,Servicios,Select,Google Maps,,"https://ms-prd-nna.use.mediaserver.heliosnissan.net/iris/iris?vehicle=8_R53&resp=png&bkgnd=transparent&pov=E01&w=5781&h=5370&x=1719&y=1481&height=250&width=660&paint=YBK&fabric=G&brand=nisnna&sa=1_T,2_LJ,4_A,5_L,6_E,7_2,11_D,12_7,13_8,16_A,17_D,SHADOW_ON,PI_ON,PE_ON,2026&imwidth=3873"
CONNECT SERVICES,Pathfinder,2024,Platinum 4WD,Servicios,Select,Recordatorio de bloqueo,,"https://ms-prd-nna.use.mediaserver.heliosnissan.net/iris/iris?vehicle=8_R53&resp=png&bkgnd=transparent&pov=E01&w=5781&h=5370&x=1719&y=1481&height=250&width=660&paint=YBK&fabric=G&brand=nisnna&sa=1_T,2_LJ,4_A,5_L,6_E,7_2,11_D,12_7,13_8,16_A,17_D,SHADOW_ON,PI_ON,PE_ON,2026&imwidth=3874"
CONNECT SERVICES,Pathfinder,2024,Platinum 4WD,Servicios,Select,Radio híbrido,,"https://ms-prd-nna.use.mediaserver.heliosnissan.net/iris/iris?vehicle=8_R53&resp=png&bkgnd=transparent&pov=E01&w=5781&h=5370&x=1719&y=1481&height=250&width=660&paint=YBK&fabric=G&brand=nisnna&sa=1_T,2_LJ,4_A,5_L,6_E,7_2,11_D,12_7,13_8,16_A,17_D,SHADOW_ON,PI_ON,PE_ON,2026&imwidth=3875"
CONNECT SERVICES,Pathfinder,2024,Platinum 4WD,Servicios,Seguridad,Notificación automática de colisión (ACN),,"https://ms-prd-nna.use.mediaserver.heliosnissan.net/iris/iris?vehicle=8_R53&resp=png&bkgnd=transparent&pov=E01&w=5781&h=5370&x=1719&y=1481&height=250&width=660&paint=YBK&fabric=G&brand=nisnna&sa=1_T,2_LJ,4_A,5_L,6_E,7_2,11_D,12_7,13_8,16_A,17_D,SHADOW_ON,PI_ON,PE_ON,2026&imwidth=3876"
CONNECT SERVICES,Pathfinder,2024,Platinum 4WD,Servicios,Seguridad,Llamada de emergencia,,"https://ms-prd-nna.use.mediaserver.heliosnissan.net/iris/iris?vehicle=8_R53&resp=png&bkgnd=transparent&pov=E01&w=5781&h=5370&x=1719&y=1481&height=250&width=660&paint=YBK&fabric=G&brand=nisnna&sa=1_T,2_LJ,4_A,5_L,6_E,7_2,11_D,12_7,13_8,16_A,17_D,SHADOW_ON,PI_ON,PE_ON,2026&imwidth=3877"
CONNECT SERVICES,Pathfinder,2024,Platinum 4WD,Servicios,Seguridad,Conexión con asistencia vial,,"https://ms-prd-nna.use.mediaserver.heliosnissan.net/iris/iris?vehicle=8_R53&resp=png&bkgnd=transparent&pov=E01&w=5781&h=5370&x=1719&y=1481&height=250&width=660&paint=YBK&fabric=G&brand=nisnna&sa=1_T,2_LJ,4_A,5_L,6_E,7_2,11_D,12_7,13_8,16_A,17_D,SHADOW_ON,PI_ON,PE_ON,2026&imwidth=3878"
CONNECT SERVICES,Pathfinder,2024,Platinum 4WD,Servicios,Seguridad,Notificación de alarma,,"https://ms-prd-nna.use.mediaserver.heliosnissan.net/iris/iris?vehicle=8_R53&resp=png&bkgnd=transparent&pov=E01&w=5781&h=5370&x=1719&y=1481&height=250&width=660&paint=YBK&fabric=G&brand=nisnna&sa=1_T,2_LJ,4_A,5_L,6_E,7_2,11_D,12_7,13_8,16_A,17_D,SHADOW_ON,PI_ON,PE_ON,2026&imwidth=3879"
CONNECT SERVICES,Pathfinder,2024,Platinum 4WD,Servicios,Seguridad,Geocercas,,"https://ms-prd-nna.use.mediaserver.heliosnissan.net/iris/iris?vehicle=8_R53&resp=png&bkgnd=transparent&pov=E01&w=5781&h=5370&x=1719&y=1481&height=250&width=660&paint=YBK&fabric=G&brand=nisnna&sa=1_T,2_LJ,4_A,5_L,6_E,7_2,11_D,12_7,13_8,16_A,17_D,SHADOW_ON,PI_ON,PE_ON,2026&imwidth=3880"
CONNECT SERVICES,Pathfinder,2024,Platinum 4WD,Servicios,Seguridad,Alerta de Valet,,"https://ms-prd-nna.use.mediaserver.heliosnissan.net/iris/iris?vehicle=8_R53&resp=png&bkgnd=transparent&pov=E01&w=5781&h=5370&x=1719&y=1481&height=250&width=660&paint=YBK&fabric=G&brand=nisnna&sa=1_T,2_LJ,4_A,5_L,6_E,7_2,11_D,12_7,13_8,16_A,17_D,SHADOW_ON,PI_ON,PE_ON,2026&imwidth=3881"
CONNECT SERVICES,Pathfinder,2024,Platinum 4WD,Servicios,Seguridad,Alerta de velocidad,,"https://ms-prd-nna.use.mediaserver.heliosnissan.net/iris/iris?vehicle=8_R53&resp=png&bkgnd=transparent&pov=E01&w=5781&h=5370&x=1719&y=1481&height=250&width=660&paint=YBK&fabric=G&brand=nisnna&sa=1_T,2_LJ,4_A,5_L,6_E,7_2,11_D,12_7,13_8,16_A,17_D,SHADOW_ON,PI_ON,PE_ON,2026&imwidth=3882"
CONNECT SERVICES,Pathfinder,2024,Platinum 4WD,Servicios,Seguridad,Alerta de movimiento programado,,"https://ms-prd-nna.use.mediaserver.heliosnissan.net/iris/iris?vehicle=8_R53&resp=png&bkgnd=transparent&pov=E01&w=5781&h=5370&x=1719&y=1481&height=250&width=660&paint=YBK&fabric=G&brand=nisnna&sa=1_T,2_LJ,4_A,5_L,6_E,7_2,11_D,12_7,13_8,16_A,17_D,SHADOW_ON,PI_ON,PE_ON,2026&imwidth=3883"
CONNECT SERVICES,Pathfinder,2024,Platinum 4WD,Servicios,Seguridad,Asistencia de Vehículo Robado,,"https://ms-prd-nna.use.mediaserver.heliosnissan.net/iris/iris?vehicle=8_R53&resp=png&bkgnd=transparent&pov=E01&w=5781&h=5370&x=1719&y=1481&height=250&width=660&paint=YBK&fabric=G&brand=nisnna&sa=1_T,2_LJ,4_A,5_L,6_E,7_2,11_D,12_7,13_8,16_A,17_D,SHADOW_ON,PI_ON,PE_ON,2026&imwidth=3884"
CONNECT SERVICES,Pathfinder,2024,Platinum 4WD,Servicios,Seguridad,Alerta de Arrastre,,"https://ms-prd-nna.use.mediaserver.heliosnissan.net/iris/iris?vehicle=8_R53&resp=png&bkgnd=transparent&pov=E01&w=5781&h=5370&x=1719&y=1481&height=250&width=660&paint=YBK&fabric=G&brand=nisnna&sa=1_T,2_LJ,4_A,5_L,6_E,7_2,11_D,12_7,13_8,16_A,17_D,SHADOW_ON,PI_ON,PE_ON,2026&imwidth=3885"
CONNECT SERVICES,Pathfinder,2024,Platinum 4WD,Servicios,Conveniencia,Arranque/ Apagado remoto de motor,,"https://ms-prd-nna.use.mediaserver.heliosnissan.net/iris/iris?vehicle=8_R53&resp=png&bkgnd=transparent&pov=E01&w=5781&h=5370&x=1719&y=1481&height=250&width=660&paint=YBK&fabric=G&brand=nisnna&sa=1_T,2_LJ,4_A,5_L,6_E,7_2,11_D,12_7,13_8,16_A,17_D,SHADOW_ON,PI_ON,PE_ON,2026&imwidth=3886"
CONNECT SERVICES,Pathfinder,2024,Platinum 4WD,Servicios,Conveniencia,Luces destelladas y bocina remoto,,"https://ms-prd-nna.use.mediaserver.heliosnissan.net/iris/iris?vehicle=8_R53&resp=png&bkgnd=transparent&pov=E01&w=5781&h=5370&x=1719&y=1481&height=250&width=660&paint=YBK&fabric=G&brand=nisnna&sa=1_T,2_LJ,4_A,5_L,6_E,7_2,11_D,12_7,13_8,16_A,17_D,SHADOW_ON,PI_ON,PE_ON,2026&imwidth=3887"
CONNECT SERVICES,Pathfinder,2024,Platinum 4WD,Servicios,Conveniencia,Localizar mi vehículo,,"https://ms-prd-nna.use.mediaserver.heliosnissan.net/iris/iris?vehicle=8_R53&resp=png&bkgnd=transparent&pov=E01&w=5781&h=5370&x=1719&y=1481&height=250&width=660&paint=YBK&fabric=G&brand=nisnna&sa=1_T,2_LJ,4_A,5_L,6_E,7_2,11_D,12_7,13_8,16_A,17_D,SHADOW_ON,PI_ON,PE_ON,2026&imwidth=3888"
CONNECT SERVICES,Pathfinder,2024,Platinum 4WD,Servicios,Conveniencia,Estado remoto de mi vehículo,,"https://ms-prd-nna.use.mediaserver.heliosnissan.net/iris/iris?vehicle=8_R53&resp=png&bkgnd=transparent&pov=E01&w=5781&h=5370&x=1719&y=1481&height=250&width=660&paint=YBK&fabric=G&brand=nisnna&sa=1_T,2_LJ,4_A,5_L,6_E,7_2,11_D,12_7,13_8,16_A,17_D,SHADOW_ON,PI_ON,PE_ON,2026&imwidth=3889"
CONNECT SERVICES,Pathfinder,2024,Platinum 4WD,Servicios,Conveniencia,Borrado remoto de datos,,"https://ms-prd-nna.use.mediaserver.heliosnissan.net/iris/iris?vehicle=8_R53&resp=png&bkgnd=transparent&pov=E01&w=5781&h=5370&x=1719&y=1481&height=250&width=660&paint=YBK&fabric=G&brand=nisnna&sa=1_T,2_LJ,4_A,5_L,6_E,7_2,11_D,12_7,13_8,16_A,17_D,SHADOW_ON,PI_ON,PE_ON,2026&imwidth=3890"
CONNECT SERVICES,Pathfinder,2024,Platinum 4WD,Servicios,Conveniencia,Nissan Concierge,,"https://ms-prd-nna.use.mediaserver.heliosnissan.net/iris/iris?vehicle=8_R53&resp=png&bkgnd=transparent&pov=E01&w=5781&h=5370&x=1719&y=1481&height=250&width=660&paint=YBK&fabric=G&brand=nisnna&sa=1_T,2_LJ,4_A,5_L,6_E,7_2,11_D,12_7,13_8,16_A,17_D,SHADOW_ON,PI_ON,PE_ON,2026&imwidth=3891"
CONNECT SERVICES,Pathfinder,2024,Platinum 4WD,Servicios,Conveniencia,Envío de destino al vehículo*,,"https://ms-prd-nna.use.mediaserver.heliosnissan.net/iris/iris?vehicle=8_R53&resp=png&bkgnd=transparent&pov=E01&w=5781&h=5370&x=1719&y=1481&height=250&width=660&paint=YBK&fabric=G&brand=nisnna&sa=1_T,2_LJ,4_A,5_L,6_E,7_2,11_D,12_7,13_8,16_A,17_D,SHADOW_ON,PI_ON,PE_ON,2026&imwidth=3892"
CONNECT SERVICES,Pathfinder,2024,Platinum 4WD,Servicios,Conveniencia,Asistente de destino*,,"https://ms-prd-nna.use.mediaserver.heliosnissan.net/iris/iris?vehicle=8_R53&resp=png&bkgnd=transparent&pov=E01&w=5781&h=5370&x=1719&y=1481&height=250&width=660&paint=YBK&fabric=G&brand=nisnna&sa=1_T,2_LJ,4_A,5_L,6_E,7_2,11_D,12_7,13_8,16_A,17_D,SHADOW_ON,PI_ON,PE_ON,2026&imwidth=3893"
CONNECT SERVICES,Pathfinder,2024,Platinum 4WD,Servicios,Conveniencia,Navegación puerta a puerta*,,"https://ms-prd-nna.use.mediaserver.heliosnissan.net/iris/iris?vehicle=8_R53&resp=png&bkgnd=transparent&pov=E01&w=5781&h=5370&x=1719&y=1481&height=250&width=660&paint=YBK&fabric=G&brand=nisnna&sa=1_T,2_LJ,4_A,5_L,6_E,7_2,11_D,12_7,13_8,16_A,17_D,SHADOW_ON,PI_ON,PE_ON,2026&imwidth=3894"
CONNECT SERVICES,Pathfinder,2024,Platinum 4WD,Servicios,Conveniencia,Planificador de viaje*,,"https://ms-prd-nna.use.mediaserver.heliosnissan.net/iris/iris?vehicle=8_R53&resp=png&bkgnd=transparent&pov=E01&w=5781&h=5370&x=1719&y=1481&height=250&width=660&paint=YBK&fabric=G&brand=nisnna&sa=1_T,2_LJ,4_A,5_L,6_E,7_2,11_D,12_7,13_8,16_A,17_D,SHADOW_ON,PI_ON,PE_ON,2026&imwidth=3895"
CONNECT SERVICES,Pathfinder,2024,Platinum 4WD,Servicios,Conveniencia,Control de clima remoto,,"https://ms-prd-nna.use.mediaserver.heliosnissan.net/iris/iris?vehicle=8_R53&resp=png&bkgnd=transparent&pov=E01&w=5781&h=5370&x=1719&y=1481&height=250&width=660&paint=YBK&fabric=G&brand=nisnna&sa=1_T,2_LJ,4_A,5_L,6_E,7_2,11_D,12_7,13_8,16_A,17_D,SHADOW_ON,PI_ON,PE_ON,2026&imwidth=3896"
CONNECT SERVICES,Pathfinder,2024,Platinum 4WD,Servicios,Premium,Paquetes de seguridad + Conveniencia + Select,,"https://ms-prd-nna.use.mediaserver.heliosnissan.net/iris/iris?vehicle=8_R53&resp=png&bkgnd=transparent&pov=E01&w=5781&h=5370&x=1719&y=1481&height=250&width=660&paint=YBK&fabric=G&brand=nisnna&sa=1_T,2_LJ,4_A,5_L,6_E,7_2,11_D,12_7,13_8,16_A,17_D,SHADOW_ON,PI_ON,PE_ON,2026&imwidth=3897"
CONNECT SERVICES,Pathfinder,2024,Platinum 4WD,Manuales Y Guías,Manuales Y Guías,Manual Y Guía De Nissan Pathfinder 2021,,"https://ms-prd-nna.use.mediaserver.heliosnissan.net/iris/iris?vehicle=8_R53&resp=png&bkgnd=transparent&pov=E01&w=5781&h=5370&x=1719&y=1481&height=250&width=660&paint=YBK&fabric=G&brand=nisnna&sa=1_T,2_LJ,4_A,5_L,6_E,7_2,11_D,12_7,13_8,16_A,17_D,SHADOW_ON,PI_ON,PE_ON,2026&imwidth=3854"
CONNECT SERVICES,Pathfinder,2024,Platinum 4WD,Manuales Y Guías,Rescue Sheet,Rescue Sheet De Nissan Pathfinder 2021,,"https://ms-prd-nna.use.mediaserver.heliosnissan.net/iris/iris?vehicle=8_R53&resp=png&bkgnd=transparent&pov=E01&w=5781&h=5370&x=1719&y=1481&height=250&width=660&paint=YBK&fabric=G&brand=nisnna&sa=1_T,2_LJ,4_A,5_L,6_E,7_2,11_D,12_7,13_8,16_A,17_D,SHADOW_ON,PI_ON,PE_ON,2026&imwidth=3855"
CONNECT SERVICES,Pathfinder,2024,Platinum 4WD,Manuales Y Guías,Manuales De Navegación.,Manuales De Navegación De Nissan Pathfinder 2021,,"https://ms-prd-nna.use.mediaserver.heliosnissan.net/iris/iris?vehicle=8_R53&resp=png&bkgnd=transparent&pov=E01&w=5781&h=5370&x=1719&y=1481&height=250&width=660&paint=YBK&fabric=G&brand=nisnna&sa=1_T,2_LJ,4_A,5_L,6_E,7_2,11_D,12_7,13_8,16_A,17_D,SHADOW_ON,PI_ON,PE_ON,2026&imwidth=3856"
CONNECT FINDER,Magnite,2025,Advance,Servicios,WiFi HotSpot,Localización en tiempo real,,
CONNECT FINDER,Magnite,2025,Advance,Servicios,WiFi HotSpot,Activación de bocina,,
CONNECT FINDER,Magnite,2025,Advance,Servicios,WiFi HotSpot,Geocercas,,
CONNECT FINDER,Magnite,2025,Advance,Servicios,WiFi HotSpot,Ubicación del Vehículo,,
CONNECT FINDER,Magnite,2025,Advance,Servicios,WiFi HotSpot,Sígueme,,
CONNECT FINDER,Magnite,2025,Advance,Servicios,WiFi HotSpot,Navegación,,
CONNECT FINDER,Magnite,2025,Advance,Servicios,WiFi HotSpot,Notificaciones,,
CONNECT FINDER,Magnite,2025,Advance,Servicios,WiFi HotSpot,Histórico de Rutas,,
CONNECT FINDER,Magnite,2025,Advance,Servicios,WiFi HotSpot,Asistencia de Vehículo Robado ,,
CONNECT FINDER,Magnite,2025,Advance,Servicios,WiFi HotSpot,Alerta de Movimiento,,
CONNECT FINDER,Magnite,2025,Advance,Servicios,WiFi HotSpot,Alerta de Velocidad,,
CONNECT FINDER,Magnite,2025,Advance,Servicios,WiFi HotSpot,Alerta de Arrastre,,
CONNECT FINDER,Magnite,2025,Advance,Servicios,WiFi HotSpot,Alerta de Posible Emergencia Vial,,
CONNECT FINDER,Magnite,2025,Advance,Servicios,WiFi HotSpot,Conexión a Asistencia Vial Nissan,,
CONNECT FINDER,Magnite,2025,Advance,Servicios,WiFi HotSpot,Asistencia NissanConnect® Finder,,
CONNECT FINDER,Magnite,2025,Advance,Servicios,WiFi HotSpot,Liga a Página de Citas de Mantenimiento Vehicular,,
CONNECT FINDER,Magnite,2025,Advance,Manuales Y Guías,Manuales Y Guías,Manual Y Guía De Nissan Magnite 2025,,
CONNECT FINDER,Magnite,2025,Advance,Manuales Y Guías,Rescue Sheet,Rescue Sheet De Nissan Magnite 2025,,
CONNECT FINDER,Magnite,2025,Advance,Manuales Y Guías,Manuales De Navegación.,Manuales De Navegación De Nissan Magnite 2025,,
CONNECT FINDER,Magnite,2025,Exclusive,Servicios,WiFi HotSpot,Localización en tiempo real,,
CONNECT FINDER,Magnite,2025,Exclusive,Servicios,WiFi HotSpot,Activación de bocina,,
CONNECT FINDER,Magnite,2025,Exclusive,Servicios,WiFi HotSpot,Geocercas,,
CONNECT FINDER,Magnite,2025,Exclusive,Servicios,WiFi HotSpot,Ubicación del Vehículo,,
CONNECT FINDER,Magnite,2025,Exclusive,Servicios,WiFi HotSpot,Sígueme,,
CONNECT FINDER,Magnite,2025,Exclusive,Servicios,WiFi HotSpot,Navegación,,
CONNECT FINDER,Magnite,2025,Exclusive,Servicios,WiFi HotSpot,Notificaciones,,
CONNECT FINDER,Magnite,2025,Exclusive,Servicios,WiFi HotSpot,Histórico de Rutas,,
CONNECT FINDER,Magnite,2025,Exclusive,Servicios,WiFi HotSpot,Asistencia de Vehículo Robado ,,
CONNECT FINDER,Magnite,2025,Exclusive,Servicios,WiFi HotSpot,Alerta de Movimiento,,
CONNECT FINDER,Magnite,2025,Exclusive,Servicios,WiFi HotSpot,Alerta de Velocidad,,
CONNECT FINDER,Magnite,2025,Exclusive,Servicios,WiFi HotSpot,Alerta de Arrastre,,
CONNECT FINDER,Magnite,2025,Exclusive,Servicios,WiFi HotSpot,Alerta de Posible Emergencia Vial,,
CONNECT FINDER,Magnite,2025,Exclusive,Servicios,WiFi HotSpot,Conexión a Asistencia Vial Nissan,,
CONNECT FINDER,Magnite,2025,Exclusive,Servicios,WiFi HotSpot,Asistencia NissanConnect® Finder,,
CONNECT FINDER,Magnite,2025,Exclusive,Servicios,WiFi HotSpot,Liga a Página de Citas de Mantenimiento Vehicular,,
CONNECT FINDER,Magnite,2025,Exclusive,Manuales Y Guías,Manuales Y Guías,Manual Y Guía De Nissan Magnite 2025,,
CONNECT FINDER,Magnite,2025,Exclusive,Manuales Y Guías,Rescue Sheet,Rescue Sheet De Nissan Magnite 2025,,
CONNECT FINDER,Magnite,2025,Exclusive,Manuales Y Guías,Manuales De Navegación.,Manuales De Navegación De Nissan Magnite 2025,,
CONNECT FINDER,Magnite,2026,Advance,Servicios,WiFi HotSpot,Localización en tiempo real,,
CONNECT FINDER,Magnite,2026,Advance,Servicios,WiFi HotSpot,Activación de bocina,,
CONNECT FINDER,Magnite,2026,Advance,Servicios,WiFi HotSpot,Geocercas,,
CONNECT FINDER,Magnite,2026,Advance,Servicios,WiFi HotSpot,Ubicación del Vehículo,,
CONNECT FINDER,Magnite,2026,Advance,Servicios,WiFi HotSpot,Sígueme,,
CONNECT FINDER,Magnite,2026,Advance,Servicios,WiFi HotSpot,Navegación,,
CONNECT FINDER,Magnite,2026,Advance,Servicios,WiFi HotSpot,Notificaciones,,
CONNECT FINDER,Magnite,2026,Advance,Servicios,WiFi HotSpot,Histórico de Rutas,,
CONNECT FINDER,Magnite,2026,Advance,Servicios,WiFi HotSpot,Asistencia de Vehículo Robado ,,
CONNECT FINDER,Magnite,2026,Advance,Servicios,WiFi HotSpot,Alerta de Movimiento,,
CONNECT FINDER,Magnite,2026,Advance,Servicios,WiFi HotSpot,Alerta de Velocidad,,
CONNECT FINDER,Magnite,2026,Advance,Servicios,WiFi HotSpot,Alerta de Arrastre,,
CONNECT FINDER,Magnite,2026,Advance,Servicios,WiFi HotSpot,Alerta de Posible Emergencia Vial,,
CONNECT FINDER,Magnite,2026,Advance,Servicios,WiFi HotSpot,Conexión a Asistencia Vial Nissan,,
CONNECT FINDER,Magnite,2026,Advance,Servicios,WiFi HotSpot,Asistencia NissanConnect® Finder,,
CONNECT FINDER,Magnite,2026,Advance,Servicios,WiFi HotSpot,Liga a Página de Citas de Mantenimiento Vehicular,,
CONNECT FINDER,Magnite,2026,Advance,Manuales Y Guías,Manuales Y Guías,Manual Y Guía De Nissan Magnite 2025,,
CONNECT FINDER,Magnite,2026,Advance,Manuales Y Guías,Rescue Sheet,Rescue Sheet De Nissan Magnite 2025,,
CONNECT FINDER,Magnite,2026,Advance,Manuales Y Guías,Manuales De Navegación.,Manuales De Navegación De Nissan Magnite 2025,,
CONNECT FINDER,Magnite,2026,Exclusive,Servicios,WiFi HotSpot,Localización en tiempo real,,
CONNECT FINDER,Magnite,2026,Exclusive,Servicios,WiFi HotSpot,Activación de bocina,,
CONNECT FINDER,Magnite,2026,Exclusive,Servicios,WiFi HotSpot,Geocercas,,
CONNECT FINDER,Magnite,2026,Exclusive,Servicios,WiFi HotSpot,Ubicación del Vehículo,,
CONNECT FINDER,Magnite,2026,Exclusive,Servicios,WiFi HotSpot,Sígueme,,
CONNECT FINDER,Magnite,2026,Exclusive,Servicios,WiFi HotSpot,Navegación,,
CONNECT FINDER,Magnite,2026,Exclusive,Servicios,WiFi HotSpot,Notificaciones,,
CONNECT FINDER,Magnite,2026,Exclusive,Servicios,WiFi HotSpot,Histórico de Rutas,,
CONNECT FINDER,Magnite,2026,Exclusive,Servicios,WiFi HotSpot,Asistencia de Vehículo Robado ,,
CONNECT FINDER,Magnite,2026,Exclusive,Servicios,WiFi HotSpot,Alerta de Movimiento,,
CONNECT FINDER,Magnite,2026,Exclusive,Servicios,WiFi HotSpot,Alerta de Velocidad,,
CONNECT FINDER,Magnite,2026,Exclusive,Servicios,WiFi HotSpot,Alerta de Arrastre,,
CONNECT FINDER,Magnite,2026,Exclusive,Servicios,WiFi HotSpot,Alerta de Posible Emergencia Vial,,
CONNECT FINDER,Magnite,2026,Exclusive,Servicios,WiFi HotSpot,Conexión a Asistencia Vial Nissan,,
CONNECT FINDER,Magnite,2026,Exclusive,Servicios,WiFi HotSpot,Asistencia NissanConnect® Finder,,
CONNECT FINDER,Magnite,2026,Exclusive,Servicios,WiFi HotSpot,Liga a Página de Citas de Mantenimiento Vehicular,,
CONNECT FINDER,Magnite,2026,Exclusive,Manuales Y Guías,Manuales Y Guías,Manual Y Guía De Nissan Magnite 2025,,
CONNECT FINDER,Magnite,2026,Exclusive,Manuales Y Guías,Rescue Sheet,Rescue Sheet De Nissan Magnite 2025,,
CONNECT FINDER,Magnite,2026,Exclusive,Manuales Y Guías,Manuales De Navegación.,Manuales De Navegación De Nissan Magnite 2025,,
CONNECT FINDER,Magnite,2027,Advance,Servicios,WiFi HotSpot,Localización en tiempo real,,
CONNECT FINDER,Magnite,2027,Advance,Servicios,WiFi HotSpot,Activación de bocina,,
CONNECT FINDER,Magnite,2027,Advance,Servicios,WiFi HotSpot,Geocercas,,
CONNECT FINDER,Magnite,2027,Advance,Servicios,WiFi HotSpot,Ubicación del Vehículo,,
CONNECT FINDER,Magnite,2027,Advance,Servicios,WiFi HotSpot,Sígueme,,
CONNECT FINDER,Magnite,2027,Advance,Servicios,WiFi HotSpot,Navegación,,
CONNECT FINDER,Magnite,2027,Advance,Servicios,WiFi HotSpot,Notificaciones,,
CONNECT FINDER,Magnite,2027,Advance,Servicios,WiFi HotSpot,Histórico de Rutas,,
CONNECT FINDER,Magnite,2027,Advance,Servicios,WiFi HotSpot,Asistencia de Vehículo Robado ,,
CONNECT FINDER,Magnite,2027,Advance,Servicios,WiFi HotSpot,Alerta de Movimiento,,
CONNECT FINDER,Magnite,2027,Advance,Servicios,WiFi HotSpot,Alerta de Velocidad,,
CONNECT FINDER,Magnite,2027,Advance,Servicios,WiFi HotSpot,Alerta de Arrastre,,
CONNECT FINDER,Magnite,2027,Advance,Servicios,WiFi HotSpot,Alerta de Posible Emergencia Vial,,
CONNECT FINDER,Magnite,2027,Advance,Servicios,WiFi HotSpot,Conexión a Asistencia Vial Nissan,,
CONNECT FINDER,Magnite,2027,Advance,Servicios,WiFi HotSpot,Asistencia NissanConnect® Finder,,
CONNECT FINDER,Magnite,2027,Advance,Servicios,WiFi HotSpot,Liga a Página de Citas de Mantenimiento Vehicular,,
CONNECT FINDER,Magnite,2027,Advance,Manuales Y Guías,Manuales Y Guías,Manual Y Guía De Nissan Magnite 2025,,
CONNECT FINDER,Magnite,2027,Advance,Manuales Y Guías,Rescue Sheet,Rescue Sheet De Nissan Magnite 2025,,
CONNECT FINDER,Magnite,2027,Advance,Manuales Y Guías,Manuales De Navegación.,Manuales De Navegación De Nissan Magnite 2025,,
CONNECT FINDER,Magnite,2027,Exclusive,Servicios,WiFi HotSpot,Localización en tiempo real,,
CONNECT FINDER,Magnite,2027,Exclusive,Servicios,WiFi HotSpot,Activación de bocina,,
CONNECT FINDER,Magnite,2027,Exclusive,Servicios,WiFi HotSpot,Geocercas,,
CONNECT FINDER,Magnite,2027,Exclusive,Servicios,WiFi HotSpot,Ubicación del Vehículo,,
CONNECT FINDER,Magnite,2027,Exclusive,Servicios,WiFi HotSpot,Sígueme,,
CONNECT FINDER,Magnite,2027,Exclusive,Servicios,WiFi HotSpot,Navegación,,
CONNECT FINDER,Magnite,2027,Exclusive,Servicios,WiFi HotSpot,Notificaciones,,
CONNECT FINDER,Magnite,2027,Exclusive,Servicios,WiFi HotSpot,Histórico de Rutas,,
CONNECT FINDER,Magnite,2027,Exclusive,Servicios,WiFi HotSpot,Asistencia de Vehículo Robado ,,
CONNECT FINDER,Magnite,2027,Exclusive,Servicios,WiFi HotSpot,Alerta de Movimiento,,
CONNECT FINDER,Magnite,2027,Exclusive,Servicios,WiFi HotSpot,Alerta de Velocidad,,
CONNECT FINDER,Magnite,2027,Exclusive,Servicios,WiFi HotSpot,Alerta de Arrastre,,
CONNECT FINDER,Magnite,2027,Exclusive,Servicios,WiFi HotSpot,Alerta de Posible Emergencia Vial,,
CONNECT FINDER,Magnite,2027,Exclusive,Servicios,WiFi HotSpot,Conexión a Asistencia Vial Nissan,,
CONNECT FINDER,Magnite,2027,Exclusive,Servicios,WiFi HotSpot,Asistencia NissanConnect® Finder,,
CONNECT FINDER,Magnite,2027,Exclusive,Servicios,WiFi HotSpot,Liga a Página de Citas de Mantenimiento Vehicular,,
CONNECT FINDER,Magnite,2027,Exclusive,Manuales Y Guías,Manuales Y Guías,Manual Y Guía De Nissan Magnite 2025,,
CONNECT FINDER,Magnite,2027,Exclusive,Manuales Y Guías,Rescue Sheet,Rescue Sheet De Nissan Magnite 2025,,
CONNECT FINDER,Magnite,2027,Exclusive,Manuales Y Guías,Manuales De Navegación.,Manuales De Navegación De Nissan Magnite 2025,,
CONNECT FINDER,Kait,2027,Advance,Servicios,WiFi HotSpot,Localización en tiempo real,,
CONNECT FINDER,Kait,2027,Advance,Servicios,WiFi HotSpot,Activación de bocina,,
CONNECT FINDER,Kait,2027,Advance,Servicios,WiFi HotSpot,Geocercas,,
CONNECT FINDER,Kait,2027,Advance,Servicios,WiFi HotSpot,Ubicación del Vehículo,,
CONNECT FINDER,Kait,2027,Advance,Servicios,WiFi HotSpot,Sígueme,,
CONNECT FINDER,Kait,2027,Advance,Servicios,WiFi HotSpot,Navegación,,
CONNECT FINDER,Kait,2027,Advance,Servicios,WiFi HotSpot,Notificaciones,,
CONNECT FINDER,Kait,2027,Advance,Servicios,WiFi HotSpot,Histórico de Rutas,,
CONNECT FINDER,Kait,2027,Advance,Servicios,WiFi HotSpot,Asistencia de Vehículo Robado ,,
CONNECT FINDER,Kait,2027,Advance,Servicios,WiFi HotSpot,Alerta de Movimiento,,
CONNECT FINDER,Kait,2027,Advance,Servicios,WiFi HotSpot,Alerta de Velocidad,,
CONNECT FINDER,Kait,2027,Advance,Servicios,WiFi HotSpot,Alerta de Arrastre,,
CONNECT FINDER,Kait,2027,Advance,Servicios,WiFi HotSpot,Alerta de Posible Emergencia Vial,,
CONNECT FINDER,Kait,2027,Advance,Servicios,WiFi HotSpot,Conexión a Asistencia Vial Nissan,,
CONNECT FINDER,Kait,2027,Advance,Servicios,WiFi HotSpot,Asistencia NissanConnect® Finder,,
CONNECT FINDER,Kait,2027,Advance,Servicios,WiFi HotSpot,Liga a Página de Citas de Mantenimiento Vehicular,,
CONNECT FINDER,Kait,2027,Advance,Manuales Y Guías,Manuales Y Guías,Manual Y Guía De Nissan Magnite 2025,,
CONNECT FINDER,Kait,2027,Advance,Manuales Y Guías,Rescue Sheet,Rescue Sheet De Nissan Magnite 2025,,
CONNECT FINDER,Kait,2027,Advance,Manuales Y Guías,Manuales De Navegación.,Manuales De Navegación De Nissan Magnite 2025,,
CONNECT FINDER,Kait,2027,Exclusive,Servicios,WiFi HotSpot,Localización en tiempo real,,
CONNECT FINDER,Kait,2027,Exclusive,Servicios,WiFi HotSpot,Activación de bocina,,
CONNECT FINDER,Kait,2027,Exclusive,Servicios,WiFi HotSpot,Geocercas,,
CONNECT FINDER,Kait,2027,Exclusive,Servicios,WiFi HotSpot,Ubicación del Vehículo,,
CONNECT FINDER,Kait,2027,Exclusive,Servicios,WiFi HotSpot,Sígueme,,
CONNECT FINDER,Kait,2027,Exclusive,Servicios,WiFi HotSpot,Navegación,,
CONNECT FINDER,Kait,2027,Exclusive,Servicios,WiFi HotSpot,Notificaciones,,
CONNECT FINDER,Kait,2027,Exclusive,Servicios,WiFi HotSpot,Histórico de Rutas,,
CONNECT FINDER,Kait,2027,Exclusive,Servicios,WiFi HotSpot,Asistencia de Vehículo Robado ,,
CONNECT FINDER,Kait,2027,Exclusive,Servicios,WiFi HotSpot,Alerta de Movimiento,,
CONNECT FINDER,Kait,2027,Exclusive,Servicios,WiFi HotSpot,Alerta de Velocidad,,
CONNECT FINDER,Kait,2027,Exclusive,Servicios,WiFi HotSpot,Alerta de Arrastre,,
CONNECT FINDER,Kait,2027,Exclusive,Servicios,WiFi HotSpot,Alerta de Posible Emergencia Vial,,
CONNECT FINDER,Kait,2027,Exclusive,Servicios,WiFi HotSpot,Conexión a Asistencia Vial Nissan,,
CONNECT FINDER,Kait,2027,Exclusive,Servicios,WiFi HotSpot,Asistencia NissanConnect® Finder,,
CONNECT FINDER,Kait,2027,Exclusive,Servicios,WiFi HotSpot,Liga a Página de Citas de Mantenimiento Vehicular,,
CONNECT FINDER,Kait,2027,Exclusive,Manuales Y Guías,Manuales Y Guías,Manual Y Guía De Nissan Magnite 2025,,
CONNECT FINDER,Kait,2027,Exclusive,Manuales Y Guías,Rescue Sheet,Rescue Sheet De Nissan Magnite 2025,,
CONNECT FINDER,Kait,2027,Exclusive,Manuales Y Guías,Manuales De Navegación.,Manuales De Navegación De Nissan Magnite 2025,,