Servicio,Modelo,Año,Versión,Pestaña,Categoría,Características ,Url_Características,Url Imagen
NissanConnect Finder,370 Z,2021,Touring,Paquetes,Servicios,Localización en tiempo real,,https://www.nissan.com.mx/content/dam/Nissan/mexico/assets/duenos_nissan/nissan-connect/generica/nissan-versa-generica-d.png
NissanConnect Finder,370 Z,2021,Touring,Paquetes,Servicios,Activación de bocina,,https://www.nissan.com.mx/content/dam/Nissan/mexico/assets/duenos_nissan/nissan-connect/generica/nissan-versa-generica-d.png
NissanConnect Finder,370 Z,2021,Touring,Paquetes,Servicios,Geocercas,,https://www.nissan.com.mx/content/dam/Nissan/mexico/assets/duenos_nissan/nissan-connect/generica/nissan-versa-generica-d.png
NissanConnect Finder,370 Z,2021,Touring,Paquetes,Servicios,Ubicación del Vehículo,,https://www.nissan.com.mx/content/dam/Nissan/mexico/assets/duenos_nissan/nissan-connect/generica/nissan-versa-generica-d.png
NissanConnect Finder,370 Z,2021,Touring,Paquetes,Servicios,Sígueme,,https://www.nissan.com.mx/content/dam/Nissan/mexico/assets/duenos_nissan/nissan-connect/generica/nissan-versa-generica-d.png
NissanConnect Finder,370 Z,2021,Touring,Paquetes,Servicios,Navegación,,https://www.nissan.com.mx/content/dam/Nissan/mexico/assets/duenos_nissan/nissan-connect/generica/nissan-versa-generica-d.png
NissanConnect Finder,370 Z,2021,Touring,Paquetes,Servicios,Notificaciones,,https://www.nissan.com.mx/content/dam/Nissan/mexico/assets/duenos_nissan/nissan-connect/generica/nissan-versa-generica-d.png
NissanConnect Finder,370 Z,2021,Touring,Paquetes,Servicios,Histórico de Rutas,,https://www.nissan.com.mx/content/dam/Nissan/mexico/assets/duenos_nissan/nissan-connect/generica/nissan-versa-generica-d.png
NissanConnect Finder,370 Z,2021,Touring,Paquetes,Servicios,Asistencia de Vehículo Robado ,,https://www.nissan.com.mx/content/dam/Nissan/mexico/assets/duenos_nissan/nissan-connect/generica/nissan-versa-generica-d.png
NissanConnect Finder,370 Z,2021,Touring,Paquetes,Servicios,Alerta de Movimiento,,https://www.nissan.com.mx/content/dam/Nissan/mexico/assets/duenos_nissan/nissan-connect/generica/nissan-versa-generica-d.png
NissanConnect Finder,370 Z,2021,Touring,Paquetes,Servicios,Alerta de Velocidad,,https://www.nissan.com.mx/content/dam/Nissan/mexico/assets/duenos_nissan/nissan-connect/generica/nissan-versa-generica-d.png
NissanConnect Finder,370 Z,2021,Touring,Paquetes,Servicios,Conexión a Asistencia Vial Nissan,,https://www.nissan.com.mx/content/dam/Nissan/mexico/assets/duenos_nissan/nissan-connect/generica/nissan-versa-generica-d.png
NissanConnect Finder,370 Z,2021,Touring,Paquetes,Servicios,Asistencia NissanConnect® Finder,,https://www.nissan.com.mx/content/dam/Nissan/mexico/assets/duenos_nissan/nissan-connect/generica/nissan-versa-generica-d.png
NissanConnect Finder,370 Z,2021,Touring,Paquetes,Servicios,Liga a Página de Citas de Mantenimiento Vehicular,,https://www.nissan.com.mx/content/dam/Nissan/mexico/assets/duenos_nissan/nissan-connect/generica/nissan-versa-generica-d.png
NissanConnect Finder,370 Z,2021,Nismo,Paquetes,Servicios,Localización en tiempo real,,https://www.nissan.com.mx/content/dam/Nissan/mexico/assets/duenos_nissan/nissan-connect/generica/nissan-versa-generica-d.png
NissanConnect Finder,370 Z,2021,Nismo,Paquetes,Servicios,Activación de bocina,,https://www.nissan.com.mx/content/dam/Nissan/mexico/assets/duenos_nissan/nissan-connect/generica/nissan-versa-generica-d.png
NissanConnect Finder,370 Z,2021,Nismo,Paquetes,Servicios,Geocercas,,https://www.nissan.com.mx/content/dam/Nissan/mexico/assets/duenos_nissan/nissan-connect/generica/nissan-versa-generica-d.png
NissanConnect Finder,370 Z,2021,Nismo,Paquetes,Servicios,Ubicación del Vehículo,,https://www.nissan.com.mx/content/dam/Nissan/mexico/assets/duenos_nissan/nissan-connect/generica/nissan-versa-generica-d.png
NissanConnect Finder,370 Z,2021,Nismo,Paquetes,Servicios,Sígueme,,https://www.nissan.com.mx/content/dam/Nissan/mexico/assets/duenos_nissan/nissan-connect/generica/nissan-versa-generica-d.png
NissanConnect Finder,370 Z,2021,Nismo,Paquetes,Servicios,Navegación,,https://www.nissan.com.mx/content/dam/Nissan/mexico/assets/duenos_nissan/nissan-connect/generica/nissan-versa-generica-d.png
NissanConnect Finder,370 Z,2021,Nismo,Paquetes,Servicios,Notificaciones,,https://www.nissan.com.mx/content/dam/Nissan/mexico/assets/duenos_nissan/nissan-connect/generica/nissan-versa-generica-d.png
NissanConnect Finder,370 Z,2021,Nismo,Paquetes,Servicios,Histórico de Rutas,,https://www.nissan.com.mx/content/dam/Nissan/mexico/assets/duenos_nissan/nissan-connect/generica/nissan-versa-generica-d.png
NissanConnect Finder,370 Z,2021,Nismo,Paquetes,Servicios,Asistencia de Vehículo Robado ,,https://www.nissan.com.mx/content/dam/Nissan/mexico/assets/duenos_nissan/nissan-connect/generica/nissan-versa-generica-d.png
NissanConnect Finder,370 Z,2021,Nismo,Paquetes,Servicios,Alerta de Movimiento,,https://www.nissan.com.mx/content/dam/Nissan/mexico/assets/duenos_nissan/nissan-connect/generica/nissan-versa-generica-d.png
NissanConnect Finder,370 Z,2021,Nismo,Paquetes,Servicios,Alerta de Velocidad,,https://www.nissan.com.mx/content/dam/Nissan/mexico/assets/duenos_nissan/nissan-connect/generica/nissan-versa-generica-d.png
NissanConnect Finder,370 Z,2021,Nismo,Paquetes,Servicios,Conexión a Asistencia Vial Nissan,,https://www.nissan.com.mx/content/dam/Nissan/mexico/assets/duenos_nissan/nissan-connect/generica/nissan-versa-generica-d.png
NissanConnect Finder,370 Z,2021,Nismo,Paquetes,Servicios,Asistencia NissanConnect® Finder,,https://www.nissan.com.mx/content/dam/Nissan/mexico/assets/duenos_nissan/nissan-connect/generica/nissan-versa-generica-d.png
NissanConnect Finder,370 Z,2021,Nismo,Paquetes,Servicios,Liga a Página de Citas de Mantenimiento Vehicular,,https://www.nissan.com.mx/content/dam/Nissan/mexico/assets/duenos_nissan/nissan-connect/generica/nissan-versa-generica-d.png
NissanConnect Services,Altima,2023,Advance,Paquetes,Select,Bloqueo / desbloqueo remoto de puertas,,
NissanConnect Services,Altima,2023,Advance,Paquetes,Select,Alerta de mantenimiento,,
NissanConnect Services,Altima,2023,Advance,Paquetes,Select,Notificación Mantenimiento Preventivo,,
NissanConnect Services,Altima,2023,Advance,Paquetes,Select,Mensaje enviado al vehículo,,
NissanConnect Services,Altima,2023,Advance,Paquetes,Select,Actualizaciones Over-The-Air,,
NissanConnect Services,Altima,2023,Advance,Paquetes,Select,Llamada de asistencia desde la App,,
NissanConnect Services,Altima,2023,Advance,Paquetes,Select,Vista Mapa,,
NissanConnect Services,Altima,2023,Advance,Paquetes,Select,Vista Satélite,,
NissanConnect Services,Altima,2023,Advance,Paquetes,Select,Destinos by Google,,
NissanConnect Services,Altima,2023,Advance,Paquetes,Select,Búsqueda Conectada,,
NissanConnect Services,Altima,2023,Advance,Paquetes,Select,Actualización de mapas Over-The-Air,,
NissanConnect Services,Altima,2023,Advance,Paquetes,Select,Premium Traffic,,
NissanConnect Services,Altima,2023,Advance,Paquetes,Select,TomTom Weather,,
NissanConnect Services,Altima,2023,Advance,Paquetes,Seguridad,Notificación automática de colisión (ACN),,
NissanConnect Services,Altima,2023,Advance,Paquetes,Seguridad,Llamada de emergencia,,
NissanConnect Services,Altima,2023,Advance,Paquetes,Seguridad,Conexión con asistencia vial,,
NissanConnect Services,Altima,2023,Advance,Paquetes,Seguridad,Notificación de alarma,,
NissanConnect Services,Altima,2023,Advance,Paquetes,Seguridad,Geocercas,,
NissanConnect Services,Altima,2023,Advance,Paquetes,Seguridad,Alerta de Valet,,
NissanConnect Services,Altima,2023,Advance,Paquetes,Seguridad,Alerta de velocidad,,
NissanConnect Services,Altima,2023,Advance,Paquetes,Seguridad,Alerta de movimiento programado,,
NissanConnect Services,Altima,2023,Advance,Paquetes,Seguridad,Asistencia de Vehículo Robado,,
NissanConnect Services,Altima,2023,Advance,Paquetes,Conveniencia,Arranque/ Apagado remoto de motor,,
NissanConnect Services,Altima,2023,Advance,Paquetes,Conveniencia,Luces destelladas y bocina remoto,,
NissanConnect Services,Altima,2023,Advance,Paquetes,Conveniencia,Localizar mi vehículo,,
NissanConnect Services,Altima,2023,Advance,Paquetes,Conveniencia,Estado remoto de mi vehículo,,
NissanConnect Services,Altima,2023,Advance,Paquetes,Conveniencia,Borrado remoto de datos,,
NissanConnect Services,Altima,2023,Advance,Paquetes,Conveniencia,Nissan Concierge,,
NissanConnect Services,Altima,2023,Advance,Paquetes,Conveniencia,Envío de destino al vehículo,,
NissanConnect Services,Altima,2023,Advance,Paquetes,Conveniencia,Asistente de destino,,
NissanConnect Services,Altima,2023,Advance,Paquetes,Conveniencia,Navegación puerta a puerta,,
NissanConnect Services,Altima,2023,Advance,Paquetes,Conveniencia,Planificador de viaje,,
NissanConnect Services,Altima,2023,Advance,Paquetes,Premium,Paquetes de Seguridad + Conveniencia + Select,,
NissanConnect Services,Altima,2023,Advance,Paquetes,Wi-Fi,Wi-Fi HotSpot,,
NissanConnect Services,Altima,2023,SR Turbo,Paquetes,Select,Bloqueo / desbloqueo remoto de puertas,,
NissanConnect Services,Altima,2023,SR Turbo,Paquetes,Select,Alerta de mantenimiento,,
NissanConnect Services,Altima,2023,SR Turbo,Paquetes,Select,Notificación Mantenimiento Preventivo,,
NissanConnect Services,Altima,2023,SR Turbo,Paquetes,Select,Mensaje enviado al vehículo,,
NissanConnect Services,Altima,2023,SR Turbo,Paquetes,Select,Actualizaciones Over-The-Air,,
NissanConnect Services,Altima,2023,SR Turbo,Paquetes,Select,Llamada de asistencia desde la App,,
NissanConnect Services,Altima,2023,SR Turbo,Paquetes,Seguridad,Notificación automática de colisión (ACN),,
NissanConnect Services,Altima,2023,SR Turbo,Paquetes,Seguridad,Llamada de emergencia,,
NissanConnect Services,Altima,2023,SR Turbo,Paquetes,Seguridad,Conexión con asistencia vial,,
NissanConnect Services,Altima,2023,SR Turbo,Paquetes,Seguridad,Notificación de alarma,,
NissanConnect Services,Altima,2023,SR Turbo,Paquetes,Seguridad,Geocercas,,
NissanConnect Services,Altima,2023,SR Turbo,Paquetes,Seguridad,Alerta de Valet,,
NissanConnect Services,Altima,2023,SR Turbo,Paquetes,Seguridad,Alerta de velocidad,,
NissanConnect Services,Altima,2023,SR Turbo,Paquetes,Seguridad,Alerta de movimiento programado,,
NissanConnect Services,Altima,2023,SR Turbo,Paquetes,Seguridad,Asistencia de Vehículo Robado,,
NissanConnect Services,Altima,2023,SR Turbo,Paquetes,Conveniencia,Arranque/ Apagado remoto de motor,,
NissanConnect Services,Altima,2023,SR Turbo,Paquetes,Conveniencia,Luces destelladas y bocina remoto,,
NissanConnect Services,Altima,2023,SR Turbo,Paquetes,Conveniencia,Localizar mi vehículo,,
NissanConnect Services,Altima,2023,SR Turbo,Paquetes,Conveniencia,Estado remoto de mi vehículo,,
NissanConnect Services,Altima,2023,SR Turbo,Paquetes,Conveniencia,Borrado remoto de datos,,
NissanConnect Services,Altima,2023,SR Turbo,Paquetes,Conveniencia,Nissan Concierge,,
NissanConnect Services,Altima,2023,SR Turbo,Paquetes,Premium,Paquetes de Seguridad + Conveniencia + Select,,
NissanConnect Services,Altima,2023,SR Turbo,Paquetes,Wi-Fi,Wi-Fi HotSpot,,
NissanConnect Services,Altima,2023,Exclusive Turbo,Paquetes,Select,Bloqueo / desbloqueo remoto de puertas,,
NissanConnect Services,Altima,2023,Exclusive Turbo,Paquetes,Select,Alerta de mantenimiento,,
NissanConnect Services,Altima,2023,Exclusive Turbo,Paquetes,Select,Notificación Mantenimiento Preventivo,,
NissanConnect Services,Altima,2023,Exclusive Turbo,Paquetes,Select,Mensaje enviado al vehículo,,
NissanConnect Services,Altima,2023,Exclusive Turbo,Paquetes,Select,Actualizaciones Over-The-Air,,
NissanConnect Services,Altima,2023,Exclusive Turbo,Paquetes,Select,Llamada de asistencia desde la App,,
NissanConnect Services,Altima,2023,Exclusive Turbo,Paquetes,Select,Vista Mapa,,
NissanConnect Services,Altima,2023,Exclusive Turbo,Paquetes,Select,Vista Satélite,,
NissanConnect Services,Altima,2023,Exclusive Turbo,Paquetes,Select,Destinos by Google,,
NissanConnect Services,Altima,2023,Exclusive Turbo,Paquetes,Select,Búsqueda Conectada,,
NissanConnect Services,Altima,2023,Exclusive Turbo,Paquetes,Select,Actualización de mapas Over-The-Air,,
NissanConnect Services,Altima,2023,Exclusive Turbo,Paquetes,Select,Premium Traffic,,
NissanConnect Services,Altima,2023,Exclusive Turbo,Paquetes,Select,TomTom Weather,,
NissanConnect Services,Altima,2023,Exclusive Turbo,Paquetes,Seguridad,Notificación automática de colisión (ACN),,
NissanConnect Services,Altima,2023,Exclusive Turbo,Paquetes,Seguridad,Llamada de emergencia,,
NissanConnect Services,Altima,2023,Exclusive Turbo,Paquetes,Seguridad,Conexión con asistencia vial,,
NissanConnect Services,Altima,2023,Exclusive Turbo,Paquetes,Seguridad,Notificación de alarma,,
NissanConnect Services,Altima,2023,Exclusive Turbo,Paquetes,Seguridad,Geocercas,,
NissanConnect Services,Altima,2023,Exclusive Turbo,Paquetes,Seguridad,Alerta de Valet,,
NissanConnect Services,Altima,2023,Exclusive Turbo,Paquetes,Seguridad,Alerta de velocidad,,
NissanConnect Services,Altima,2023,Exclusive Turbo,Paquetes,Seguridad,Alerta de movimiento programado,,
NissanConnect Services,Altima,2023,Exclusive Turbo,Paquetes,Seguridad,Asistencia de Vehículo Robado,,
NissanConnect Services,Altima,2023,Exclusive Turbo,Paquetes,Conveniencia,Arranque/ Apagado remoto de motor,,
NissanConnect Services,Altima,2023,Exclusive Turbo,Paquetes,Conveniencia,Luces destelladas y bocina remoto,,
NissanConnect Services,Altima,2023,Exclusive Turbo,Paquetes,Conveniencia,Localizar mi vehículo,,
NissanConnect Services,Altima,2023,Exclusive Turbo,Paquetes,Conveniencia,Estado remoto de mi vehículo,,
NissanConnect Services,Altima,2023,Exclusive Turbo,Paquetes,Conveniencia,Borrado remoto de datos,,
NissanConnect Services,Altima,2023,Exclusive Turbo,Paquetes,Conveniencia,Nissan Concierge,,
NissanConnect Services,Altima,2023,Exclusive Turbo,Paquetes,Conveniencia,Envío de destino al vehículo,,
NissanConnect Services,Altima,2023,Exclusive Turbo,Paquetes,Conveniencia,Asistente de destino,,
NissanConnect Services,Altima,2023,Exclusive Turbo,Paquetes,Conveniencia,Navegación puerta a puerta,,
NissanConnect Services,Altima,2023,Exclusive Turbo,Paquetes,Conveniencia,Planificador de viaje,,
NissanConnect Services,Altima,2023,Exclusive Turbo,Paquetes,Premium,Paquetes de Seguridad + Conveniencia + Select,,
NissanConnect Services,Altima,2023,Exclusive Turbo,Paquetes,Wi-Fi,Wi-Fi HotSpot,,
NissanConnect Services,Altima,2024,Advance,Paquetes,Select,Bloqueo / desbloqueo remoto de puertas,,
NissanConnect Services,Altima,2024,Advance,Paquetes,Select,Alerta de mantenimiento,,
NissanConnect Services,Altima,2024,Advance,Paquetes,Select,Notificación Mantenimiento Preventivo,,
NissanConnect Services,Altima,2024,Advance,Paquetes,Select,Mensaje enviado al vehículo,,
NissanConnect Services,Altima,2024,Advance,Paquetes,Select,Actualizaciones Over-The-Air,,
NissanConnect Services,Altima,2024,Advance,Paquetes,Select,Llamada de asistencia desde la App,,
NissanConnect Services,Altima,2024,Advance,Paquetes,Select,Vista Mapa,,
NissanConnect Services,Altima,2024,Advance,Paquetes,Select,Vista Satélite,,
NissanConnect Services,Altima,2024,Advance,Paquetes,Select,Destinos by Google,,
NissanConnect Services,Altima,2024,Advance,Paquetes,Select,Búsqueda Conectada,,
NissanConnect Services,Altima,2024,Advance,Paquetes,Select,Actualización de mapas Over-The-Air,,
NissanConnect Services,Altima,2024,Advance,Paquetes,Select,Premium Traffic,,
NissanConnect Services,Altima,2024,Advance,Paquetes,Select,TomTom Weather,,
NissanConnect Services,Altima,2024,Advance,Paquetes,Seguridad,Notificación automática de colisión (ACN),,
NissanConnect Services,Altima,2024,Advance,Paquetes,Seguridad,Llamada de emergencia,,
NissanConnect Services,Altima,2024,Advance,Paquetes,Seguridad,Conexión con asistencia vial,,
NissanConnect Services,Altima,2024,Advance,Paquetes,Seguridad,Notificación de alarma,,
NissanConnect Services,Altima,2024,Advance,Paquetes,Seguridad,Geocercas,,
NissanConnect Services,Altima,2024,Advance,Paquetes,Seguridad,Alerta de Valet,,
NissanConnect Services,Altima,2024,Advance,Paquetes,Seguridad,Alerta de velocidad,,
NissanConnect Services,Altima,2024,Advance,Paquetes,Seguridad,Alerta de movimiento programado,,
NissanConnect Services,Altima,2024,Advance,Paquetes,Seguridad,Asistencia de Vehículo Robado,,
NissanConnect Services,Altima,2024,Advance,Paquetes,Conveniencia,Arranque/ Apagado remoto de motor,,
NissanConnect Services,Altima,2024,Advance,Paquetes,Conveniencia,Luces destelladas y bocina remoto,,
NissanConnect Services,Altima,2024,Advance,Paquetes,Conveniencia,Localizar mi vehículo,,
NissanConnect Services,Altima,2024,Advance,Paquetes,Conveniencia,Estado remoto de mi vehículo,,
NissanConnect Services,Altima,2024,Advance,Paquetes,Conveniencia,Borrado remoto de datos,,
NissanConnect Services,Altima,2024,Advance,Paquetes,Conveniencia,Nissan Concierge,,
NissanConnect Services,Altima,2024,Advance,Paquetes,Conveniencia,Envío de destino al vehículo,,
NissanConnect Services,Altima,2024,Advance,Paquetes,Conveniencia,Asistente de destino,,
NissanConnect Services,Altima,2024,Advance,Paquetes,Conveniencia,Navegación puerta a puerta,,
NissanConnect Services,Altima,2024,Advance,Paquetes,Conveniencia,Planificador de viaje,,
NissanConnect Services,Altima,2024,Advance,Paquetes,Premium,Paquetes de Seguridad + Conveniencia + Select,,
NissanConnect Services,Altima,2024,Advance,Paquetes,Wi-Fi,Wi-Fi HotSpot,,
NissanConnect Services,Altima,2024,SR Turbo,Paquetes,Select,Bloqueo / desbloqueo remoto de puertas,,
NissanConnect Services,Altima,2024,SR Turbo,Paquetes,Select,Alerta de mantenimiento,,
NissanConnect Services,Altima,2024,SR Turbo,Paquetes,Select,Notificación Mantenimiento Preventivo,,
NissanConnect Services,Altima,2024,SR Turbo,Paquetes,Select,Mensaje enviado al vehículo,,
NissanConnect Services,Altima,2024,SR Turbo,Paquetes,Select,Actualizaciones Over-The-Air,,
NissanConnect Services,Altima,2024,SR Turbo,Paquetes,Select,Llamada de asistencia desde la App,,
NissanConnect Services,Altima,2024,SR Turbo,Paquetes,Seguridad,Notificación automática de colisión (ACN),,
NissanConnect Services,Altima,2024,SR Turbo,Paquetes,Seguridad,Llamada de emergencia,,
NissanConnect Services,Altima,2024,SR Turbo,Paquetes,Seguridad,Conexión con asistencia vial,,
NissanConnect Services,Altima,2024,SR Turbo,Paquetes,Seguridad,Notificación de alarma,,
NissanConnect Services,Altima,2024,SR Turbo,Paquetes,Seguridad,Geocercas,,
NissanConnect Services,Altima,2024,SR Turbo,Paquetes,Seguridad,Alerta de Valet,,
NissanConnect Services,Altima,2024,SR Turbo,Paquetes,Seguridad,Alerta de velocidad,,
NissanConnect Services,Altima,2024,SR Turbo,Paquetes,Seguridad,Alerta de movimiento programado,,
NissanConnect Services,Altima,2024,SR Turbo,Paquetes,Seguridad,Asistencia de Vehículo Robado,,
NissanConnect Services,Altima,2024,SR Turbo,Paquetes,Conveniencia,Arranque/ Apagado remoto de motor,,
NissanConnect Services,Altima,2024,SR Turbo,Paquetes,Conveniencia,Luces destelladas y bocina remoto,,
NissanConnect Services,Altima,2024,SR Turbo,Paquetes,Conveniencia,Localizar mi vehículo,,
NissanConnect Services,Altima,2024,SR Turbo,Paquetes,Conveniencia,Estado remoto de mi vehículo,,
NissanConnect Services,Altima,2024,SR Turbo,Paquetes,Conveniencia,Borrado remoto de datos,,
NissanConnect Services,Altima,2024,SR Turbo,Paquetes,Conveniencia,Nissan Concierge,,
NissanConnect Services,Altima,2024,SR Turbo,Paquetes,Premium,Paquetes de Seguridad + Conveniencia + Select,,
NissanConnect Services,Altima,2024,SR Turbo,Paquetes,Wi-Fi,Wi-Fi HotSpot,,
NissanConnect Services,Altima,2024,Exclusive Turbo,Paquetes,Select,Bloqueo / desbloqueo remoto de puertas,,
NissanConnect Services,Altima,2024,Exclusive Turbo,Paquetes,Select,Alerta de mantenimiento,,
NissanConnect Services,Altima,2024,Exclusive Turbo,Paquetes,Select,Notificación Mantenimiento Preventivo,,
NissanConnect Services,Altima,2024,Exclusive Turbo,Paquetes,Select,Mensaje enviado al vehículo,,
NissanConnect Services,Altima,2024,Exclusive Turbo,Paquetes,Select,Actualizaciones Over-The-Air,,
NissanConnect Services,Altima,2024,Exclusive Turbo,Paquetes,Select,Llamada de asistencia desde la App,,
NissanConnect Services,Altima,2024,Exclusive Turbo,Paquetes,Select,Vista Mapa,,
NissanConnect Services,Altima,2024,Exclusive Turbo,Paquetes,Select,Vista Satélite,,
NissanConnect Services,Altima,2024,Exclusive Turbo,Paquetes,Select,Destinos by Google,,
NissanConnect Services,Altima,2024,Exclusive Turbo,Paquetes,Select,Búsqueda Conectada,,
NissanConnect Services,Altima,2024,Exclusive Turbo,Paquetes,Select,Actualización de mapas Over-The-Air,,
NissanConnect Services,Altima,2024,Exclusive Turbo,Paquetes,Select,Premium Traffic,,
NissanConnect Services,Altima,2024,Exclusive Turbo,Paquetes,Select,TomTom Weather,,
NissanConnect Services,Altima,2024,Exclusive Turbo,Paquetes,Seguridad,Notificación automática de colisión (ACN),,
NissanConnect Services,Altima,2024,Exclusive Turbo,Paquetes,Seguridad,Llamada de emergencia,,
NissanConnect Services,Altima,2024,Exclusive Turbo,Paquetes,Seguridad,Conexión con asistencia vial,,
NissanConnect Services,Altima,2024,Exclusive Turbo,Paquetes,Seguridad,Notificación de alarma,,
NissanConnect Services,Altima,2024,Exclusive Turbo,Paquetes,Seguridad,Geocercas,,
NissanConnect Services,Altima,2024,Exclusive Turbo,Paquetes,Seguridad,Alerta de Valet,,
NissanConnect Services,Altima,2024,Exclusive Turbo,Paquetes,Seguridad,Alerta de velocidad,,
NissanConnect Services,Altima,2024,Exclusive Turbo,Paquetes,Seguridad,Alerta de movimiento programado,,
NissanConnect Services,Altima,2024,Exclusive Turbo,Paquetes,Seguridad,Asistencia de Vehículo Robado,,
NissanConnect Services,Altima,2024,Exclusive Turbo,Paquetes,Conveniencia,Arranque/ Apagado remoto de motor,,
NissanConnect Services,Altima,2024,Exclusive Turbo,Paquetes,Conveniencia,Luces destelladas y bocina remoto,,
NissanConnect Services,Altima,2024,Exclusive Turbo,Paquetes,Conveniencia,Localizar mi vehículo,,
NissanConnect Services,Altima,2024,Exclusive Turbo,Paquetes,Conveniencia,Estado remoto de mi vehículo,,
NissanConnect Services,Altima,2024,Exclusive Turbo,Paquetes,Conveniencia,Borrado remoto de datos,,
NissanConnect Services,Altima,2024,Exclusive Turbo,Paquetes,Conveniencia,Nissan Concierge,,
NissanConnect Services,Altima,2024,Exclusive Turbo,Paquetes,Conveniencia,Envío de destino al vehículo,,
NissanConnect Services,Altima,2024,Exclusive Turbo,Paquetes,Conveniencia,Asistente de destino,,
NissanConnect Services,Altima,2024,Exclusive Turbo,Paquetes,Conveniencia,Navegación puerta a puerta,,
NissanConnect Services,Altima,2024,Exclusive Turbo,Paquetes,Conveniencia,Planificador de viaje,,
NissanConnect Services,Altima,2024,Exclusive Turbo,Paquetes,Premium,Paquetes de Seguridad + Conveniencia + Select,,
NissanConnect Services,Altima,2024,Exclusive Turbo,Paquetes,Wi-Fi,Wi-Fi HotSpot,,
NissanConnect Finder,Frontier,2021,LE TM,Paquetes,Servicios,Localización en tiempo real,,
NissanConnect Finder,Frontier,2021,LE TM,Paquetes,Servicios,Activación de bocina,,
NissanConnect Finder,Frontier,2021,LE TM,Paquetes,Servicios,Geocercas,,
NissanConnect Finder,Frontier,2021,LE TM,Paquetes,Servicios,Ubicación del Vehículo,,
NissanConnect Finder,Frontier,2021,LE TM,Paquetes,Servicios,Sígueme,,
NissanConnect Finder,Frontier,2021,LE TM,Paquetes,Servicios,Navegación,,
NissanConnect Finder,Frontier,2021,LE TM,Paquetes,Servicios,Notificaciones,,
NissanConnect Finder,Frontier,2021,LE TM,Paquetes,Servicios,Histórico de Rutas,,
NissanConnect Finder,Frontier,2021,LE TM,Paquetes,Servicios,Asistencia de Vehículo Robado ,,
NissanConnect Finder,Frontier,2021,LE TM,Paquetes,Servicios,Alerta de Movimiento,,
NissanConnect Finder,Frontier,2021,LE TM,Paquetes,Servicios,Alerta de Velocidad,,
NissanConnect Finder,Frontier,2021,LE TM,Paquetes,Servicios,Conexión a Asistencia Vial Nissan,,
NissanConnect Finder,Frontier,2021,LE TM,Paquetes,Servicios,Asistencia NissanConnect® Finder,,
NissanConnect Finder,Frontier,2021,LE TM,Paquetes,Servicios,Liga a Página de Citas de Mantenimiento Vehicular,,
NissanConnect Finder,Frontier,2021,LE TA,Paquetes,Servicios,Localización en tiempo real,,
NissanConnect Finder,Frontier,2021,LE TA,Paquetes,Servicios,Activación de bocina,,
NissanConnect Finder,Frontier,2021,LE TA,Paquetes,Servicios,Geocercas,,
NissanConnect Finder,Frontier,2021,LE TA,Paquetes,Servicios,Ubicación del Vehículo,,
NissanConnect Finder,Frontier,2021,LE TA,Paquetes,Servicios,Sígueme,,
NissanConnect Finder,Frontier,2021,LE TA,Paquetes,Servicios,Navegación,,
NissanConnect Finder,Frontier,2021,LE TA,Paquetes,Servicios,Notificaciones,,
NissanConnect Finder,Frontier,2021,LE TA,Paquetes,Servicios,Histórico de Rutas,,
NissanConnect Finder,Frontier,2021,LE TA,Paquetes,Servicios,Asistencia de Vehículo Robado ,,
NissanConnect Finder,Frontier,2021,LE TA,Paquetes,Servicios,Alerta de Movimiento,,
NissanConnect Finder,Frontier,2021,LE TA,Paquetes,Servicios,Alerta de Velocidad,,
NissanConnect Finder,Frontier,2021,LE TA,Paquetes,Servicios,Conexión a Asistencia Vial Nissan,,
NissanConnect Finder,Frontier,2021,LE TA,Paquetes,Servicios,Asistencia NissanConnect® Finder,,
NissanConnect Finder,Frontier,2021,LE TA,Paquetes,Servicios,Liga a Página de Citas de Mantenimiento Vehicular,,
NissanConnect Finder,Frontier,2021,LE Platinum TA,Paquetes,Servicios,Localización en tiempo real,,
NissanConnect Finder,Frontier,2021,LE Platinum TA,Paquetes,Servicios,Activación de bocina,,
NissanConnect Finder,Frontier,2021,LE Platinum TA,Paquetes,Servicios,Geocercas,,
NissanConnect Finder,Frontier,2021,LE Platinum TA,Paquetes,Servicios,Ubicación del Vehículo,,
NissanConnect Finder,Frontier,2021,LE Platinum TA,Paquetes,Servicios,Sígueme,,
NissanConnect Finder,Frontier,2021,LE Platinum TA,Paquetes,Servicios,Navegación,,
NissanConnect Finder,Frontier,2021,LE Platinum TA,Paquetes,Servicios,Notificaciones,,
NissanConnect Finder,Frontier,2021,LE Platinum TA,Paquetes,Servicios,Histórico de Rutas,,
NissanConnect Finder,Frontier,2021,LE Platinum TA,Paquetes,Servicios,Asistencia de Vehículo Robado ,,
NissanConnect Finder,Frontier,2021,LE Platinum TA,Paquetes,Servicios,Alerta de Movimiento,,
NissanConnect Finder,Frontier,2021,LE Platinum TA,Paquetes,Servicios,Alerta de Velocidad,,
NissanConnect Finder,Frontier,2021,LE Platinum TA,Paquetes,Servicios,Conexión a Asistencia Vial Nissan,,
NissanConnect Finder,Frontier,2021,LE Platinum TA,Paquetes,Servicios,Asistencia NissanConnect® Finder,,
NissanConnect Finder,Frontier,2021,LE Platinum TA,Paquetes,Servicios,Liga a Página de Citas de Mantenimiento Vehicular,,
NissanConnect Finder,Frontier,2021,LE Platinum Diesel TA,Paquetes,Servicios,Localización en tiempo real,,
NissanConnect Finder,Frontier,2021,LE Platinum Diesel TA,Paquetes,Servicios,Activación de bocina,,
NissanConnect Finder,Frontier,2021,LE Platinum Diesel TA,Paquetes,Servicios,Geocercas,,
NissanConnect Finder,Frontier,2021,LE Platinum Diesel TA,Paquetes,Servicios,Ubicación del Vehículo,,
NissanConnect Finder,Frontier,2021,LE Platinum Diesel TA,Paquetes,Servicios,Sígueme,,
NissanConnect Finder,Frontier,2021,LE Platinum Diesel TA,Paquetes,Servicios,Navegación,,
NissanConnect Finder,Frontier,2021,LE Platinum Diesel TA,Paquetes,Servicios,Notificaciones,,
NissanConnect Finder,Frontier,2021,LE Platinum Diesel TA,Paquetes,Servicios,Histórico de Rutas,,
NissanConnect Finder,Frontier,2021,LE Platinum Diesel TA,Paquetes,Servicios,Asistencia de Vehículo Robado ,,
NissanConnect Finder,Frontier,2021,LE Platinum Diesel TA,Paquetes,Servicios,Alerta de Movimiento,,
NissanConnect Finder,Frontier,2021,LE Platinum Diesel TA,Paquetes,Servicios,Alerta de Velocidad,,
NissanConnect Finder,Frontier,2021,LE Platinum Diesel TA,Paquetes,Servicios,Conexión a Asistencia Vial Nissan,,
NissanConnect Finder,Frontier,2021,LE Platinum Diesel TA,Paquetes,Servicios,Asistencia NissanConnect® Finder,,
NissanConnect Finder,Frontier,2021,LE Platinum Diesel TA,Paquetes,Servicios,Liga a Página de Citas de Mantenimiento Vehicular,,
NissanConnect Finder,Frontier,2021,PRO-4X,Paquetes,Servicios,Localización en tiempo real,,
NissanConnect Finder,Frontier,2021,PRO-4X,Paquetes,Servicios,Activación de bocina,,
NissanConnect Finder,Frontier,2021,PRO-4X,Paquetes,Servicios,Geocercas,,
NissanConnect Finder,Frontier,2021,PRO-4X,Paquetes,Servicios,Ubicación del Vehículo,,
NissanConnect Finder,Frontier,2021,PRO-4X,Paquetes,Servicios,Sígueme,,
NissanConnect Finder,Frontier,2021,PRO-4X,Paquetes,Servicios,Navegación,,
NissanConnect Finder,Frontier,2021,PRO-4X,Paquetes,Servicios,Notificaciones,,
NissanConnect Finder,Frontier,2021,PRO-4X,Paquetes,Servicios,Histórico de Rutas,,
NissanConnect Finder,Frontier,2021,PRO-4X,Paquetes,Servicios,Asistencia de Vehículo Robado ,,
NissanConnect Finder,Frontier,2021,PRO-4X,Paquetes,Servicios,Alerta de Movimiento,,
NissanConnect Finder,Frontier,2021,PRO-4X,Paquetes,Servicios,Alerta de Velocidad,,
NissanConnect Finder,Frontier,2021,PRO-4X,Paquetes,Servicios,Conexión a Asistencia Vial Nissan,,
NissanConnect Finder,Frontier,2021,PRO-4X,Paquetes,Servicios,Asistencia NissanConnect® Finder,,
NissanConnect Finder,Frontier,2021,PRO-4X,Paquetes,Servicios,Liga a Página de Citas de Mantenimiento Vehicular,,
NissanConnect Finder,Frontier,2022,LE TM,Paquetes,Servicios,Localización en tiempo real,,
NissanConnect Finder,Frontier,2022,LE TM,Paquetes,Servicios,Activación de bocina,,
NissanConnect Finder,Frontier,2022,LE TM,Paquetes,Servicios,Geocercas,,
NissanConnect Finder,Frontier,2022,LE TM,Paquetes,Servicios,Ubicación del Vehículo,,
NissanConnect Finder,Frontier,2022,LE TM,Paquetes,Servicios,Sígueme,,
NissanConnect Finder,Frontier,2022,LE TM,Paquetes,Servicios,Navegación,,
NissanConnect Finder,Frontier,2022,LE TM,Paquetes,Servicios,Notificaciones,,
NissanConnect Finder,Frontier,2022,LE TM,Paquetes,Servicios,Histórico de Rutas,,
NissanConnect Finder,Frontier,2022,LE TM,Paquetes,Servicios,Asistencia de Vehículo Robado ,,
NissanConnect Finder,Frontier,2022,LE TM,Paquetes,Servicios,Alerta de Movimiento,,
NissanConnect Finder,Frontier,2022,LE TM,Paquetes,Servicios,Alerta de Velocidad,,
NissanConnect Finder,Frontier,2022,LE TM,Paquetes,Servicios,Conexión a Asistencia Vial Nissan,,
NissanConnect Finder,Frontier,2022,LE TM,Paquetes,Servicios,Asistencia NissanConnect® Finder,,
NissanConnect Finder,Frontier,2022,LE TM,Paquetes,Servicios,Liga a Página de Citas de Mantenimiento Vehicular,,
NissanConnect Finder,Frontier,2022,LE TA,Paquetes,Servicios,Localización en tiempo real,,
NissanConnect Finder,Frontier,2022,LE TA,Paquetes,Servicios,Activación de bocina,,
NissanConnect Finder,Frontier,2022,LE TA,Paquetes,Servicios,Geocercas,,
NissanConnect Finder,Frontier,2022,LE TA,Paquetes,Servicios,Ubicación del Vehículo,,
NissanConnect Finder,Frontier,2022,LE TA,Paquetes,Servicios,Sígueme,,
NissanConnect Finder,Frontier,2022,LE TA,Paquetes,Servicios,Navegación,,
NissanConnect Finder,Frontier,2022,LE TA,Paquetes,Servicios,Notificaciones,,
NissanConnect Finder,Frontier,2022,LE TA,Paquetes,Servicios,Histórico de Rutas,,
NissanConnect Finder,Frontier,2022,LE TA,Paquetes,Servicios,Asistencia de Vehículo Robado ,,
NissanConnect Finder,Frontier,2022,LE TA,Paquetes,Servicios,Alerta de Movimiento,,
NissanConnect Finder,Frontier,2022,LE TA,Paquetes,Servicios,Alerta de Velocidad,,
NissanConnect Finder,Frontier,2022,LE TA,Paquetes,Servicios,Conexión a Asistencia Vial Nissan,,
NissanConnect Finder,Frontier,2022,LE TA,Paquetes,Servicios,Asistencia NissanConnect® Finder,,
NissanConnect Finder,Frontier,2022,LE TA,Paquetes,Servicios,Liga a Página de Citas de Mantenimiento Vehicular,,
NissanConnect Finder,Frontier,2022,LE Platinum TA,Paquetes,Servicios,Localización en tiempo real,,
NissanConnect Finder,Frontier,2022,LE Platinum TA,Paquetes,Servicios,Activación de bocina,,
NissanConnect Finder,Frontier,2022,LE Platinum TA,Paquetes,Servicios,Geocercas,,
NissanConnect Finder,Frontier,2022,LE Platinum TA,Paquetes,Servicios,Ubicación del Vehículo,,
NissanConnect Finder,Frontier,2022,LE Platinum TA,Paquetes,Servicios,Sígueme,,
NissanConnect Finder,Frontier,2022,LE Platinum TA,Paquetes,Servicios,Navegación,,
NissanConnect Finder,Frontier,2022,LE Platinum TA,Paquetes,Servicios,Notificaciones,,
NissanConnect Finder,Frontier,2022,LE Platinum TA,Paquetes,Servicios,Histórico de Rutas,,
NissanConnect Finder,Frontier,2022,LE Platinum TA,Paquetes,Servicios,Asistencia de Vehículo Robado ,,
NissanConnect Finder,Frontier,2022,LE Platinum TA,Paquetes,Servicios,Alerta de Movimiento,,
NissanConnect Finder,Frontier,2022,LE Platinum TA,Paquetes,Servicios,Alerta de Velocidad,,
NissanConnect Finder,Frontier,2022,LE Platinum TA,Paquetes,Servicios,Conexión a Asistencia Vial Nissan,,
NissanConnect Finder,Frontier,2022,LE Platinum TA,Paquetes,Servicios,Asistencia NissanConnect® Finder,,
NissanConnect Finder,Frontier,2022,LE Platinum TA,Paquetes,Servicios,Liga a Página de Citas de Mantenimiento Vehicular,,
NissanConnect Finder,Frontier,2022,LE Platinum Diesel TA,Paquetes,Servicios,Localización en tiempo real,,
NissanConnect Finder,Frontier,2022,LE Platinum Diesel TA,Paquetes,Servicios,Activación de bocina,,
NissanConnect Finder,Frontier,2022,LE Platinum Diesel TA,Paquetes,Servicios,Geocercas,,
NissanConnect Finder,Frontier,2022,LE Platinum Diesel TA,Paquetes,Servicios,Ubicación del Vehículo,,
NissanConnect Finder,Frontier,2022,LE Platinum Diesel TA,Paquetes,Servicios,Sígueme,,
NissanConnect Finder,Frontier,2022,LE Platinum Diesel TA,Paquetes,Servicios,Navegación,,
NissanConnect Finder,Frontier,2022,LE Platinum Diesel TA,Paquetes,Servicios,Notificaciones,,
NissanConnect Finder,Frontier,2022,LE Platinum Diesel TA,Paquetes,Servicios,Histórico de Rutas,,
NissanConnect Finder,Frontier,2022,LE Platinum Diesel TA,Paquetes,Servicios,Asistencia de Vehículo Robado ,,
NissanConnect Finder,Frontier,2022,LE Platinum Diesel TA,Paquetes,Servicios,Alerta de Movimiento,,
NissanConnect Finder,Frontier,2022,LE Platinum Diesel TA,Paquetes,Servicios,Alerta de Velocidad,,
NissanConnect Finder,Frontier,2022,LE Platinum Diesel TA,Paquetes,Servicios,Conexión a Asistencia Vial Nissan,,
NissanConnect Finder,Frontier,2022,LE Platinum Diesel TA,Paquetes,Servicios,Asistencia NissanConnect® Finder,,
NissanConnect Finder,Frontier,2022,LE Platinum Diesel TA,Paquetes,Servicios,Liga a Página de Citas de Mantenimiento Vehicular,,
NissanConnect Finder,Frontier,2022,PRO-4X,Paquetes,Servicios,Localización en tiempo real,,
NissanConnect Finder,Frontier,2022,PRO-4X,Paquetes,Servicios,Activación de bocina,,
NissanConnect Finder,Frontier,2022,PRO-4X,Paquetes,Servicios,Geocercas,,
NissanConnect Finder,Frontier,2022,PRO-4X,Paquetes,Servicios,Ubicación del Vehículo,,
NissanConnect Finder,Frontier,2022,PRO-4X,Paquetes,Servicios,Sígueme,,
NissanConnect Finder,Frontier,2022,PRO-4X,Paquetes,Servicios,Navegación,,
NissanConnect Finder,Frontier,2022,PRO-4X,Paquetes,Servicios,Notificaciones,,
NissanConnect Finder,Frontier,2022,PRO-4X,Paquetes,Servicios,Histórico de Rutas,,
NissanConnect Finder,Frontier,2022,PRO-4X,Paquetes,Servicios,Asistencia de Vehículo Robado ,,
NissanConnect Finder,Frontier,2022,PRO-4X,Paquetes,Servicios,Alerta de Movimiento,,
NissanConnect Finder,Frontier,2022,PRO-4X,Paquetes,Servicios,Alerta de Velocidad,,
NissanConnect Finder,Frontier,2022,PRO-4X,Paquetes,Servicios,Conexión a Asistencia Vial Nissan,,
NissanConnect Finder,Frontier,2022,PRO-4X,Paquetes,Servicios,Asistencia NissanConnect® Finder,,
NissanConnect Finder,Frontier,2022,PRO-4X,Paquetes,Servicios,Liga a Página de Citas de Mantenimiento Vehicular,,
NissanConnect Finder,Frontier,2023,LE TM,Paquetes,Servicios,Localización en tiempo real,,
NissanConnect Finder,Frontier,2023,LE TM,Paquetes,Servicios,Activación de bocina,,
NissanConnect Finder,Frontier,2023,LE TM,Paquetes,Servicios,Geocercas,,
NissanConnect Finder,Frontier,2023,LE TM,Paquetes,Servicios,Ubicación del Vehículo,,
NissanConnect Finder,Frontier,2023,LE TM,Paquetes,Servicios,Sígueme,,
NissanConnect Finder,Frontier,2023,LE TM,Paquetes,Servicios,Navegación,,
NissanConnect Finder,Frontier,2023,LE TM,Paquetes,Servicios,Notificaciones,,
NissanConnect Finder,Frontier,2023,LE TM,Paquetes,Servicios,Histórico de Rutas,,
NissanConnect Finder,Frontier,2023,LE TM,Paquetes,Servicios,Asistencia de Vehículo Robado ,,
NissanConnect Finder,Frontier,2023,LE TM,Paquetes,Servicios,Alerta de Movimiento,,
NissanConnect Finder,Frontier,2023,LE TM,Paquetes,Servicios,Alerta de Velocidad,,
NissanConnect Finder,Frontier,2023,LE TM,Paquetes,Servicios,Conexión a Asistencia Vial Nissan,,
NissanConnect Finder,Frontier,2023,LE TM,Paquetes,Servicios,Asistencia NissanConnect® Finder,,
NissanConnect Finder,Frontier,2023,LE TM,Paquetes,Servicios,Liga a Página de Citas de Mantenimiento Vehicular,,
NissanConnect Finder,Frontier,2023,LE TA,Paquetes,Servicios,Localización en tiempo real,,
NissanConnect Finder,Frontier,2023,LE TA,Paquetes,Servicios,Activación de bocina,,
NissanConnect Finder,Frontier,2023,LE TA,Paquetes,Servicios,Geocercas,,
NissanConnect Finder,Frontier,2023,LE TA,Paquetes,Servicios,Ubicación del Vehículo,,
NissanConnect Finder,Frontier,2023,LE TA,Paquetes,Servicios,Sígueme,,
NissanConnect Finder,Frontier,2023,LE TA,Paquetes,Servicios,Navegación,,
NissanConnect Finder,Frontier,2023,LE TA,Paquetes,Servicios,Notificaciones,,
NissanConnect Finder,Frontier,2023,LE TA,Paquetes,Servicios,Histórico de Rutas,,
NissanConnect Finder,Frontier,2023,LE TA,Paquetes,Servicios,Asistencia de Vehículo Robado ,,
NissanConnect Finder,Frontier,2023,LE TA,Paquetes,Servicios,Alerta de Movimiento,,
NissanConnect Finder,Frontier,2023,LE TA,Paquetes,Servicios,Alerta de Velocidad,,
NissanConnect Finder,Frontier,2023,LE TA,Paquetes,Servicios,Conexión a Asistencia Vial Nissan,,
NissanConnect Finder,Frontier,2023,LE TA,Paquetes,Servicios,Asistencia NissanConnect® Finder,,
NissanConnect Finder,Frontier,2023,LE TA,Paquetes,Servicios,Liga a Página de Citas de Mantenimiento Vehicular,,
NissanConnect Finder,Frontier,2024,LE TM,Paquetes,Servicios,Localización en tiempo real,,
NissanConnect Finder,Frontier,2024,LE TM,Paquetes,Servicios,Activación de bocina,,
NissanConnect Finder,Frontier,2024,LE TM,Paquetes,Servicios,Geocercas,,
NissanConnect Finder,Frontier,2024,LE TM,Paquetes,Servicios,Ubicación del Vehículo,,
NissanConnect Finder,Frontier,2024,LE TM,Paquetes,Servicios,Sígueme,,
NissanConnect Finder,Frontier,2024,LE TM,Paquetes,Servicios,Navegación,,
NissanConnect Finder,Frontier,2024,LE TM,Paquetes,Servicios,Notificaciones,,
NissanConnect Finder,Frontier,2024,LE TM,Paquetes,Servicios,Histórico de Rutas,,
NissanConnect Finder,Frontier,2024,LE TM,Paquetes,Servicios,Asistencia de Vehículo Robado ,,
NissanConnect Finder,Frontier,2024,LE TM,Paquetes,Servicios,Alerta de Movimiento,,
NissanConnect Finder,Frontier,2024,LE TM,Paquetes,Servicios,Alerta de Velocidad,,
NissanConnect Finder,Frontier,2024,LE TM,Paquetes,Servicios,Alerta de Arrastre,,
NissanConnect Finder,Frontier,2024,LE TM,Paquetes,Servicios,Alerta de Posible Emergencia Vial,,
NissanConnect Finder,Frontier,2024,LE TM,Paquetes,Servicios,Conexión a Asistencia Vial Nissan,,
NissanConnect Finder,Frontier,2024,LE TM,Paquetes,Servicios,Asistencia NissanConnect® Finder,,
NissanConnect Finder,Frontier,2024,LE TM,Paquetes,Servicios,Liga a Página de Citas de Mantenimiento Vehicular,,
NissanConnect Finder,Frontier,2024,LE TA,Paquetes,Servicios,Localización en tiempo real,,
NissanConnect Finder,Frontier,2024,LE TA,Paquetes,Servicios,Activación de bocina,,
NissanConnect Finder,Frontier,2024,LE TA,Paquetes,Servicios,Geocercas,,
NissanConnect Finder,Frontier,2024,LE TA,Paquetes,Servicios,Ubicación del Vehículo,,
NissanConnect Finder,Frontier,2024,LE TA,Paquetes,Servicios,Sígueme,,
NissanConnect Finder,Frontier,2024,LE TA,Paquetes,Servicios,Navegación,,
NissanConnect Finder,Frontier,2024,LE TA,Paquetes,Servicios,Notificaciones,,
NissanConnect Finder,Frontier,2024,LE TA,Paquetes,Servicios,Histórico de Rutas,,
NissanConnect Finder,Frontier,2024,LE TA,Paquetes,Servicios,Asistencia de Vehículo Robado ,,
NissanConnect Finder,Frontier,2024,LE TA,Paquetes,Servicios,Alerta de Movimiento,,
NissanConnect Finder,Frontier,2024,LE TA,Paquetes,Servicios,Alerta de Velocidad,,
NissanConnect Finder,Frontier,2024,LE TA,Paquetes,Servicios,Alerta de Arrastre,,
NissanConnect Finder,Frontier,2024,LE TA,Paquetes,Servicios,Alerta de Posible Emergencia Vial,,
NissanConnect Finder,Frontier,2024,LE TA,Paquetes,Servicios,Conexión a Asistencia Vial Nissan,,
NissanConnect Finder,Frontier,2024,LE TA,Paquetes,Servicios,Asistencia NissanConnect® Finder,,
NissanConnect Finder,Frontier,2024,LE TA,Paquetes,Servicios,Liga a Página de Citas de Mantenimiento Vehicular,,
NissanConnect Finder,Frontier,2025,LE TM,Paquetes,Servicios,Localización en tiempo real,,https://www.nissan.com.mx/content/dam/Nissan/mexico/assets/duenos_nissan/nissan-connect/frontier/nissan-2025-frontier-platinum-d.jpeg
NissanConnect Finder,Frontier,2025,LE TM,Paquetes,Servicios,Activación de bocina,,https://www.nissan.com.mx/content/dam/Nissan/mexico/assets/duenos_nissan/nissan-connect/frontier/nissan-2025-frontier-platinum-d.jpeg
NissanConnect Finder,Frontier,2025,LE TM,Paquetes,Servicios,Geocercas,,https://www.nissan.com.mx/content/dam/Nissan/mexico/assets/duenos_nissan/nissan-connect/frontier/nissan-2025-frontier-platinum-d.jpeg
NissanConnect Finder,Frontier,2025,LE TM,Paquetes,Servicios,Ubicación del Vehículo,,https://www.nissan.com.mx/content/dam/Nissan/mexico/assets/duenos_nissan/nissan-connect/frontier/nissan-2025-frontier-platinum-d.jpeg
NissanConnect Finder,Frontier,2025,LE TM,Paquetes,Servicios,Sígueme,,https://www.nissan.com.mx/content/dam/Nissan/mexico/assets/duenos_nissan/nissan-connect/frontier/nissan-2025-frontier-platinum-d.jpeg
NissanConnect Finder,Frontier,2025,LE TM,Paquetes,Servicios,Navegación,,https://www.nissan.com.mx/content/dam/Nissan/mexico/assets/duenos_nissan/nissan-connect/frontier/nissan-2025-frontier-platinum-d.jpeg
NissanConnect Finder,Frontier,2025,LE TM,Paquetes,Servicios,Notificaciones,,https://www.nissan.com.mx/content/dam/Nissan/mexico/assets/duenos_nissan/nissan-connect/frontier/nissan-2025-frontier-platinum-d.jpeg
NissanConnect Finder,Frontier,2025,LE TM,Paquetes,Servicios,Histórico de Rutas,,https://www.nissan.com.mx/content/dam/Nissan/mexico/assets/duenos_nissan/nissan-connect/frontier/nissan-2025-frontier-platinum-d.jpeg
NissanConnect Finder,Frontier,2025,LE TM,Paquetes,Servicios,Asistencia de Vehículo Robado ,,https://www.nissan.com.mx/content/dam/Nissan/mexico/assets/duenos_nissan/nissan-connect/frontier/nissan-2025-frontier-platinum-d.jpeg
NissanConnect Finder,Frontier,2025,LE TM,Paquetes,Servicios,Alerta de Movimiento,,https://www.nissan.com.mx/content/dam/Nissan/mexico/assets/duenos_nissan/nissan-connect/frontier/nissan-2025-frontier-platinum-d.jpeg
NissanConnect Finder,Frontier,2025,LE TM,Paquetes,Servicios,Alerta de Velocidad,,https://www.nissan.com.mx/content/dam/Nissan/mexico/assets/duenos_nissan/nissan-connect/frontier/nissan-2025-frontier-platinum-d.jpeg
NissanConnect Finder,Frontier,2025,LE TM,Paquetes,Servicios,Alerta de Arrastre,,https://www.nissan.com.mx/content/dam/Nissan/mexico/assets/duenos_nissan/nissan-connect/frontier/nissan-2025-frontier-platinum-d.jpeg
NissanConnect Finder,Frontier,2025,LE TM,Paquetes,Servicios,Alerta de Posible Emergencia Vial,,https://www.nissan.com.mx/content/dam/Nissan/mexico/assets/duenos_nissan/nissan-connect/frontier/nissan-2025-frontier-platinum-d.jpeg
NissanConnect Finder,Frontier,2025,LE TM,Paquetes,Servicios,Conexión a Asistencia Vial Nissan,,https://www.nissan.com.mx/content/dam/Nissan/mexico/assets/duenos_nissan/nissan-connect/frontier/nissan-2025-frontier-platinum-d.jpeg
NissanConnect Finder,Frontier,2025,LE TM,Paquetes,Servicios,Asistencia NissanConnect® Finder,,https://www.nissan.com.mx/content/dam/Nissan/mexico/assets/duenos_nissan/nissan-connect/frontier/nissan-2025-frontier-platinum-d.jpeg
NissanConnect Finder,Frontier,2025,LE TM,Paquetes,Servicios,Liga a Página de Citas de Mantenimiento Vehicular,,https://www.nissan.com.mx/content/dam/Nissan/mexico/assets/duenos_nissan/nissan-connect/frontier/nissan-2025-frontier-platinum-d.jpeg
NissanConnect Finder,Frontier,2025,LE TM,Manuales y Guías,Pocket Guide,Aprende a configurar y utilizar las funciones conectadas de tu Nissan.,,
NissanConnect Finder,Frontier,2025,LE TM,Manuales y Guías,Quick Guide,Conoce algunos de los servicios que ofrece NissanConnect Finder y accede a un QR para descargar la App.,,
NissanConnect Finder,Frontier,2025,LE TA,Paquetes,Servicios,Localización en tiempo real,,https://www.nissan.com.mx/content/dam/Nissan/mexico/assets/duenos_nissan/nissan-connect/frontier/nissan-2025-frontier-platinum-d.jpeg
NissanConnect Finder,Frontier,2025,LE TA,Paquetes,Servicios,Activación de bocina,,https://www.nissan.com.mx/content/dam/Nissan/mexico/assets/duenos_nissan/nissan-connect/frontier/nissan-2025-frontier-platinum-d.jpeg
NissanConnect Finder,Frontier,2025,LE TA,Paquetes,Servicios,Geocercas,,https://www.nissan.com.mx/content/dam/Nissan/mexico/assets/duenos_nissan/nissan-connect/frontier/nissan-2025-frontier-platinum-d.jpeg
NissanConnect Finder,Frontier,2025,LE TA,Paquetes,Servicios,Ubicación del Vehículo,,https://www.nissan.com.mx/content/dam/Nissan/mexico/assets/duenos_nissan/nissan-connect/frontier/nissan-2025-frontier-platinum-d.jpeg
NissanConnect Finder,Frontier,2025,LE TA,Paquetes,Servicios,Sígueme,,https://www.nissan.com.mx/content/dam/Nissan/mexico/assets/duenos_nissan/nissan-connect/frontier/nissan-2025-frontier-platinum-d.jpeg
NissanConnect Finder,Frontier,2025,LE TA,Paquetes,Servicios,Navegación,,https://www.nissan.com.mx/content/dam/Nissan/mexico/assets/duenos_nissan/nissan-connect/frontier/nissan-2025-frontier-platinum-d.jpeg
NissanConnect Finder,Frontier,2025,LE TA,Paquetes,Servicios,Notificaciones,,https://www.nissan.com.mx/content/dam/Nissan/mexico/assets/duenos_nissan/nissan-connect/frontier/nissan-2025-frontier-platinum-d.jpeg
NissanConnect Finder,Frontier,2025,LE TA,Paquetes,Servicios,Histórico de Rutas,,https://www.nissan.com.mx/content/dam/Nissan/mexico/assets/duenos_nissan/nissan-connect/frontier/nissan-2025-frontier-platinum-d.jpeg
NissanConnect Finder,Frontier,2025,LE TA,Paquetes,Servicios,Asistencia de Vehículo Robado ,,https://www.nissan.com.mx/content/dam/Nissan/mexico/assets/duenos_nissan/nissan-connect/frontier/nissan-2025-frontier-platinum-d.jpeg
NissanConnect Finder,Frontier,2025,LE TA,Paquetes,Servicios,Alerta de Movimiento,,https://www.nissan.com.mx/content/dam/Nissan/mexico/assets/duenos_nissan/nissan-connect/frontier/nissan-2025-frontier-platinum-d.jpeg
NissanConnect Finder,Frontier,2025,LE TA,Paquetes,Servicios,Alerta de Velocidad,,https://www.nissan.com.mx/content/dam/Nissan/mexico/assets/duenos_nissan/nissan-connect/frontier/nissan-2025-frontier-platinum-d.jpeg
NissanConnect Finder,Frontier,2025,LE TA,Paquetes,Servicios,Alerta de Arrastre,,https://www.nissan.com.mx/content/dam/Nissan/mexico/assets/duenos_nissan/nissan-connect/frontier/nissan-2025-frontier-platinum-d.jpeg
NissanConnect Finder,Frontier,2025,LE TA,Paquetes,Servicios,Alerta de Posible Emergencia Vial,,https://www.nissan.com.mx/content/dam/Nissan/mexico/assets/duenos_nissan/nissan-connect/frontier/nissan-2025-frontier-platinum-d.jpeg
NissanConnect Finder,Frontier,2025,LE TA,Paquetes,Servicios,Conexión a Asistencia Vial Nissan,,https://www.nissan.com.mx/content/dam/Nissan/mexico/assets/duenos_nissan/nissan-connect/frontier/nissan-2025-frontier-platinum-d.jpeg
NissanConnect Finder,Frontier,2025,LE TA,Paquetes,Servicios,Asistencia NissanConnect® Finder,,https://www.nissan.com.mx/content/dam/Nissan/mexico/assets/duenos_nissan/nissan-connect/frontier/nissan-2025-frontier-platinum-d.jpeg
NissanConnect Finder,Frontier,2025,LE TA,Paquetes,Servicios,Liga a Página de Citas de Mantenimiento Vehicular,,https://www.nissan.com.mx/content/dam/Nissan/mexico/assets/duenos_nissan/nissan-connect/frontier/nissan-2025-frontier-platinum-d.jpeg
NissanConnect Finder,Frontier,2025,LE TA,Manuales y Guías,Pocket Guide,Aprende a configurar y utilizar las funciones conectadas de tu Nissan.,,
NissanConnect Finder,Frontier,2025,LE TA,Manuales y Guías,Quick Guide,Conoce algunos de los servicios que ofrece NissanConnect Finder y accede a un QR para descargar la App.,,
NissanConnect Finder,Frontier,2026,LE TM,Paquetes,Servicios,Localización en tiempo real,,https://www.nissan.com.mx/content/dam/Nissan/mexico/assets/duenos_nissan/nissan-connect/frontier/nissan-2026-frontier-platinum-d.jpeg
NissanConnect Finder,Frontier,2026,LE TM,Paquetes,Servicios,Activación de bocina,,https://www.nissan.com.mx/content/dam/Nissan/mexico/assets/duenos_nissan/nissan-connect/frontier/nissan-2026-frontier-platinum-d.jpeg
NissanConnect Finder,Frontier,2026,LE TM,Paquetes,Servicios,Geocercas,,https://www.nissan.com.mx/content/dam/Nissan/mexico/assets/duenos_nissan/nissan-connect/frontier/nissan-2026-frontier-platinum-d.jpeg
NissanConnect Finder,Frontier,2026,LE TM,Paquetes,Servicios,Ubicación del Vehículo,,https://www.nissan.com.mx/content/dam/Nissan/mexico/assets/duenos_nissan/nissan-connect/frontier/nissan-2026-frontier-platinum-d.jpeg
NissanConnect Finder,Frontier,2026,LE TM,Paquetes,Servicios,Sígueme,,https://www.nissan.com.mx/content/dam/Nissan/mexico/assets/duenos_nissan/nissan-connect/frontier/nissan-2026-frontier-platinum-d.jpeg
NissanConnect Finder,Frontier,2026,LE TM,Paquetes,Servicios,Navegación,,https://www.nissan.com.mx/content/dam/Nissan/mexico/assets/duenos_nissan/nissan-connect/frontier/nissan-2026-frontier-platinum-d.jpeg
NissanConnect Finder,Frontier,2026,LE TM,Paquetes,Servicios,Notificaciones,,https://www.nissan.com.mx/content/dam/Nissan/mexico/assets/duenos_nissan/nissan-connect/frontier/nissan-2026-frontier-platinum-d.jpeg
NissanConnect Finder,Frontier,2026,LE TM,Paquetes,Servicios,Histórico de Rutas,,https://www.nissan.com.mx/content/dam/Nissan/mexico/assets/duenos_nissan/nissan-connect/frontier/nissan-2026-frontier-platinum-d.jpeg
NissanConnect Finder,Frontier,2026,LE TM,Paquetes,Servicios,Asistencia de Vehículo Robado ,,https://www.nissan.com.mx/content/dam/Nissan/mexico/assets/duenos_nissan/nissan-connect/frontier/nissan-2026-frontier-platinum-d.jpeg
NissanConnect Finder,Frontier,2026,LE TM,Paquetes,Servicios,Alerta de Movimiento,,https://www.nissan.com.mx/content/dam/Nissan/mexico/assets/duenos_nissan/nissan-connect/frontier/nissan-2026-frontier-platinum-d.jpeg
NissanConnect Finder,Frontier,2026,LE TM,Paquetes,Servicios,Alerta de Velocidad,,https://www.nissan.com.mx/content/dam/Nissan/mexico/assets/duenos_nissan/nissan-connect/frontier/nissan-2026-frontier-platinum-d.jpeg
NissanConnect Finder,Frontier,2026,LE TM,Paquetes,Servicios,Alerta de Arrastre,,https://www.nissan.com.mx/content/dam/Nissan/mexico/assets/duenos_nissan/nissan-connect/frontier/nissan-2026-frontier-platinum-d.jpeg
NissanConnect Finder,Frontier,2026,LE TM,Paquetes,Servicios,Alerta de Posible Emergencia Vial,,https://www.nissan.com.mx/content/dam/Nissan/mexico/assets/duenos_nissan/nissan-connect/frontier/nissan-2026-frontier-platinum-d.jpeg
NissanConnect Finder,Frontier,2026,LE TM,Paquetes,Servicios,Conexión a Asistencia Vial Nissan,,https://www.nissan.com.mx/content/dam/Nissan/mexico/assets/duenos_nissan/nissan-connect/frontier/nissan-2026-frontier-platinum-d.jpeg
NissanConnect Finder,Frontier,2026,LE TM,Paquetes,Servicios,Asistencia NissanConnect® Finder,,https://www.nissan.com.mx/content/dam/Nissan/mexico/assets/duenos_nissan/nissan-connect/frontier/nissan-2026-frontier-platinum-d.jpeg
NissanConnect Finder,Frontier,2026,LE TM,Paquetes,Servicios,Liga a Página de Citas de Mantenimiento Vehicular,,https://www.nissan.com.mx/content/dam/Nissan/mexico/assets/duenos_nissan/nissan-connect/frontier/nissan-2026-frontier-platinum-d.jpeg
NissanConnect Finder,Frontier,2026,LE TM,Manuales y Guías,Pocket Guide,Aprende a configurar y utilizar las funciones conectadas de tu Nissan.,,
NissanConnect Finder,Frontier,2026,LE TM,Manuales y Guías,Quick Guide,Conoce algunos de los servicios que ofrece NissanConnect Finder y accede a un QR para descargar la App.,,
NissanConnect Finder,Frontier,2026,LE TA,Paquetes,Servicios,Localización en tiempo real,,https://www.nissan.com.mx/content/dam/Nissan/mexico/assets/duenos_nissan/nissan-connect/frontier/nissan-2026-frontier-platinum-d.jpeg
NissanConnect Finder,Frontier,2026,LE TA,Paquetes,Servicios,Activación de bocina,,https://www.nissan.com.mx/content/dam/Nissan/mexico/assets/duenos_nissan/nissan-connect/frontier/nissan-2026-frontier-platinum-d.jpeg
NissanConnect Finder,Frontier,2026,LE TA,Paquetes,Servicios,Geocercas,,https://www.nissan.com.mx/content/dam/Nissan/mexico/assets/duenos_nissan/nissan-connect/frontier/nissan-2026-frontier-platinum-d.jpeg
NissanConnect Finder,Frontier,2026,LE TA,Paquetes,Servicios,Ubicación del Vehículo,,https://www.nissan.com.mx/content/dam/Nissan/mexico/assets/duenos_nissan/nissan-connect/frontier/nissan-2026-frontier-platinum-d.jpeg
NissanConnect Finder,Frontier,2026,LE TA,Paquetes,Servicios,Sígueme,,https://www.nissan.com.mx/content/dam/Nissan/mexico/assets/duenos_nissan/nissan-connect/frontier/nissan-2026-frontier-platinum-d.jpeg
NissanConnect Finder,Frontier,2026,LE TA,Paquetes,Servicios,Navegación,,https://www.nissan.com.mx/content/dam/Nissan/mexico/assets/duenos_nissan/nissan-connect/frontier/nissan-2026-frontier-platinum-d.jpeg
NissanConnect Finder,Frontier,2026,LE TA,Paquetes,Servicios,Notificaciones,,https://www.nissan.com.mx/content/dam/Nissan/mexico/assets/duenos_nissan/nissan-connect/frontier/nissan-2026-frontier-platinum-d.jpeg
NissanConnect Finder,Frontier,2026,LE TA,Paquetes,Servicios,Histórico de Rutas,,https://www.nissan.com.mx/content/dam/Nissan/mexico/assets/duenos_nissan/nissan-connect/frontier/nissan-2026-frontier-platinum-d.jpeg
NissanConnect Finder,Frontier,2026,LE TA,Paquetes,Servicios,Asistencia de Vehículo Robado ,,https://www.nissan.com.mx/content/dam/Nissan/mexico/assets/duenos_nissan/nissan-connect/frontier/nissan-2026-frontier-platinum-d.jpeg
NissanConnect Finder,Frontier,2026,LE TA,Paquetes,Servicios,Alerta de Movimiento,,https://www.nissan.com.mx/content/dam/Nissan/mexico/assets/duenos_nissan/nissan-connect/frontier/nissan-2026-frontier-platinum-d.jpeg
NissanConnect Finder,Frontier,2026,LE TA,Paquetes,Servicios,Alerta de Velocidad,,https://www.nissan.com.mx/content/dam/Nissan/mexico/assets/duenos_nissan/nissan-connect/frontier/nissan-2026-frontier-platinum-d.jpeg
NissanConnect Finder,Frontier,2026,LE TA,Paquetes,Servicios,Alerta de Arrastre,,https://www.nissan.com.mx/content/dam/Nissan/mexico/assets/duenos_nissan/nissan-connect/frontier/nissan-2026-frontier-platinum-d.jpeg
NissanConnect Finder,Frontier,2026,LE TA,Paquetes,Servicios,Alerta de Posible Emergencia Vial,,https://www.nissan.com.mx/content/dam/Nissan/mexico/assets/duenos_nissan/nissan-connect/frontier/nissan-2026-frontier-platinum-d.jpeg
NissanConnect Finder,Frontier,2026,LE TA,Paquetes,Servicios,Conexión a Asistencia Vial Nissan,,https://www.nissan.com.mx/content/dam/Nissan/mexico/assets/duenos_nissan/nissan-connect/frontier/nissan-2026-frontier-platinum-d.jpeg
NissanConnect Finder,Frontier,2026,LE TA,Paquetes,Servicios,Asistencia NissanConnect® Finder,,https://www.nissan.com.mx/content/dam/Nissan/mexico/assets/duenos_nissan/nissan-connect/frontier/nissan-2026-frontier-platinum-d.jpeg
NissanConnect Finder,Frontier,2026,LE TA,Paquetes,Servicios,Liga a Página de Citas de Mantenimiento Vehicular,,https://www.nissan.com.mx/content/dam/Nissan/mexico/assets/duenos_nissan/nissan-connect/frontier/nissan-2026-frontier-platinum-d.jpeg
NissanConnect Finder,Frontier,2026,LE TA,Manuales y Guías,Pocket Guide,Aprende a configurar y utilizar las funciones conectadas de tu Nissan.,,
NissanConnect Finder,Frontier,2026,LE TA,Manuales y Guías,Quick Guide,Conoce algunos de los servicios que ofrece NissanConnect Finder y accede a un QR para descargar la App.,,
NissanConnect Finder,Frontier,2027,SE,Paquetes,Servicios,Localización en tiempo real,,
NissanConnect Finder,Frontier,2027,SE,Paquetes,Servicios,Activación de bocina,,
NissanConnect Finder,Frontier,2027,SE,Paquetes,Servicios,Geocercas,,
NissanConnect Finder,Frontier,2027,SE,Paquetes,Servicios,Ubicación del Vehículo,,
NissanConnect Finder,Frontier,2027,SE,Paquetes,Servicios,Sígueme,,
NissanConnect Finder,Frontier,2027,SE,Paquetes,Servicios,Navegación,,
NissanConnect Finder,Frontier,2027,SE,Paquetes,Servicios,Notificaciones,,
NissanConnect Finder,Frontier,2027,SE,Paquetes,Servicios,Histórico de Rutas,,
NissanConnect Finder,Frontier,2027,SE,Paquetes,Servicios,Asistencia de Vehículo Robado ,,
NissanConnect Finder,Frontier,2027,SE,Paquetes,Servicios,Alerta de Movimiento,,
NissanConnect Finder,Frontier,2027,SE,Paquetes,Servicios,Alerta de Velocidad,,
NissanConnect Finder,Frontier,2027,SE,Paquetes,Servicios,Alerta de Arrastre,,
NissanConnect Finder,Frontier,2027,SE,Paquetes,Servicios,Alerta de Posible Emergencia Vial,,
NissanConnect Finder,Frontier,2027,SE,Paquetes,Servicios,Conexión a Asistencia Vial Nissan,,
NissanConnect Finder,Frontier,2027,SE,Paquetes,Servicios,Asistencia NissanConnect® Finder,,
NissanConnect Finder,Frontier,2027,SE,Paquetes,Servicios,Liga a Página de Citas de Mantenimiento Vehicular,,
NissanConnect Finder,Frontier,2027,SE,Manuales y Guías,Pocket Guide,Aprende a configurar y utilizar las funciones conectadas de tu Nissan.,,
NissanConnect Finder,Frontier,2027,SE,Manuales y Guías,Quick Guide,Conoce algunos de los servicios que ofrece NissanConnect Finder y accede a un QR para descargar la App.,,
NissanConnect Finder,Frontier,2027,XE,Paquetes,Servicios,Localización en tiempo real,,
NissanConnect Finder,Frontier,2027,XE,Paquetes,Servicios,Activación de bocina,,
NissanConnect Finder,Frontier,2027,XE,Paquetes,Servicios,Geocercas,,
NissanConnect Finder,Frontier,2027,XE,Paquetes,Servicios,Ubicación del Vehículo,,
NissanConnect Finder,Frontier,2027,XE,Paquetes,Servicios,Sígueme,,
NissanConnect Finder,Frontier,2027,XE,Paquetes,Servicios,Navegación,,
NissanConnect Finder,Frontier,2027,XE,Paquetes,Servicios,Notificaciones,,
NissanConnect Finder,Frontier,2027,XE,Paquetes,Servicios,Histórico de Rutas,,
NissanConnect Finder,Frontier,2027,XE,Paquetes,Servicios,Asistencia de Vehículo Robado ,,
NissanConnect Finder,Frontier,2027,XE,Paquetes,Servicios,Alerta de Movimiento,,
NissanConnect Finder,Frontier,2027,XE,Paquetes,Servicios,Alerta de Velocidad,,
NissanConnect Finder,Frontier,2027,XE,Paquetes,Servicios,Alerta de Arrastre,,
NissanConnect Finder,Frontier,2027,XE,Paquetes,Servicios,Alerta de Posible Emergencia Vial,,
NissanConnect Finder,Frontier,2027,XE,Paquetes,Servicios,Conexión a Asistencia Vial Nissan,,
NissanConnect Finder,Frontier,2027,XE,Paquetes,Servicios,Asistencia NissanConnect® Finder,,
NissanConnect Finder,Frontier,2027,XE,Paquetes,Servicios,Liga a Página de Citas de Mantenimiento Vehicular,,
NissanConnect Finder,Frontier,2027,XE,Manuales y Guías,Pocket Guide,Aprende a configurar y utilizar las funciones conectadas de tu Nissan.,,
NissanConnect Finder,Frontier,2027,XE,Manuales y Guías,Quick Guide,Conoce algunos de los servicios que ofrece NissanConnect Finder y accede a un QR para descargar la App.,,
NissanConnect Finder,Frontier,2027,LE,Paquetes,Servicios,Localización en tiempo real,,
NissanConnect Finder,Frontier,2027,LE,Paquetes,Servicios,Activación de bocina,,
NissanConnect Finder,Frontier,2027,LE,Paquetes,Servicios,Geocercas,,
NissanConnect Finder,Frontier,2027,LE,Paquetes,Servicios,Ubicación del Vehículo,,
NissanConnect Finder,Frontier,2027,LE,Paquetes,Servicios,Sígueme,,
NissanConnect Finder,Frontier,2027,LE,Paquetes,Servicios,Navegación,,
NissanConnect Finder,Frontier,2027,LE,Paquetes,Servicios,Notificaciones,,
NissanConnect Finder,Frontier,2027,LE,Paquetes,Servicios,Histórico de Rutas,,
NissanConnect Finder,Frontier,2027,LE,Paquetes,Servicios,Asistencia de Vehículo Robado ,,
NissanConnect Finder,Frontier,2027,LE,Paquetes,Servicios,Alerta de Movimiento,,
NissanConnect Finder,Frontier,2027,LE,Paquetes,Servicios,Alerta de Velocidad,,
NissanConnect Finder,Frontier,2027,LE,Paquetes,Servicios,Alerta de Arrastre,,
NissanConnect Finder,Frontier,2027,LE,Paquetes,Servicios,Alerta de Posible Emergencia Vial,,
NissanConnect Finder,Frontier,2027,LE,Paquetes,Servicios,Conexión a Asistencia Vial Nissan,,
NissanConnect Finder,Frontier,2027,LE,Paquetes,Servicios,Asistencia NissanConnect® Finder,,
NissanConnect Finder,Frontier,2027,LE,Paquetes,Servicios,Liga a Página de Citas de Mantenimiento Vehicular,,
NissanConnect Finder,Frontier,2027,LE,Manuales y Guías,Pocket Guide,Aprende a configurar y utilizar las funciones conectadas de tu Nissan.,,
NissanConnect Finder,Frontier,2027,LE,Manuales y Guías,Quick Guide,Conoce algunos de los servicios que ofrece NissanConnect Finder y accede a un QR para descargar la App.,,
NissanConnect Services,Frontier,2023,LE Platinum TA,Paquetes,Select,Bloqueo / desbloqueo remoto de puertas,,
NissanConnect Services,Frontier,2023,LE Platinum TA,Paquetes,Select,Alerta de mantenimiento,,
NissanConnect Services,Frontier,2023,LE Platinum TA,Paquetes,Select,Notificación Mantenimiento Preventivo,,
NissanConnect Services,Frontier,2023,LE Platinum TA,Paquetes,Select,Mensaje enviado al vehículo,,
NissanConnect Services,Frontier,2023,LE Platinum TA,Paquetes,Select,Actualizaciones Over-The-Air,,
NissanConnect Services,Frontier,2023,LE Platinum TA,Paquetes,Select,Llamada de asistencia desde la App,,
NissanConnect Services,Frontier,2023,LE Platinum TA,Paquetes,Seguridad,Notificación automática de colisión (ACN),,
NissanConnect Services,Frontier,2023,LE Platinum TA,Paquetes,Seguridad,Llamada de emergencia,,
NissanConnect Services,Frontier,2023,LE Platinum TA,Paquetes,Seguridad,Conexión con asistencia vial,,
NissanConnect Services,Frontier,2023,LE Platinum TA,Paquetes,Seguridad,Notificación de alarma,,
NissanConnect Services,Frontier,2023,LE Platinum TA,Paquetes,Seguridad,Geocercas,,
NissanConnect Services,Frontier,2023,LE Platinum TA,Paquetes,Seguridad,Alerta de Valet,,
NissanConnect Services,Frontier,2023,LE Platinum TA,Paquetes,Seguridad,Alerta de velocidad,,
NissanConnect Services,Frontier,2023,LE Platinum TA,Paquetes,Seguridad,Alerta de movimiento programado,,
NissanConnect Services,Frontier,2023,LE Platinum TA,Paquetes,Seguridad,Asistencia de Vehículo Robado,,
NissanConnect Services,Frontier,2023,LE Platinum TA,Paquetes,Conveniencia,Luces destelladas y bocina remoto,,
NissanConnect Services,Frontier,2023,LE Platinum TA,Paquetes,Conveniencia,Localizar mi vehículo,,
NissanConnect Services,Frontier,2023,LE Platinum TA,Paquetes,Conveniencia,Estado remoto de mi vehículo,,
NissanConnect Services,Frontier,2023,LE Platinum TA,Paquetes,Conveniencia,Borrado remoto de datos,,
NissanConnect Services,Frontier,2023,LE Platinum TA,Paquetes,Conveniencia,Nissan Concierge,,
NissanConnect Services,Frontier,2023,LE Platinum TA,Paquetes,Premium,Paquetes de Seguridad + Conveniencia + Select,,
NissanConnect Services,Frontier,2023,LE Platinum TA,Paquetes,Wi-Fi,Wi-Fi HotSpot,,
NissanConnect Services,Frontier,2023,LE Platinum Diesel TA,Paquetes,Select,Bloqueo / desbloqueo remoto de puertas,,
NissanConnect Services,Frontier,2023,LE Platinum Diesel TA,Paquetes,Select,Alerta de mantenimiento,,
NissanConnect Services,Frontier,2023,LE Platinum Diesel TA,Paquetes,Select,Notificación Mantenimiento Preventivo,,
NissanConnect Services,Frontier,2023,LE Platinum Diesel TA,Paquetes,Select,Mensaje enviado al vehículo,,
NissanConnect Services,Frontier,2023,LE Platinum Diesel TA,Paquetes,Select,Actualizaciones Over-The-Air,,
NissanConnect Services,Frontier,2023,LE Platinum Diesel TA,Paquetes,Select,Llamada de asistencia desde la App,,
NissanConnect Services,Frontier,2023,LE Platinum Diesel TA,Paquetes,Seguridad,Notificación automática de colisión (ACN),,
NissanConnect Services,Frontier,2023,LE Platinum Diesel TA,Paquetes,Seguridad,Llamada de emergencia,,
NissanConnect Services,Frontier,2023,LE Platinum Diesel TA,Paquetes,Seguridad,Conexión con asistencia vial,,
NissanConnect Services,Frontier,2023,LE Platinum Diesel TA,Paquetes,Seguridad,Notificación de alarma,,
NissanConnect Services,Frontier,2023,LE Platinum Diesel TA,Paquetes,Seguridad,Geocercas,,
NissanConnect Services,Frontier,2023,LE Platinum Diesel TA,Paquetes,Seguridad,Alerta de Valet,,
NissanConnect Services,Frontier,2023,LE Platinum Diesel TA,Paquetes,Seguridad,Alerta de velocidad,,
NissanConnect Services,Frontier,2023,LE Platinum Diesel TA,Paquetes,Seguridad,Alerta de movimiento programado,,
NissanConnect Services,Frontier,2023,LE Platinum Diesel TA,Paquetes,Seguridad,Asistencia de Vehículo Robado,,
NissanConnect Services,Frontier,2023,LE Platinum Diesel TA,Paquetes,Conveniencia,Luces destelladas y bocina remoto,,
NissanConnect Services,Frontier,2023,LE Platinum Diesel TA,Paquetes,Conveniencia,Localizar mi vehículo,,
NissanConnect Services,Frontier,2023,LE Platinum Diesel TA,Paquetes,Conveniencia,Estado remoto de mi vehículo,,
NissanConnect Services,Frontier,2023,LE Platinum Diesel TA,Paquetes,Conveniencia,Borrado remoto de datos,,
NissanConnect Services,Frontier,2023,LE Platinum Diesel TA,Paquetes,Conveniencia,Nissan Concierge,,
NissanConnect Services,Frontier,2023,LE Platinum Diesel TA,Paquetes,Premium,Paquetes de Seguridad + Conveniencia + Select,,
NissanConnect Services,Frontier,2023,LE Platinum Diesel TA,Paquetes,Wi-Fi,Wi-Fi HotSpot,,
NissanConnect Services,Frontier,2023,PRO-4X,Paquetes,Select,Bloqueo / desbloqueo remoto de puertas,,
NissanConnect Services,Frontier,2023,PRO-4X,Paquetes,Select,Alerta de mantenimiento,,
NissanConnect Services,Frontier,2023,PRO-4X,Paquetes,Select,Notificación Mantenimiento Preventivo,,
NissanConnect Services,Frontier,2023,PRO-4X,Paquetes,Select,Mensaje enviado al vehículo,,
NissanConnect Services,Frontier,2023,PRO-4X,Paquetes,Select,Actualizaciones Over-The-Air,,
NissanConnect Services,Frontier,2023,PRO-4X,Paquetes,Select,Llamada de asistencia desde la App,,
NissanConnect Services,Frontier,2023,PRO-4X,Paquetes,Seguridad,Notificación automática de colisión (ACN),,
NissanConnect Services,Frontier,2023,PRO-4X,Paquetes,Seguridad,Llamada de emergencia,,
NissanConnect Services,Frontier,2023,PRO-4X,Paquetes,Seguridad,Conexión con asistencia vial,,
NissanConnect Services,Frontier,2023,PRO-4X,Paquetes,Seguridad,Notificación de alarma,,
NissanConnect Services,Frontier,2023,PRO-4X,Paquetes,Seguridad,Geocercas,,
NissanConnect Services,Frontier,2023,PRO-4X,Paquetes,Seguridad,Alerta de Valet,,
NissanConnect Services,Frontier,2023,PRO-4X,Paquetes,Seguridad,Alerta de velocidad,,
NissanConnect Services,Frontier,2023,PRO-4X,Paquetes,Seguridad,Alerta de movimiento programado,,
NissanConnect Services,Frontier,2023,PRO-4X,Paquetes,Seguridad,Asistencia de Vehículo Robado,,
NissanConnect Services,Frontier,2023,PRO-4X,Paquetes,Conveniencia,Luces destelladas y bocina remoto,,
NissanConnect Services,Frontier,2023,PRO-4X,Paquetes,Conveniencia,Localizar mi vehículo,,
NissanConnect Services,Frontier,2023,PRO-4X,Paquetes,Conveniencia,Estado remoto de mi vehículo,,
NissanConnect Services,Frontier,2023,PRO-4X,Paquetes,Conveniencia,Borrado remoto de datos,,
NissanConnect Services,Frontier,2023,PRO-4X,Paquetes,Conveniencia,Nissan Concierge,,
NissanConnect Services,Frontier,2023,PRO-4X,Paquetes,Premium,Paquetes de Seguridad + Conveniencia + Select,,
NissanConnect Services,Frontier,2023,PRO-4X,Paquetes,Wi-Fi,Wi-Fi HotSpot,,
NissanConnect Services,Frontier,2024,LE Platinum TA,Paquetes,Select,Bloqueo / desbloqueo remoto de puertas,,
NissanConnect Services,Frontier,2024,LE Platinum TA,Paquetes,Select,Alerta de mantenimiento,,
NissanConnect Services,Frontier,2024,LE Platinum TA,Paquetes,Select,Notificación Mantenimiento Preventivo,,
NissanConnect Services,Frontier,2024,LE Platinum TA,Paquetes,Select,Mensaje enviado al vehículo,,
NissanConnect Services,Frontier,2024,LE Platinum TA,Paquetes,Select,Actualizaciones Over-The-Air,,
NissanConnect Services,Frontier,2024,LE Platinum TA,Paquetes,Select,Llamada de asistencia desde la App,,
NissanConnect Services,Frontier,2024,LE Platinum TA,Paquetes,Seguridad,Notificación automática de colisión (ACN),,
NissanConnect Services,Frontier,2024,LE Platinum TA,Paquetes,Seguridad,Llamada de emergencia,,
NissanConnect Services,Frontier,2024,LE Platinum TA,Paquetes,Seguridad,Conexión con asistencia vial,,
NissanConnect Services,Frontier,2024,LE Platinum TA,Paquetes,Seguridad,Notificación de alarma,,
NissanConnect Services,Frontier,2024,LE Platinum TA,Paquetes,Seguridad,Geocercas,,
NissanConnect Services,Frontier,2024,LE Platinum TA,Paquetes,Seguridad,Alerta de Valet,,
NissanConnect Services,Frontier,2024,LE Platinum TA,Paquetes,Seguridad,Alerta de velocidad,,
NissanConnect Services,Frontier,2024,LE Platinum TA,Paquetes,Seguridad,Alerta de movimiento programado,,
NissanConnect Services,Frontier,2024,LE Platinum TA,Paquetes,Seguridad,Asistencia de Vehículo Robado,,
NissanConnect Services,Frontier,2024,LE Platinum TA,Paquetes,Conveniencia,Luces destelladas y bocina remoto,,
NissanConnect Services,Frontier,2024,LE Platinum TA,Paquetes,Conveniencia,Localizar mi vehículo,,
NissanConnect Services,Frontier,2024,LE Platinum TA,Paquetes,Conveniencia,Estado remoto de mi vehículo,,
NissanConnect Services,Frontier,2024,LE Platinum TA,Paquetes,Conveniencia,Borrado remoto de datos,,
NissanConnect Services,Frontier,2024,LE Platinum TA,Paquetes,Conveniencia,Nissan Concierge,,
NissanConnect Services,Frontier,2024,LE Platinum TA,Paquetes,Premium,Paquetes de Seguridad + Conveniencia + Select,,
NissanConnect Services,Frontier,2024,LE Platinum TA,Paquetes,Wi-Fi,Wi-Fi HotSpot,,
NissanConnect Services,Frontier,2024,LE Platinum Diesel TA,Paquetes,Select,Bloqueo / desbloqueo remoto de puertas,,
NissanConnect Services,Frontier,2024,LE Platinum Diesel TA,Paquetes,Select,Alerta de mantenimiento,,
NissanConnect Services,Frontier,2024,LE Platinum Diesel TA,Paquetes,Select,Notificación Mantenimiento Preventivo,,
NissanConnect Services,Frontier,2024,LE Platinum Diesel TA,Paquetes,Select,Mensaje enviado al vehículo,,
NissanConnect Services,Frontier,2024,LE Platinum Diesel TA,Paquetes,Select,Actualizaciones Over-The-Air,,
NissanConnect Services,Frontier,2024,LE Platinum Diesel TA,Paquetes,Select,Llamada de asistencia desde la App,,
NissanConnect Services,Frontier,2024,LE Platinum Diesel TA,Paquetes,Seguridad,Notificación automática de colisión (ACN),,
NissanConnect Services,Frontier,2024,LE Platinum Diesel TA,Paquetes,Seguridad,Llamada de emergencia,,
NissanConnect Services,Frontier,2024,LE Platinum Diesel TA,Paquetes,Seguridad,Conexión con asistencia vial,,
NissanConnect Services,Frontier,2024,LE Platinum Diesel TA,Paquetes,Seguridad,Notificación de alarma,,
NissanConnect Services,Frontier,2024,LE Platinum Diesel TA,Paquetes,Seguridad,Geocercas,,
NissanConnect Services,Frontier,2024,LE Platinum Diesel TA,Paquetes,Seguridad,Alerta de Valet,,
NissanConnect Services,Frontier,2024,LE Platinum Diesel TA,Paquetes,Seguridad,Alerta de velocidad,,
NissanConnect Services,Frontier,2024,LE Platinum Diesel TA,Paquetes,Seguridad,Alerta de movimiento programado,,
NissanConnect Services,Frontier,2024,LE Platinum Diesel TA,Paquetes,Seguridad,Asistencia de Vehículo Robado,,
NissanConnect Services,Frontier,2024,LE Platinum Diesel TA,Paquetes,Conveniencia,Luces destelladas y bocina remoto,,
NissanConnect Services,Frontier,2024,LE Platinum Diesel TA,Paquetes,Conveniencia,Localizar mi vehículo,,
NissanConnect Services,Frontier,2024,LE Platinum Diesel TA,Paquetes,Conveniencia,Estado remoto de mi vehículo,,
NissanConnect Services,Frontier,2024,LE Platinum Diesel TA,Paquetes,Conveniencia,Borrado remoto de datos,,
NissanConnect Services,Frontier,2024,LE Platinum Diesel TA,Paquetes,Conveniencia,Nissan Concierge,,
NissanConnect Services,Frontier,2024,LE Platinum Diesel TA,Paquetes,Premium,Paquetes de Seguridad + Conveniencia + Select,,
NissanConnect Services,Frontier,2024,LE Platinum Diesel TA,Paquetes,Wi-Fi,Wi-Fi HotSpot,,
NissanConnect Services,Frontier,2024,PRO-4X,Paquetes,Select,Bloqueo / desbloqueo remoto de puertas,,
NissanConnect Services,Frontier,2024,PRO-4X,Paquetes,Select,Alerta de mantenimiento,,
NissanConnect Services,Frontier,2024,PRO-4X,Paquetes,Select,Notificación Mantenimiento Preventivo,,
NissanConnect Services,Frontier,2024,PRO-4X,Paquetes,Select,Mensaje enviado al vehículo,,
NissanConnect Services,Frontier,2024,PRO-4X,Paquetes,Select,Actualizaciones Over-The-Air,,
NissanConnect Services,Frontier,2024,PRO-4X,Paquetes,Select,Llamada de asistencia desde la App,,
NissanConnect Services,Frontier,2024,PRO-4X,Paquetes,Seguridad,Notificación automática de colisión (ACN),,
NissanConnect Services,Frontier,2024,PRO-4X,Paquetes,Seguridad,Llamada de emergencia,,
NissanConnect Services,Frontier,2024,PRO-4X,Paquetes,Seguridad,Conexión con asistencia vial,,
NissanConnect Services,Frontier,2024,PRO-4X,Paquetes,Seguridad,Notificación de alarma,,
NissanConnect Services,Frontier,2024,PRO-4X,Paquetes,Seguridad,Geocercas,,
NissanConnect Services,Frontier,2024,PRO-4X,Paquetes,Seguridad,Alerta de Valet,,
NissanConnect Services,Frontier,2024,PRO-4X,Paquetes,Seguridad,Alerta de velocidad,,
NissanConnect Services,Frontier,2024,PRO-4X,Paquetes,Seguridad,Alerta de movimiento programado,,
NissanConnect Services,Frontier,2024,PRO-4X,Paquetes,Seguridad,Asistencia de Vehículo Robado,,
NissanConnect Services,Frontier,2024,PRO-4X,Paquetes,Conveniencia,Luces destelladas y bocina remoto,,
NissanConnect Services,Frontier,2024,PRO-4X,Paquetes,Conveniencia,Localizar mi vehículo,,
NissanConnect Services,Frontier,2024,PRO-4X,Paquetes,Conveniencia,Estado remoto de mi vehículo,,
NissanConnect Services,Frontier,2024,PRO-4X,Paquetes,Conveniencia,Borrado remoto de datos,,
NissanConnect Services,Frontier,2024,PRO-4X,Paquetes,Conveniencia,Nissan Concierge,,
NissanConnect Services,Frontier,2024,PRO-4X,Paquetes,Premium,Paquetes de Seguridad + Conveniencia + Select,,
NissanConnect Services,Frontier,2024,PRO-4X,Paquetes,Wi-Fi,Wi-Fi HotSpot,,
NissanConnect Services,Frontier,2025,LE Platinum TA,Paquetes,Select,Bloqueo / desbloqueo remoto de puertas,,https://www.nissan.com.mx/content/dam/Nissan/mexico/assets/duenos_nissan/nissan-connect/frontier/nissan-2025-frontier-platinum-d.jpeg
NissanConnect Services,Frontier,2025,LE Platinum TA,Paquetes,Select,Alerta de mantenimiento,,https://www.nissan.com.mx/content/dam/Nissan/mexico/assets/duenos_nissan/nissan-connect/frontier/nissan-2025-frontier-platinum-d.jpeg
NissanConnect Services,Frontier,2025,LE Platinum TA,Paquetes,Select,Notificación Mantenimiento Preventivo,,https://www.nissan.com.mx/content/dam/Nissan/mexico/assets/duenos_nissan/nissan-connect/frontier/nissan-2025-frontier-platinum-d.jpeg
NissanConnect Services,Frontier,2025,LE Platinum TA,Paquetes,Select,Mensaje enviado al vehículo,,https://www.nissan.com.mx/content/dam/Nissan/mexico/assets/duenos_nissan/nissan-connect/frontier/nissan-2025-frontier-platinum-d.jpeg
NissanConnect Services,Frontier,2025,LE Platinum TA,Paquetes,Select,Actualizaciones Over-The-Air,,https://www.nissan.com.mx/content/dam/Nissan/mexico/assets/duenos_nissan/nissan-connect/frontier/nissan-2025-frontier-platinum-d.jpeg
NissanConnect Services,Frontier,2025,LE Platinum TA,Paquetes,Select,Llamada de asistencia desde la App,,https://www.nissan.com.mx/content/dam/Nissan/mexico/assets/duenos_nissan/nissan-connect/frontier/nissan-2025-frontier-platinum-d.jpeg
NissanConnect Services,Frontier,2025,LE Platinum TA,Paquetes,Seguridad,Notificación automática de colisión (ACN),,https://www.nissan.com.mx/content/dam/Nissan/mexico/assets/duenos_nissan/nissan-connect/frontier/nissan-2025-frontier-platinum-d.jpeg
NissanConnect Services,Frontier,2025,LE Platinum TA,Paquetes,Seguridad,Llamada de emergencia,,https://www.nissan.com.mx/content/dam/Nissan/mexico/assets/duenos_nissan/nissan-connect/frontier/nissan-2025-frontier-platinum-d.jpeg
NissanConnect Services,Frontier,2025,LE Platinum TA,Paquetes,Seguridad,Conexión con asistencia vial,,https://www.nissan.com.mx/content/dam/Nissan/mexico/assets/duenos_nissan/nissan-connect/frontier/nissan-2025-frontier-platinum-d.jpeg
NissanConnect Services,Frontier,2025,LE Platinum TA,Paquetes,Seguridad,Notificación de alarma,,https://www.nissan.com.mx/content/dam/Nissan/mexico/assets/duenos_nissan/nissan-connect/frontier/nissan-2025-frontier-platinum-d.jpeg
NissanConnect Services,Frontier,2025,LE Platinum TA,Paquetes,Seguridad,Geocercas,,https://www.nissan.com.mx/content/dam/Nissan/mexico/assets/duenos_nissan/nissan-connect/frontier/nissan-2025-frontier-platinum-d.jpeg
NissanConnect Services,Frontier,2025,LE Platinum TA,Paquetes,Seguridad,Alerta de Valet,,https://www.nissan.com.mx/content/dam/Nissan/mexico/assets/duenos_nissan/nissan-connect/frontier/nissan-2025-frontier-platinum-d.jpeg
NissanConnect Services,Frontier,2025,LE Platinum TA,Paquetes,Seguridad,Alerta de velocidad,,https://www.nissan.com.mx/content/dam/Nissan/mexico/assets/duenos_nissan/nissan-connect/frontier/nissan-2025-frontier-platinum-d.jpeg
NissanConnect Services,Frontier,2025,LE Platinum TA,Paquetes,Seguridad,Alerta de movimiento programado,,https://www.nissan.com.mx/content/dam/Nissan/mexico/assets/duenos_nissan/nissan-connect/frontier/nissan-2025-frontier-platinum-d.jpeg
NissanConnect Services,Frontier,2025,LE Platinum TA,Paquetes,Seguridad,Asistencia de Vehículo Robado,,https://www.nissan.com.mx/content/dam/Nissan/mexico/assets/duenos_nissan/nissan-connect/frontier/nissan-2025-frontier-platinum-d.jpeg
NissanConnect Services,Frontier,2025,LE Platinum TA,Paquetes,Conveniencia,Luces destelladas y bocina remoto,,https://www.nissan.com.mx/content/dam/Nissan/mexico/assets/duenos_nissan/nissan-connect/frontier/nissan-2025-frontier-platinum-d.jpeg
NissanConnect Services,Frontier,2025,LE Platinum TA,Paquetes,Conveniencia,Localizar mi vehículo,,https://www.nissan.com.mx/content/dam/Nissan/mexico/assets/duenos_nissan/nissan-connect/frontier/nissan-2025-frontier-platinum-d.jpeg
NissanConnect Services,Frontier,2025,LE Platinum TA,Paquetes,Conveniencia,Estado remoto de mi vehículo,,https://www.nissan.com.mx/content/dam/Nissan/mexico/assets/duenos_nissan/nissan-connect/frontier/nissan-2025-frontier-platinum-d.jpeg
NissanConnect Services,Frontier,2025,LE Platinum TA,Paquetes,Conveniencia,Borrado remoto de datos,,https://www.nissan.com.mx/content/dam/Nissan/mexico/assets/duenos_nissan/nissan-connect/frontier/nissan-2025-frontier-platinum-d.jpeg
NissanConnect Services,Frontier,2025,LE Platinum TA,Paquetes,Conveniencia,Nissan Concierge,,https://www.nissan.com.mx/content/dam/Nissan/mexico/assets/duenos_nissan/nissan-connect/frontier/nissan-2025-frontier-platinum-d.jpeg
NissanConnect Services,Frontier,2025,LE Platinum TA,Paquetes,Premium,Paquetes de Seguridad + Conveniencia + Select,,https://www.nissan.com.mx/content/dam/Nissan/mexico/assets/duenos_nissan/nissan-connect/frontier/nissan-2025-frontier-platinum-d.jpeg
NissanConnect Services,Frontier,2025,LE Platinum TA,Paquetes,Wi-Fi,Wi-Fi HotSpot,,https://www.nissan.com.mx/content/dam/Nissan/mexico/assets/duenos_nissan/nissan-connect/frontier/nissan-2025-frontier-platinum-d.jpeg
NissanConnect Services,Frontier,2025,LE Platinum TA,Manuales y Guías,Pocket Guide,Aprende a configurar y utilizar las funciones conectadas de tu Nissan.,,
NissanConnect Services,Frontier,2025,LE Platinum TA,Manuales y Guías,Quick Guide,Conoce algunos de los servicios que ofrece NissanConnect Services y accede a un QR para descargar la App.,,
NissanConnect Services,Frontier,2025,LE Platinum TA,Manuales y Guías,Activación de cuenta,Descubre cómo activar tu cuenta de NissanConnect Services,,
NissanConnect Services,Frontier,2025,LE Platinum TA,Manuales y Guías,Activación de Wi-Fi ,Descubre cómo activar la prueba gratuita de Wi-Fi Hot Spot incluida en tu Nissan ,,
NissanConnect Services,Frontier,2025,LE Platinum Diesel TA,Paquetes,Select,Bloqueo / desbloqueo remoto de puertas,,https://www.nissan.com.mx/content/dam/Nissan/mexico/assets/duenos_nissan/nissan-connect/frontier/nissan-2025-frontier-platinum-d.jpeg
NissanConnect Services,Frontier,2025,LE Platinum Diesel TA,Paquetes,Select,Alerta de mantenimiento,,https://www.nissan.com.mx/content/dam/Nissan/mexico/assets/duenos_nissan/nissan-connect/frontier/nissan-2025-frontier-platinum-d.jpeg
NissanConnect Services,Frontier,2025,LE Platinum Diesel TA,Paquetes,Select,Notificación Mantenimiento Preventivo,,https://www.nissan.com.mx/content/dam/Nissan/mexico/assets/duenos_nissan/nissan-connect/frontier/nissan-2025-frontier-platinum-d.jpeg
NissanConnect Services,Frontier,2025,LE Platinum Diesel TA,Paquetes,Select,Mensaje enviado al vehículo,,https://www.nissan.com.mx/content/dam/Nissan/mexico/assets/duenos_nissan/nissan-connect/frontier/nissan-2025-frontier-platinum-d.jpeg
NissanConnect Services,Frontier,2025,LE Platinum Diesel TA,Paquetes,Select,Actualizaciones Over-The-Air,,https://www.nissan.com.mx/content/dam/Nissan/mexico/assets/duenos_nissan/nissan-connect/frontier/nissan-2025-frontier-platinum-d.jpeg
NissanConnect Services,Frontier,2025,LE Platinum Diesel TA,Paquetes,Select,Llamada de asistencia desde la App,,https://www.nissan.com.mx/content/dam/Nissan/mexico/assets/duenos_nissan/nissan-connect/frontier/nissan-2025-frontier-platinum-d.jpeg
NissanConnect Services,Frontier,2025,LE Platinum Diesel TA,Paquetes,Seguridad,Notificación automática de colisión (ACN),,https://www.nissan.com.mx/content/dam/Nissan/mexico/assets/duenos_nissan/nissan-connect/frontier/nissan-2025-frontier-platinum-d.jpeg
NissanConnect Services,Frontier,2025,LE Platinum Diesel TA,Paquetes,Seguridad,Llamada de emergencia,,https://www.nissan.com.mx/content/dam/Nissan/mexico/assets/duenos_nissan/nissan-connect/frontier/nissan-2025-frontier-platinum-d.jpeg
NissanConnect Services,Frontier,2025,LE Platinum Diesel TA,Paquetes,Seguridad,Conexión con asistencia vial,,https://www.nissan.com.mx/content/dam/Nissan/mexico/assets/duenos_nissan/nissan-connect/frontier/nissan-2025-frontier-platinum-d.jpeg
NissanConnect Services,Frontier,2025,LE Platinum Diesel TA,Paquetes,Seguridad,Notificación de alarma,,https://www.nissan.com.mx/content/dam/Nissan/mexico/assets/duenos_nissan/nissan-connect/frontier/nissan-2025-frontier-platinum-d.jpeg
NissanConnect Services,Frontier,2025,LE Platinum Diesel TA,Paquetes,Seguridad,Geocercas,,https://www.nissan.com.mx/content/dam/Nissan/mexico/assets/duenos_nissan/nissan-connect/frontier/nissan-2025-frontier-platinum-d.jpeg
NissanConnect Services,Frontier,2025,LE Platinum Diesel TA,Paquetes,Seguridad,Alerta de Valet,,https://www.nissan.com.mx/content/dam/Nissan/mexico/assets/duenos_nissan/nissan-connect/frontier/nissan-2025-frontier-platinum-d.jpeg
NissanConnect Services,Frontier,2025,LE Platinum Diesel TA,Paquetes,Seguridad,Alerta de velocidad,,https://www.nissan.com.mx/content/dam/Nissan/mexico/assets/duenos_nissan/nissan-connect/frontier/nissan-2025-frontier-platinum-d.jpeg
NissanConnect Services,Frontier,2025,LE Platinum Diesel TA,Paquetes,Seguridad,Alerta de movimiento programado,,https://www.nissan.com.mx/content/dam/Nissan/mexico/assets/duenos_nissan/nissan-connect/frontier/nissan-2025-frontier-platinum-d.jpeg
NissanConnect Services,Frontier,2025,LE Platinum Diesel TA,Paquetes,Seguridad,Asistencia de Vehículo Robado,,https://www.nissan.com.mx/content/dam/Nissan/mexico/assets/duenos_nissan/nissan-connect/frontier/nissan-2025-frontier-platinum-d.jpeg
NissanConnect Services,Frontier,2025,LE Platinum Diesel TA,Paquetes,Conveniencia,Luces destelladas y bocina remoto,,https://www.nissan.com.mx/content/dam/Nissan/mexico/assets/duenos_nissan/nissan-connect/frontier/nissan-2025-frontier-platinum-d.jpeg
NissanConnect Services,Frontier,2025,LE Platinum Diesel TA,Paquetes,Conveniencia,Localizar mi vehículo,,https://www.nissan.com.mx/content/dam/Nissan/mexico/assets/duenos_nissan/nissan-connect/frontier/nissan-2025-frontier-platinum-d.jpeg
NissanConnect Services,Frontier,2025,LE Platinum Diesel TA,Paquetes,Conveniencia,Estado remoto de mi vehículo,,https://www.nissan.com.mx/content/dam/Nissan/mexico/assets/duenos_nissan/nissan-connect/frontier/nissan-2025-frontier-platinum-d.jpeg
NissanConnect Services,Frontier,2025,LE Platinum Diesel TA,Paquetes,Conveniencia,Borrado remoto de datos,,https://www.nissan.com.mx/content/dam/Nissan/mexico/assets/duenos_nissan/nissan-connect/frontier/nissan-2025-frontier-platinum-d.jpeg
NissanConnect Services,Frontier,2025,LE Platinum Diesel TA,Paquetes,Conveniencia,Nissan Concierge,,https://www.nissan.com.mx/content/dam/Nissan/mexico/assets/duenos_nissan/nissan-connect/frontier/nissan-2025-frontier-platinum-d.jpeg
NissanConnect Services,Frontier,2025,LE Platinum Diesel TA,Paquetes,Premium,Paquetes de Seguridad + Conveniencia + Select,,https://www.nissan.com.mx/content/dam/Nissan/mexico/assets/duenos_nissan/nissan-connect/frontier/nissan-2025-frontier-platinum-d.jpeg
NissanConnect Services,Frontier,2025,LE Platinum Diesel TA,Paquetes,Wi-Fi,Wi-Fi HotSpot,,https://www.nissan.com.mx/content/dam/Nissan/mexico/assets/duenos_nissan/nissan-connect/frontier/nissan-2025-frontier-platinum-d.jpeg
NissanConnect Services,Frontier,2025,LE Platinum Diesel TA,Manuales y Guías,Pocket Guide,Aprende a configurar y utilizar las funciones conectadas de tu Nissan.,,
NissanConnect Services,Frontier,2025,LE Platinum Diesel TA,Manuales y Guías,Quick Guide,Conoce algunos de los servicios que ofrece NissanConnect Services y accede a un QR para descargar la App.,,
NissanConnect Services,Frontier,2025,LE Platinum Diesel TA,Manuales y Guías,Activación de cuenta,Descubre cómo activar tu cuenta de NissanConnect Services,,
NissanConnect Services,Frontier,2025,LE Platinum Diesel TA,Manuales y Guías,Activación de Wi-Fi ,Descubre cómo activar la prueba gratuita de Wi-Fi Hot Spot incluida en tu Nissan ,,
NissanConnect Services,Frontier,2025,PRO-4X,Paquetes,Select,Bloqueo / desbloqueo remoto de puertas,,https://www.nissan.com.mx/content/dam/Nissan/mexico/assets/duenos_nissan/nissan-connect/frontier/nissan-2025-frontier-platinum-d.jpeg
NissanConnect Services,Frontier,2025,PRO-4X,Paquetes,Select,Alerta de mantenimiento,,https://www.nissan.com.mx/content/dam/Nissan/mexico/assets/duenos_nissan/nissan-connect/frontier/nissan-2025-frontier-platinum-d.jpeg
NissanConnect Services,Frontier,2025,PRO-4X,Paquetes,Select,Notificación Mantenimiento Preventivo,,https://www.nissan.com.mx/content/dam/Nissan/mexico/assets/duenos_nissan/nissan-connect/frontier/nissan-2025-frontier-platinum-d.jpeg
NissanConnect Services,Frontier,2025,PRO-4X,Paquetes,Select,Mensaje enviado al vehículo,,https://www.nissan.com.mx/content/dam/Nissan/mexico/assets/duenos_nissan/nissan-connect/frontier/nissan-2025-frontier-platinum-d.jpeg
NissanConnect Services,Frontier,2025,PRO-4X,Paquetes,Select,Actualizaciones Over-The-Air,,https://www.nissan.com.mx/content/dam/Nissan/mexico/assets/duenos_nissan/nissan-connect/frontier/nissan-2025-frontier-platinum-d.jpeg
NissanConnect Services,Frontier,2025,PRO-4X,Paquetes,Select,Llamada de asistencia desde la App,,https://www.nissan.com.mx/content/dam/Nissan/mexico/assets/duenos_nissan/nissan-connect/frontier/nissan-2025-frontier-platinum-d.jpeg
NissanConnect Services,Frontier,2025,PRO-4X,Paquetes,Seguridad,Notificación automática de colisión (ACN),,https://www.nissan.com.mx/content/dam/Nissan/mexico/assets/duenos_nissan/nissan-connect/frontier/nissan-2025-frontier-platinum-d.jpeg
NissanConnect Services,Frontier,2025,PRO-4X,Paquetes,Seguridad,Llamada de emergencia,,https://www.nissan.com.mx/content/dam/Nissan/mexico/assets/duenos_nissan/nissan-connect/frontier/nissan-2025-frontier-platinum-d.jpeg
NissanConnect Services,Frontier,2025,PRO-4X,Paquetes,Seguridad,Conexión con asistencia vial,,https://www.nissan.com.mx/content/dam/Nissan/mexico/assets/duenos_nissan/nissan-connect/frontier/nissan-2025-frontier-platinum-d.jpeg
NissanConnect Services,Frontier,2025,PRO-4X,Paquetes,Seguridad,Notificación de alarma,,https://www.nissan.com.mx/content/dam/Nissan/mexico/assets/duenos_nissan/nissan-connect/frontier/nissan-2025-frontier-platinum-d.jpeg
NissanConnect Services,Frontier,2025,PRO-4X,Paquetes,Seguridad,Geocercas,,https://www.nissan.com.mx/content/dam/Nissan/mexico/assets/duenos_nissan/nissan-connect/frontier/nissan-2025-frontier-platinum-d.jpeg
NissanConnect Services,Frontier,2025,PRO-4X,Paquetes,Seguridad,Alerta de Valet,,https://www.nissan.com.mx/content/dam/Nissan/mexico/assets/duenos_nissan/nissan-connect/frontier/nissan-2025-frontier-platinum-d.jpeg
NissanConnect Services,Frontier,2025,PRO-4X,Paquetes,Seguridad,Alerta de velocidad,,https://www.nissan.com.mx/content/dam/Nissan/mexico/assets/duenos_nissan/nissan-connect/frontier/nissan-2025-frontier-platinum-d.jpeg
NissanConnect Services,Frontier,2025,PRO-4X,Paquetes,Seguridad,Alerta de movimiento programado,,https://www.nissan.com.mx/content/dam/Nissan/mexico/assets/duenos_nissan/nissan-connect/frontier/nissan-2025-frontier-platinum-d.jpeg
NissanConnect Services,Frontier,2025,PRO-4X,Paquetes,Seguridad,Asistencia de Vehículo Robado,,https://www.nissan.com.mx/content/dam/Nissan/mexico/assets/duenos_nissan/nissan-connect/frontier/nissan-2025-frontier-platinum-d.jpeg
NissanConnect Services,Frontier,2025,PRO-4X,Paquetes,Conveniencia,Luces destelladas y bocina remoto,,https://www.nissan.com.mx/content/dam/Nissan/mexico/assets/duenos_nissan/nissan-connect/frontier/nissan-2025-frontier-platinum-d.jpeg
NissanConnect Services,Frontier,2025,PRO-4X,Paquetes,Conveniencia,Localizar mi vehículo,,https://www.nissan.com.mx/content/dam/Nissan/mexico/assets/duenos_nissan/nissan-connect/frontier/nissan-2025-frontier-platinum-d.jpeg
NissanConnect Services,Frontier,2025,PRO-4X,Paquetes,Conveniencia,Estado remoto de mi vehículo,,https://www.nissan.com.mx/content/dam/Nissan/mexico/assets/duenos_nissan/nissan-connect/frontier/nissan-2025-frontier-platinum-d.jpeg
NissanConnect Services,Frontier,2025,PRO-4X,Paquetes,Conveniencia,Borrado remoto de datos,,https://www.nissan.com.mx/content/dam/Nissan/mexico/assets/duenos_nissan/nissan-connect/frontier/nissan-2025-frontier-platinum-d.jpeg
NissanConnect Services,Frontier,2025,PRO-4X,Paquetes,Conveniencia,Nissan Concierge,,https://www.nissan.com.mx/content/dam/Nissan/mexico/assets/duenos_nissan/nissan-connect/frontier/nissan-2025-frontier-platinum-d.jpeg
NissanConnect Services,Frontier,2025,PRO-4X,Paquetes,Premium,Paquetes de Seguridad + Conveniencia + Select,,https://www.nissan.com.mx/content/dam/Nissan/mexico/assets/duenos_nissan/nissan-connect/frontier/nissan-2025-frontier-platinum-d.jpeg
NissanConnect Services,Frontier,2025,PRO-4X,Paquetes,Wi-Fi,Wi-Fi HotSpot,,https://www.nissan.com.mx/content/dam/Nissan/mexico/assets/duenos_nissan/nissan-connect/frontier/nissan-2025-frontier-platinum-d.jpeg
NissanConnect Services,Frontier,2025,PRO-4X,Manuales y Guías,Pocket Guide,Aprende a configurar y utilizar las funciones conectadas de tu Nissan.,,
NissanConnect Services,Frontier,2025,PRO-4X,Manuales y Guías,Quick Guide,Conoce algunos de los servicios que ofrece NissanConnect Services y accede a un QR para descargar la App.,,
NissanConnect Services,Frontier,2025,PRO-4X,Manuales y Guías,Activación de cuenta,Descubre cómo activar tu cuenta de NissanConnect Services,,
NissanConnect Services,Frontier,2025,PRO-4X,Manuales y Guías,Activación de Wi-Fi ,Descubre cómo activar la prueba gratuita de Wi-Fi Hot Spot incluida en tu Nissan ,,
NissanConnect Services,Frontier,2026,LE Platinum TA,Paquetes,Select,Bloqueo / desbloqueo remoto de puertas,,https://www.nissan.com.mx/content/dam/Nissan/mexico/assets/duenos_nissan/nissan-connect/frontier/nissan-2026-frontier-platinum-d.jpeg
NissanConnect Services,Frontier,2026,LE Platinum TA,Paquetes,Select,Alerta de mantenimiento,,https://www.nissan.com.mx/content/dam/Nissan/mexico/assets/duenos_nissan/nissan-connect/frontier/nissan-2026-frontier-platinum-d.jpeg
NissanConnect Services,Frontier,2026,LE Platinum TA,Paquetes,Select,Notificación Mantenimiento Preventivo,,https://www.nissan.com.mx/content/dam/Nissan/mexico/assets/duenos_nissan/nissan-connect/frontier/nissan-2026-frontier-platinum-d.jpeg
NissanConnect Services,Frontier,2026,LE Platinum TA,Paquetes,Select,Mensaje enviado al vehículo,,https://www.nissan.com.mx/content/dam/Nissan/mexico/assets/duenos_nissan/nissan-connect/frontier/nissan-2026-frontier-platinum-d.jpeg
NissanConnect Services,Frontier,2026,LE Platinum TA,Paquetes,Select,Actualizaciones Over-The-Air,,https://www.nissan.com.mx/content/dam/Nissan/mexico/assets/duenos_nissan/nissan-connect/frontier/nissan-2026-frontier-platinum-d.jpeg
NissanConnect Services,Frontier,2026,LE Platinum TA,Paquetes,Select,Llamada de asistencia desde la App,,https://www.nissan.com.mx/content/dam/Nissan/mexico/assets/duenos_nissan/nissan-connect/frontier/nissan-2026-frontier-platinum-d.jpeg
NissanConnect Services,Frontier,2026,LE Platinum TA,Paquetes,Seguridad,Notificación automática de colisión (ACN),,https://www.nissan.com.mx/content/dam/Nissan/mexico/assets/duenos_nissan/nissan-connect/frontier/nissan-2026-frontier-platinum-d.jpeg
NissanConnect Services,Frontier,2026,LE Platinum TA,Paquetes,Seguridad,Llamada de emergencia,,https://www.nissan.com.mx/content/dam/Nissan/mexico/assets/duenos_nissan/nissan-connect/frontier/nissan-2026-frontier-platinum-d.jpeg
NissanConnect Services,Frontier,2026,LE Platinum TA,Paquetes,Seguridad,Conexión con asistencia vial,,https://www.nissan.com.mx/content/dam/Nissan/mexico/assets/duenos_nissan/nissan-connect/frontier/nissan-2026-frontier-platinum-d.jpeg
NissanConnect Services,Frontier,2026,LE Platinum TA,Paquetes,Seguridad,Notificación de alarma,,https://www.nissan.com.mx/content/dam/Nissan/mexico/assets/duenos_nissan/nissan-connect/frontier/nissan-2026-frontier-platinum-d.jpeg
NissanConnect Services,Frontier,2026,LE Platinum TA,Paquetes,Seguridad,Geocercas,,https://www.nissan.com.mx/content/dam/Nissan/mexico/assets/duenos_nissan/nissan-connect/frontier/nissan-2026-frontier-platinum-d.jpeg
NissanConnect Services,Frontier,2026,LE Platinum TA,Paquetes,Seguridad,Alerta de Valet,,https://www.nissan.com.mx/content/dam/Nissan/mexico/assets/duenos_nissan/nissan-connect/frontier/nissan-2026-frontier-platinum-d.jpeg
NissanConnect Services,Frontier,2026,LE Platinum TA,Paquetes,Seguridad,Alerta de velocidad,,https://www.nissan.com.mx/content/dam/Nissan/mexico/assets/duenos_nissan/nissan-connect/frontier/nissan-2026-frontier-platinum-d.jpeg
NissanConnect Services,Frontier,2026,LE Platinum TA,Paquetes,Seguridad,Alerta de movimiento programado,,https://www.nissan.com.mx/content/dam/Nissan/mexico/assets/duenos_nissan/nissan-connect/frontier/nissan-2026-frontier-platinum-d.jpeg
NissanConnect Services,Frontier,2026,LE Platinum TA,Paquetes,Seguridad,Asistencia de Vehículo Robado,,https://www.nissan.com.mx/content/dam/Nissan/mexico/assets/duenos_nissan/nissan-connect/frontier/nissan-2026-frontier-platinum-d.jpeg
NissanConnect Services,Frontier,2026,LE Platinum TA,Paquetes,Conveniencia,Luces destelladas y bocina remoto,,https://www.nissan.com.mx/content/dam/Nissan/mexico/assets/duenos_nissan/nissan-connect/frontier/nissan-2026-frontier-platinum-d.jpeg
NissanConnect Services,Frontier,2026,LE Platinum TA,Paquetes,Conveniencia,Localizar mi vehículo,,https://www.nissan.com.mx/content/dam/Nissan/mexico/assets/duenos_nissan/nissan-connect/frontier/nissan-2026-frontier-platinum-d.jpeg
NissanConnect Services,Frontier,2026,LE Platinum TA,Paquetes,Conveniencia,Estado remoto de mi vehículo,,https://www.nissan.com.mx/content/dam/Nissan/mexico/assets/duenos_nissan/nissan-connect/frontier/nissan-2026-frontier-platinum-d.jpeg
NissanConnect Services,Frontier,2026,LE Platinum TA,Paquetes,Conveniencia,Borrado remoto de datos,,https://www.nissan.com.mx/content/dam/Nissan/mexico/assets/duenos_nissan/nissan-connect/frontier/nissan-2026-frontier-platinum-d.jpeg
NissanConnect Services,Frontier,2026,LE Platinum TA,Paquetes,Conveniencia,Nissan Concierge,,https://www.nissan.com.mx/content/dam/Nissan/mexico/assets/duenos_nissan/nissan-connect/frontier/nissan-2026-frontier-platinum-d.jpeg
NissanConnect Services,Frontier,2026,LE Platinum TA,Paquetes,Premium,Paquetes de Seguridad + Conveniencia + Select,,https://www.nissan.com.mx/content/dam/Nissan/mexico/assets/duenos_nissan/nissan-connect/frontier/nissan-2026-frontier-platinum-d.jpeg
NissanConnect Services,Frontier,2026,LE Platinum TA,Paquetes,Wi-Fi,Wi-Fi HotSpot,,https://www.nissan.com.mx/content/dam/Nissan/mexico/assets/duenos_nissan/nissan-connect/frontier/nissan-2026-frontier-platinum-d.jpeg
NissanConnect Services,Frontier,2026,LE Platinum TA,Manuales y Guías,Pocket Guide,Aprende a configurar y utilizar las funciones conectadas de tu Nissan.,,
NissanConnect Services,Frontier,2026,LE Platinum TA,Manuales y Guías,Quick Guide,Conoce algunos de los servicios que ofrece NissanConnect Services y accede a un QR para descargar la App.,,
NissanConnect Services,Frontier,2026,LE Platinum TA,Manuales y Guías,Activación de cuenta,Descubre cómo activar tu cuenta de NissanConnect Services,,
NissanConnect Services,Frontier,2026,LE Platinum TA,Manuales y Guías,Activación de Wi-Fi ,Descubre cómo activar la prueba gratuita de Wi-Fi Hot Spot incluida en tu Nissan ,,
NissanConnect Services,Frontier,2026,LE Platinum Diesel TA,Paquetes,Select,Bloqueo / desbloqueo remoto de puertas,,https://www.nissan.com.mx/content/dam/Nissan/mexico/assets/duenos_nissan/nissan-connect/frontier/nissan-2026-frontier-platinum-d.jpeg
NissanConnect Services,Frontier,2026,LE Platinum Diesel TA,Paquetes,Select,Alerta de mantenimiento,,https://www.nissan.com.mx/content/dam/Nissan/mexico/assets/duenos_nissan/nissan-connect/frontier/nissan-2026-frontier-platinum-d.jpeg
NissanConnect Services,Frontier,2026,LE Platinum Diesel TA,Paquetes,Select,Notificación Mantenimiento Preventivo,,https://www.nissan.com.mx/content/dam/Nissan/mexico/assets/duenos_nissan/nissan-connect/frontier/nissan-2026-frontier-platinum-d.jpeg
NissanConnect Services,Frontier,2026,LE Platinum Diesel TA,Paquetes,Select,Mensaje enviado al vehículo,,https://www.nissan.com.mx/content/dam/Nissan/mexico/assets/duenos_nissan/nissan-connect/frontier/nissan-2026-frontier-platinum-d.jpeg
NissanConnect Services,Frontier,2026,LE Platinum Diesel TA,Paquetes,Select,Actualizaciones Over-The-Air,,https://www.nissan.com.mx/content/dam/Nissan/mexico/assets/duenos_nissan/nissan-connect/frontier/nissan-2026-frontier-platinum-d.jpeg
NissanConnect Services,Frontier,2026,LE Platinum Diesel TA,Paquetes,Select,Llamada de asistencia desde la App,,https://www.nissan.com.mx/content/dam/Nissan/mexico/assets/duenos_nissan/nissan-connect/frontier/nissan-2026-frontier-platinum-d.jpeg
NissanConnect Services,Frontier,2026,LE Platinum Diesel TA,Paquetes,Seguridad,Notificación automática de colisión (ACN),,https://www.nissan.com.mx/content/dam/Nissan/mexico/assets/duenos_nissan/nissan-connect/frontier/nissan-2026-frontier-platinum-d.jpeg
NissanConnect Services,Frontier,2026,LE Platinum Diesel TA,Paquetes,Seguridad,Llamada de emergencia,,https://www.nissan.com.mx/content/dam/Nissan/mexico/assets/duenos_nissan/nissan-connect/frontier/nissan-2026-frontier-platinum-d.jpeg
NissanConnect Services,Frontier,2026,LE Platinum Diesel TA,Paquetes,Seguridad,Conexión con asistencia vial,,https://www.nissan.com.mx/content/dam/Nissan/mexico/assets/duenos_nissan/nissan-connect/frontier/nissan-2026-frontier-platinum-d.jpeg
NissanConnect Services,Frontier,2026,LE Platinum Diesel TA,Paquetes,Seguridad,Notificación de alarma,,https://www.nissan.com.mx/content/dam/Nissan/mexico/assets/duenos_nissan/nissan-connect/frontier/nissan-2026-frontier-platinum-d.jpeg
NissanConnect Services,Frontier,2026,LE Platinum Diesel TA,Paquetes,Seguridad,Geocercas,,https://www.nissan.com.mx/content/dam/Nissan/mexico/assets/duenos_nissan/nissan-connect/frontier/nissan-2026-frontier-platinum-d.jpeg
NissanConnect Services,Frontier,2026,LE Platinum Diesel TA,Paquetes,Seguridad,Alerta de Valet,,https://www.nissan.com.mx/content/dam/Nissan/mexico/assets/duenos_nissan/nissan-connect/frontier/nissan-2026-frontier-platinum-d.jpeg
NissanConnect Services,Frontier,2026,LE Platinum Diesel TA,Paquetes,Seguridad,Alerta de velocidad,,https://www.nissan.com.mx/content/dam/Nissan/mexico/assets/duenos_nissan/nissan-connect/frontier/nissan-2026-frontier-platinum-d.jpeg
NissanConnect Services,Frontier,2026,LE Platinum Diesel TA,Paquetes,Seguridad,Alerta de movimiento programado,,https://www.nissan.com.mx/content/dam/Nissan/mexico/assets/duenos_nissan/nissan-connect/frontier/nissan-2026-frontier-platinum-d.jpeg
NissanConnect Services,Frontier,2026,LE Platinum Diesel TA,Paquetes,Seguridad,Asistencia de Vehículo Robado,,https://www.nissan.com.mx/content/dam/Nissan/mexico/assets/duenos_nissan/nissan-connect/frontier/nissan-2026-frontier-platinum-d.jpeg
NissanConnect Services,Frontier,2026,LE Platinum Diesel TA,Paquetes,Conveniencia,Luces destelladas y bocina remoto,,https://www.nissan.com.mx/content/dam/Nissan/mexico/assets/duenos_nissan/nissan-connect/frontier/nissan-2026-frontier-platinum-d.jpeg
NissanConnect Services,Frontier,2026,LE Platinum Diesel TA,Paquetes,Conveniencia,Localizar mi vehículo,,https://www.nissan.com.mx/content/dam/Nissan/mexico/assets/duenos_nissan/nissan-connect/frontier/nissan-2026-frontier-platinum-d.jpeg
NissanConnect Services,Frontier,2026,LE Platinum Diesel TA,Paquetes,Conveniencia,Estado remoto de mi vehículo,,https://www.nissan.com.mx/content/dam/Nissan/mexico/assets/duenos_nissan/nissan-connect/frontier/nissan-2026-frontier-platinum-d.jpeg
NissanConnect Services,Frontier,2026,LE Platinum Diesel TA,Paquetes,Conveniencia,Borrado remoto de datos,,https://www.nissan.com.mx/content/dam/Nissan/mexico/assets/duenos_nissan/nissan-connect/frontier/nissan-2026-frontier-platinum-d.jpeg
NissanConnect Services,Frontier,2026,LE Platinum Diesel TA,Paquetes,Conveniencia,Nissan Concierge,,https://www.nissan.com.mx/content/dam/Nissan/mexico/assets/duenos_nissan/nissan-connect/frontier/nissan-2026-frontier-platinum-d.jpeg
NissanConnect Services,Frontier,2026,LE Platinum Diesel TA,Paquetes,Premium,Paquetes de Seguridad + Conveniencia + Select,,https://www.nissan.com.mx/content/dam/Nissan/mexico/assets/duenos_nissan/nissan-connect/frontier/nissan-2026-frontier-platinum-d.jpeg
NissanConnect Services,Frontier,2026,LE Platinum Diesel TA,Paquetes,Wi-Fi,Wi-Fi HotSpot,,https://www.nissan.com.mx/content/dam/Nissan/mexico/assets/duenos_nissan/nissan-connect/frontier/nissan-2026-frontier-platinum-d.jpeg
NissanConnect Services,Frontier,2026,LE Platinum Diesel TA,Manuales y Guías,Pocket Guide,Aprende a configurar y utilizar las funciones conectadas de tu Nissan.,,
NissanConnect Services,Frontier,2026,LE Platinum Diesel TA,Manuales y Guías,Quick Guide,Conoce algunos de los servicios que ofrece NissanConnect Services y accede a un QR para descargar la App.,,
NissanConnect Services,Frontier,2026,LE Platinum Diesel TA,Manuales y Guías,Activación de cuenta,Descubre cómo activar tu cuenta de NissanConnect Services,,
NissanConnect Services,Frontier,2026,LE Platinum Diesel TA,Manuales y Guías,Activación de Wi-Fi ,Descubre cómo activar la prueba gratuita de Wi-Fi Hot Spot incluida en tu Nissan ,,
NissanConnect Services,Frontier,2026,PRO-4X,Paquetes,Select,Bloqueo / desbloqueo remoto de puertas,,https://www.nissan.com.mx/content/dam/Nissan/mexico/assets/duenos_nissan/nissan-connect/frontier/nissan-2026-frontier-platinum-d.jpeg
NissanConnect Services,Frontier,2026,PRO-4X,Paquetes,Select,Alerta de mantenimiento,,https://www.nissan.com.mx/content/dam/Nissan/mexico/assets/duenos_nissan/nissan-connect/frontier/nissan-2026-frontier-platinum-d.jpeg
NissanConnect Services,Frontier,2026,PRO-4X,Paquetes,Select,Notificación Mantenimiento Preventivo,,https://www.nissan.com.mx/content/dam/Nissan/mexico/assets/duenos_nissan/nissan-connect/frontier/nissan-2026-frontier-platinum-d.jpeg
NissanConnect Services,Frontier,2026,PRO-4X,Paquetes,Select,Mensaje enviado al vehículo,,https://www.nissan.com.mx/content/dam/Nissan/mexico/assets/duenos_nissan/nissan-connect/frontier/nissan-2026-frontier-platinum-d.jpeg
NissanConnect Services,Frontier,2026,PRO-4X,Paquetes,Select,Actualizaciones Over-The-Air,,https://www.nissan.com.mx/content/dam/Nissan/mexico/assets/duenos_nissan/nissan-connect/frontier/nissan-2026-frontier-platinum-d.jpeg
NissanConnect Services,Frontier,2026,PRO-4X,Paquetes,Select,Llamada de asistencia desde la App,,https://www.nissan.com.mx/content/dam/Nissan/mexico/assets/duenos_nissan/nissan-connect/frontier/nissan-2026-frontier-platinum-d.jpeg
NissanConnect Services,Frontier,2026,PRO-4X,Paquetes,Seguridad,Notificación automática de colisión (ACN),,https://www.nissan.com.mx/content/dam/Nissan/mexico/assets/duenos_nissan/nissan-connect/frontier/nissan-2026-frontier-platinum-d.jpeg
NissanConnect Services,Frontier,2026,PRO-4X,Paquetes,Seguridad,Llamada de emergencia,,https://www.nissan.com.mx/content/dam/Nissan/mexico/assets/duenos_nissan/nissan-connect/frontier/nissan-2026-frontier-platinum-d.jpeg
NissanConnect Services,Frontier,2026,PRO-4X,Paquetes,Seguridad,Conexión con asistencia vial,,https://www.nissan.com.mx/content/dam/Nissan/mexico/assets/duenos_nissan/nissan-connect/frontier/nissan-2026-frontier-platinum-d.jpeg
NissanConnect Services,Frontier,2026,PRO-4X,Paquetes,Seguridad,Notificación de alarma,,https://www.nissan.com.mx/content/dam/Nissan/mexico/assets/duenos_nissan/nissan-connect/frontier/nissan-2026-frontier-platinum-d.jpeg
NissanConnect Services,Frontier,2026,PRO-4X,Paquetes,Seguridad,Geocercas,,https://www.nissan.com.mx/content/dam/Nissan/mexico/assets/duenos_nissan/nissan-connect/frontier/nissan-2026-frontier-platinum-d.jpeg
NissanConnect Services,Frontier,2026,PRO-4X,Paquetes,Seguridad,Alerta de Valet,,https://www.nissan.com.mx/content/dam/Nissan/mexico/assets/duenos_nissan/nissan-connect/frontier/nissan-2026-frontier-platinum-d.jpeg
NissanConnect Services,Frontier,2026,PRO-4X,Paquetes,Seguridad,Alerta de velocidad,,https://www.nissan.com.mx/content/dam/Nissan/mexico/assets/duenos_nissan/nissan-connect/frontier/nissan-2026-frontier-platinum-d.jpeg
NissanConnect Services,Frontier,2026,PRO-4X,Paquetes,Seguridad,Alerta de movimiento programado,,https://www.nissan.com.mx/content/dam/Nissan/mexico/assets/duenos_nissan/nissan-connect/frontier/nissan-2026-frontier-platinum-d.jpeg
NissanConnect Services,Frontier,2026,PRO-4X,Paquetes,Seguridad,Asistencia de Vehículo Robado,,https://www.nissan.com.mx/content/dam/Nissan/mexico/assets/duenos_nissan/nissan-connect/frontier/nissan-2026-frontier-platinum-d.jpeg
NissanConnect Services,Frontier,2026,PRO-4X,Paquetes,Conveniencia,Luces destelladas y bocina remoto,,https://www.nissan.com.mx/content/dam/Nissan/mexico/assets/duenos_nissan/nissan-connect/frontier/nissan-2026-frontier-platinum-d.jpeg
NissanConnect Services,Frontier,2026,PRO-4X,Paquetes,Conveniencia,Localizar mi vehículo,,https://www.nissan.com.mx/content/dam/Nissan/mexico/assets/duenos_nissan/nissan-connect/frontier/nissan-2026-frontier-platinum-d.jpeg
NissanConnect Services,Frontier,2026,PRO-4X,Paquetes,Conveniencia,Estado remoto de mi vehículo,,https://www.nissan.com.mx/content/dam/Nissan/mexico/assets/duenos_nissan/nissan-connect/frontier/nissan-2026-frontier-platinum-d.jpeg
NissanConnect Services,Frontier,2026,PRO-4X,Paquetes,Conveniencia,Borrado remoto de datos,,https://www.nissan.com.mx/content/dam/Nissan/mexico/assets/duenos_nissan/nissan-connect/frontier/nissan-2026-frontier-platinum-d.jpeg
NissanConnect Services,Frontier,2026,PRO-4X,Paquetes,Conveniencia,Nissan Concierge,,https://www.nissan.com.mx/content/dam/Nissan/mexico/assets/duenos_nissan/nissan-connect/frontier/nissan-2026-frontier-platinum-d.jpeg
NissanConnect Services,Frontier,2026,PRO-4X,Paquetes,Premium,Paquetes de Seguridad + Conveniencia + Select,,https://www.nissan.com.mx/content/dam/Nissan/mexico/assets/duenos_nissan/nissan-connect/frontier/nissan-2026-frontier-platinum-d.jpeg
NissanConnect Services,Frontier,2026,PRO-4X,Paquetes,Wi-Fi,Wi-Fi HotSpot,,https://www.nissan.com.mx/content/dam/Nissan/mexico/assets/duenos_nissan/nissan-connect/frontier/nissan-2026-frontier-platinum-d.jpeg
NissanConnect Services,Frontier,2026,PRO-4X,Manuales y Guías,Pocket Guide,Aprende a configurar y utilizar las funciones conectadas de tu Nissan.,,
NissanConnect Services,Frontier,2026,PRO-4X,Manuales y Guías,Quick Guide,Conoce algunos de los servicios que ofrece NissanConnect Services y accede a un QR para descargar la App.,,
NissanConnect Services,Frontier,2026,PRO-4X,Manuales y Guías,Activación de cuenta,Descubre cómo activar tu cuenta de NissanConnect Services,,
NissanConnect Services,Frontier,2026,PRO-4X,Manuales y Guías,Activación de Wi-Fi ,Descubre cómo activar la prueba gratuita de Wi-Fi Hot Spot incluida en tu Nissan ,,
NissanConnect Services,Frontier,2027,Platinum,Paquetes,Select,Bloqueo / desbloqueo remoto de puertas,,
NissanConnect Services,Frontier,2027,Platinum,Paquetes,Select,Alerta de mantenimiento,,
NissanConnect Services,Frontier,2027,Platinum,Paquetes,Select,Notificación Mantenimiento Preventivo,,
NissanConnect Services,Frontier,2027,Platinum,Paquetes,Select,Mensaje enviado al vehículo,,
NissanConnect Services,Frontier,2027,Platinum,Paquetes,Select,Actualizaciones Over-The-Air,,
NissanConnect Services,Frontier,2027,Platinum,Paquetes,Select,Llamada de asistencia desde la App,,
NissanConnect Services,Frontier,2027,Platinum,Paquetes,Seguridad,Notificación automática de colisión (ACN),,
NissanConnect Services,Frontier,2027,Platinum,Paquetes,Seguridad,Llamada de emergencia,,
NissanConnect Services,Frontier,2027,Platinum,Paquetes,Seguridad,Conexión con asistencia vial,,
NissanConnect Services,Frontier,2027,Platinum,Paquetes,Seguridad,Notificación de alarma,,
NissanConnect Services,Frontier,2027,Platinum,Paquetes,Seguridad,Geocercas,,
NissanConnect Services,Frontier,2027,Platinum,Paquetes,Seguridad,Alerta de Valet,,
NissanConnect Services,Frontier,2027,Platinum,Paquetes,Seguridad,Alerta de velocidad,,
NissanConnect Services,Frontier,2027,Platinum,Paquetes,Seguridad,Alerta de movimiento programado,,
NissanConnect Services,Frontier,2027,Platinum,Paquetes,Seguridad,Asistencia de Vehículo Robado,,
NissanConnect Services,Frontier,2027,Platinum,Paquetes,Conveniencia,Luces destelladas y bocina remoto,,
NissanConnect Services,Frontier,2027,Platinum,Paquetes,Conveniencia,Localizar mi vehículo,,
NissanConnect Services,Frontier,2027,Platinum,Paquetes,Conveniencia,Estado remoto de mi vehículo,,
NissanConnect Services,Frontier,2027,Platinum,Paquetes,Conveniencia,Borrado remoto de datos,,
NissanConnect Services,Frontier,2027,Platinum,Paquetes,Conveniencia,Nissan Concierge,,
NissanConnect Services,Frontier,2027,Platinum,Paquetes,Premium,Paquetes de Seguridad + Conveniencia + Select,,
NissanConnect Services,Frontier,2027,Platinum,Paquetes,Wi-Fi,Wi-Fi HotSpot,,
NissanConnect Services,Frontier,2027,Platinum,Manuales y Guías,Pocket Guide,Aprende a configurar y utilizar las funciones conectadas de tu Nissan.,,
NissanConnect Services,Frontier,2027,Platinum,Manuales y Guías,Quick Guide,Conoce algunos de los servicios que ofrece NissanConnect Services y accede a un QR para descargar la App.,,
NissanConnect Services,Frontier,2027,Platinum,Manuales y Guías,Activación de cuenta,Descubre cómo activar tu cuenta de NissanConnect Services,,
NissanConnect Services,Frontier,2027,Platinum,Manuales y Guías,Activación de Wi-Fi ,Descubre cómo activar la prueba gratuita de Wi-Fi Hot Spot incluida en tu Nissan ,,
NissanConnect Services,Frontier,2027,PRO-4X,Paquetes,Select,Bloqueo / desbloqueo remoto de puertas,,
NissanConnect Services,Frontier,2027,PRO-4X,Paquetes,Select,Alerta de mantenimiento,,
NissanConnect Services,Frontier,2027,PRO-4X,Paquetes,Select,Notificación Mantenimiento Preventivo,,
NissanConnect Services,Frontier,2027,PRO-4X,Paquetes,Select,Mensaje enviado al vehículo,,
NissanConnect Services,Frontier,2027,PRO-4X,Paquetes,Select,Actualizaciones Over-The-Air,,
NissanConnect Services,Frontier,2027,PRO-4X,Paquetes,Select,Llamada de asistencia desde la App,,
NissanConnect Services,Frontier,2027,PRO-4X,Paquetes,Seguridad,Notificación automática de colisión (ACN),,
NissanConnect Services,Frontier,2027,PRO-4X,Paquetes,Seguridad,Llamada de emergencia,,
NissanConnect Services,Frontier,2027,PRO-4X,Paquetes,Seguridad,Conexión con asistencia vial,,
NissanConnect Services,Frontier,2027,PRO-4X,Paquetes,Seguridad,Notificación de alarma,,
NissanConnect Services,Frontier,2027,PRO-4X,Paquetes,Seguridad,Geocercas,,
NissanConnect Services,Frontier,2027,PRO-4X,Paquetes,Seguridad,Alerta de Valet,,
NissanConnect Services,Frontier,2027,PRO-4X,Paquetes,Seguridad,Alerta de velocidad,,
NissanConnect Services,Frontier,2027,PRO-4X,Paquetes,Seguridad,Alerta de movimiento programado,,
NissanConnect Services,Frontier,2027,PRO-4X,Paquetes,Seguridad,Asistencia de Vehículo Robado,,
NissanConnect Services,Frontier,2027,PRO-4X,Paquetes,Conveniencia,Luces destelladas y bocina remoto,,
NissanConnect Services,Frontier,2027,PRO-4X,Paquetes,Conveniencia,Localizar mi vehículo,,
NissanConnect Services,Frontier,2027,PRO-4X,Paquetes,Conveniencia,Estado remoto de mi vehículo,,
NissanConnect Services,Frontier,2027,PRO-4X,Paquetes,Conveniencia,Borrado remoto de datos,,
NissanConnect Services,Frontier,2027,PRO-4X,Paquetes,Conveniencia,Nissan Concierge,,
NissanConnect Services,Frontier,2027,PRO-4X,Paquetes,Premium,Paquetes de Seguridad + Conveniencia + Select,,
NissanConnect Services,Frontier,2027,PRO-4X,Paquetes,Wi-Fi,Wi-Fi HotSpot,,
NissanConnect Services,Frontier,2027,PRO-4X,Manuales y Guías,Pocket Guide,Aprende a configurar y utilizar las funciones conectadas de tu Nissan.,,
NissanConnect Services,Frontier,2027,PRO-4X,Manuales y Guías,Quick Guide,Conoce algunos de los servicios que ofrece NissanConnect Services y accede a un QR para descargar la App.,,
NissanConnect Services,Frontier,2027,PRO-4X,Manuales y Guías,Activación de cuenta,Descubre cómo activar tu cuenta de NissanConnect Services,,
NissanConnect Services,Frontier,2027,PRO-4X,Manuales y Guías,Activación de Wi-Fi ,Descubre cómo activar la prueba gratuita de Wi-Fi Hot Spot incluida en tu Nissan ,,
NissanConnect Services,Frontier PRO Plug-in Hybrid,2027,LE,Paquetes,Seguridad,Asistencia de vehículo robado,,
NissanConnect Services,Frontier PRO Plug-in Hybrid,2027,LE,Paquetes,Seguridad,Geocercas,,
NissanConnect Services,Frontier PRO Plug-in Hybrid,2027,LE,Paquetes,Seguridad,Recordatorio de bloqueo,,
NissanConnect Services,Frontier PRO Plug-in Hybrid,2027,LE,Paquetes,Seguridad,Localizar mi vehículo,,
NissanConnect Services,Frontier PRO Plug-in Hybrid,2027,LE,Paquetes,Seguridad,Notificación MIL ON,,
NissanConnect Services,Frontier PRO Plug-in Hybrid,2027,LE,Paquetes,Seguridad,Estado remoto de mi vehículo,,
NissanConnect Services,Frontier PRO Plug-in Hybrid,2027,LE,Paquetes,Conveniencia,Control de clima remoto,,
NissanConnect Services,Frontier PRO Plug-in Hybrid,2027,LE,Paquetes,Conveniencia,Control de clima remoto con control de tiempo,,
NissanConnect Services,Frontier PRO Plug-in Hybrid,2027,LE,Paquetes,Conveniencia,"Control de calefacción y ventilación en asientos, con control de tiempo",,
NissanConnect Services,Frontier PRO Plug-in Hybrid,2027,LE,Paquetes,Conveniencia,Calefacción / enfriamiento rápido,,
NissanConnect Services,Frontier PRO Plug-in Hybrid,2027,LE,Paquetes,Conveniencia,Desempañado Remoto,,
NissanConnect Services,Frontier PRO Plug-in Hybrid,2027,LE,Paquetes,Conveniencia,Bloqueo / desbloqueo remoto de puertas,,
NissanConnect Services,Frontier PRO Plug-in Hybrid,2027,LE,Paquetes,Conveniencia,Luces destelladas y bocina remota,,
NissanConnect Services,Frontier PRO Plug-in Hybrid,2027,LE,Paquetes,Conveniencia,Luces destelladas,,
NissanConnect Services,Frontier PRO Plug-in Hybrid,2027,LE,Paquetes,Conveniencia,Actualizaciones Over-The-Air,,
NissanConnect Services,Frontier PRO Plug-in Hybrid,2027,LE,Paquetes,EV,Desbloqueo remoto de conector de carga,,
NissanConnect Services,Frontier PRO Plug-in Hybrid,2027,LE,Paquetes,EV,Pre-calentamiento remoto de la batería,,
NissanConnect Services,Frontier PRO Plug-in Hybrid,2027,LE,Paquetes,EV,Programación de pre-calentamiento de la batería,,
NissanConnect Services,Frontier PRO Plug-in Hybrid,2027,LE,Paquetes,EV,Calculadora de costo de carga,,
NissanConnect Services,Frontier PRO Plug-in Hybrid,2027,LE,Paquetes,EV,Historial de consumo de carga,,
NissanConnect Services,Frontier PRO Plug-in Hybrid,2027,LE,Paquetes,EV,Control de temperatura de la batería durante la inserción del conector de carga,,
NissanConnect Services,Frontier PRO Plug-in Hybrid,2027,LE,Paquetes,EV,Control remoto de carga,,
NissanConnect Services,Frontier PRO Plug-in Hybrid,2027,LE,Paquetes,EV,Notificación de carga completada,,
NissanConnect Services,Frontier PRO Plug-in Hybrid,2027,LE,Paquetes,EV,Recordatorio de conexión del cargador,,
NissanConnect Services,Frontier PRO Plug-in Hybrid,2027,LE,Paquetes,EV,Estado remoto de batería,,
NissanConnect Services,Frontier PRO Plug-in Hybrid,2027,LE,Manuales y Guías,Pocket Guide,Aprende a configurar y utilizar las funciones conectadas de tu Nissan.,,
NissanConnect Services,Frontier PRO Plug-in Hybrid,2027,LE,Manuales y Guías,Activación de Cuenta,Descubre el paso a paso para activar tu cuenta de NissanConnect Services.,,
NissanConnect Services,Frontier PRO Plug-in Hybrid,2027,LE,Manuales y Guías,Activación de Servicios,Descubre cómo vincular tu Nissan a tu App.,,
NissanConnect Services,Frontier PRO Plug-in Hybrid,2027,LE,Manuales y Guías,Ficha Técnica,Descubre cuáles servicios conectados están disponibles para tu Nissan.,,
NissanConnect Services,Frontier PRO Plug-in Hybrid,2027,Platinum,Paquetes,Seguridad,Asistencia de vehículo robado,,
NissanConnect Services,Frontier PRO Plug-in Hybrid,2027,Platinum,Paquetes,Seguridad,Geocercas,,
NissanConnect Services,Frontier PRO Plug-in Hybrid,2027,Platinum,Paquetes,Seguridad,Recordatorio de bloqueo,,
NissanConnect Services,Frontier PRO Plug-in Hybrid,2027,Platinum,Paquetes,Seguridad,Localizar mi vehículo,,
NissanConnect Services,Frontier PRO Plug-in Hybrid,2027,Platinum,Paquetes,Seguridad,Notificación MIL ON,,
NissanConnect Services,Frontier PRO Plug-in Hybrid,2027,Platinum,Paquetes,Seguridad,Estado remoto de mi vehículo,,
NissanConnect Services,Frontier PRO Plug-in Hybrid,2027,Platinum,Paquetes,Conveniencia,Control de clima remoto,,
NissanConnect Services,Frontier PRO Plug-in Hybrid,2027,Platinum,Paquetes,Conveniencia,Control de clima remoto con control de tiempo,,
NissanConnect Services,Frontier PRO Plug-in Hybrid,2027,Platinum,Paquetes,Conveniencia,"Control de calefacción y ventilación en asientos, con control de tiempo",,
NissanConnect Services,Frontier PRO Plug-in Hybrid,2027,Platinum,Paquetes,Conveniencia,Calefacción / enfriamiento rápido,,
NissanConnect Services,Frontier PRO Plug-in Hybrid,2027,Platinum,Paquetes,Conveniencia,Desempañado Remoto,,
NissanConnect Services,Frontier PRO Plug-in Hybrid,2027,Platinum,Paquetes,Conveniencia,Bloqueo / desbloqueo remoto de puertas,,
NissanConnect Services,Frontier PRO Plug-in Hybrid,2027,Platinum,Paquetes,Conveniencia,Luces destelladas y bocina remota,,
NissanConnect Services,Frontier PRO Plug-in Hybrid,2027,Platinum,Paquetes,Conveniencia,Luces destelladas,,
NissanConnect Services,Frontier PRO Plug-in Hybrid,2027,Platinum,Paquetes,Conveniencia,Actualizaciones Over-The-Air,,
NissanConnect Services,Frontier PRO Plug-in Hybrid,2027,Platinum,Paquetes,EV,Desbloqueo remoto de conector de carga,,
NissanConnect Services,Frontier PRO Plug-in Hybrid,2027,Platinum,Paquetes,EV,Pre-calentamiento remoto de la batería,,
NissanConnect Services,Frontier PRO Plug-in Hybrid,2027,Platinum,Paquetes,EV,Programación de pre-calentamiento de la batería,,
NissanConnect Services,Frontier PRO Plug-in Hybrid,2027,Platinum,Paquetes,EV,Calculadora de costo de carga,,
NissanConnect Services,Frontier PRO Plug-in Hybrid,2027,Platinum,Paquetes,EV,Historial de consumo de carga,,
NissanConnect Services,Frontier PRO Plug-in Hybrid,2027,Platinum,Paquetes,EV,Control de temperatura de la batería durante la inserción del conector de carga,,
NissanConnect Services,Frontier PRO Plug-in Hybrid,2027,Platinum,Paquetes,EV,Control remoto de carga,,
NissanConnect Services,Frontier PRO Plug-in Hybrid,2027,Platinum,Paquetes,EV,Notificación de carga completada,,
NissanConnect Services,Frontier PRO Plug-in Hybrid,2027,Platinum,Paquetes,EV,Recordatorio de conexión del cargador,,
NissanConnect Services,Frontier PRO Plug-in Hybrid,2027,Platinum,Paquetes,EV,Estado remoto de batería,,
NissanConnect Services,Frontier PRO Plug-in Hybrid,2027,Platinum,Manuales y Guías,Pocket Guide,Aprende a configurar y utilizar las funciones conectadas de tu Nissan.,,
NissanConnect Services,Frontier PRO Plug-in Hybrid,2027,Platinum,Manuales y Guías,Activación de Cuenta,Descubre el paso a paso para activar tu cuenta de NissanConnect Services.,,
NissanConnect Services,Frontier PRO Plug-in Hybrid,2027,Platinum,Manuales y Guías,Activación de Servicios,Descubre cómo vincular tu Nissan a tu App.,,
NissanConnect Services,Frontier PRO Plug-in Hybrid,2027,Platinum,Manuales y Guías,Ficha Técnica,Descubre cuáles servicios conectados están disponibles para tu Nissan.,,
NissanConnect Services,Frontier V6,2022,PRO-4X,Paquetes,Select,Bloqueo / desbloqueo remoto de puertas,,
NissanConnect Services,Frontier V6,2022,PRO-4X,Paquetes,Select,Alerta de mantenimiento,,
NissanConnect Services,Frontier V6,2022,PRO-4X,Paquetes,Select,Notificación Mantenimiento Preventivo,,
NissanConnect Services,Frontier V6,2022,PRO-4X,Paquetes,Select,Mensaje enviado al vehículo,,
NissanConnect Services,Frontier V6,2022,PRO-4X,Paquetes,Select,Actualizaciones Over-The-Air,,
NissanConnect Services,Frontier V6,2022,PRO-4X,Paquetes,Select,Llamada de asistencia desde la App,,
NissanConnect Services,Frontier V6,2022,PRO-4X,Paquetes,Select,Vista Mapa,,
NissanConnect Services,Frontier V6,2022,PRO-4X,Paquetes,Select,Vista Satélite,,
NissanConnect Services,Frontier V6,2022,PRO-4X,Paquetes,Select,Destinos by Google,,
NissanConnect Services,Frontier V6,2022,PRO-4X,Paquetes,Select,Búsqueda Conectada,,
NissanConnect Services,Frontier V6,2022,PRO-4X,Paquetes,Select,Actualización de mapas Over-The-Air,,
NissanConnect Services,Frontier V6,2022,PRO-4X,Paquetes,Select,Premium Traffic,,
NissanConnect Services,Frontier V6,2022,PRO-4X,Paquetes,Select,TomTom Weather,,
NissanConnect Services,Frontier V6,2022,PRO-4X,Paquetes,Seguridad,Notificación automática de colisión (ACN),,
NissanConnect Services,Frontier V6,2022,PRO-4X,Paquetes,Seguridad,Llamada de emergencia,,
NissanConnect Services,Frontier V6,2022,PRO-4X,Paquetes,Seguridad,Conexión con asistencia vial,,
NissanConnect Services,Frontier V6,2022,PRO-4X,Paquetes,Seguridad,Notificación de alarma,,
NissanConnect Services,Frontier V6,2022,PRO-4X,Paquetes,Seguridad,Geocercas,,
NissanConnect Services,Frontier V6,2022,PRO-4X,Paquetes,Seguridad,Alerta de Valet,,
NissanConnect Services,Frontier V6,2022,PRO-4X,Paquetes,Seguridad,Alerta de velocidad,,
NissanConnect Services,Frontier V6,2022,PRO-4X,Paquetes,Seguridad,Alerta de movimiento programado,,
NissanConnect Services,Frontier V6,2022,PRO-4X,Paquetes,Seguridad,Asistencia de Vehículo Robado,,
NissanConnect Services,Frontier V6,2022,PRO-4X,Paquetes,Conveniencia,Arranque/ Apagado remoto de motor,,
NissanConnect Services,Frontier V6,2022,PRO-4X,Paquetes,Conveniencia,Luces destelladas y bocina remoto,,
NissanConnect Services,Frontier V6,2022,PRO-4X,Paquetes,Conveniencia,Localizar mi vehículo,,
NissanConnect Services,Frontier V6,2022,PRO-4X,Paquetes,Conveniencia,Estado remoto de mi vehículo,,
NissanConnect Services,Frontier V6,2022,PRO-4X,Paquetes,Conveniencia,Borrado remoto de datos,,
NissanConnect Services,Frontier V6,2022,PRO-4X,Paquetes,Conveniencia,Nissan Concierge,,
NissanConnect Services,Frontier V6,2022,PRO-4X,Paquetes,Conveniencia,Envío de destino al vehículo,,
NissanConnect Services,Frontier V6,2022,PRO-4X,Paquetes,Conveniencia,Asistente de destino,,
NissanConnect Services,Frontier V6,2022,PRO-4X,Paquetes,Conveniencia,Navegación puerta a puerta,,
NissanConnect Services,Frontier V6,2022,PRO-4X,Paquetes,Conveniencia,Planificador de viaje,,
NissanConnect Services,Frontier V6,2022,PRO-4X,Paquetes,Premium,Paquetes de Seguridad + Conveniencia + Select,,
NissanConnect Services,Frontier V6,2022,PRO-4X,Paquetes,Wi-Fi,Wi-Fi HotSpot,,
NissanConnect Services,Frontier V6,2023,PRO-4X,Paquetes,Select,Bloqueo / desbloqueo remoto de puertas,,
NissanConnect Services,Frontier V6,2023,PRO-4X,Paquetes,Select,Alerta de mantenimiento,,
NissanConnect Services,Frontier V6,2023,PRO-4X,Paquetes,Select,Notificación Mantenimiento Preventivo,,
NissanConnect Services,Frontier V6,2023,PRO-4X,Paquetes,Select,Mensaje enviado al vehículo,,
NissanConnect Services,Frontier V6,2023,PRO-4X,Paquetes,Select,Actualizaciones Over-The-Air,,
NissanConnect Services,Frontier V6,2023,PRO-4X,Paquetes,Select,Llamada de asistencia desde la App,,
NissanConnect Services,Frontier V6,2023,PRO-4X,Paquetes,Select,Vista Mapa,,
NissanConnect Services,Frontier V6,2023,PRO-4X,Paquetes,Select,Vista Satélite,,
NissanConnect Services,Frontier V6,2023,PRO-4X,Paquetes,Select,Destinos by Google,,
NissanConnect Services,Frontier V6,2023,PRO-4X,Paquetes,Select,Búsqueda Conectada,,
NissanConnect Services,Frontier V6,2023,PRO-4X,Paquetes,Select,Actualización de mapas Over-The-Air,,
NissanConnect Services,Frontier V6,2023,PRO-4X,Paquetes,Select,Premium Traffic,,
NissanConnect Services,Frontier V6,2023,PRO-4X,Paquetes,Select,TomTom Weather,,
NissanConnect Services,Frontier V6,2023,PRO-4X,Paquetes,Seguridad,Notificación automática de colisión (ACN),,
NissanConnect Services,Frontier V6,2023,PRO-4X,Paquetes,Seguridad,Llamada de emergencia,,
NissanConnect Services,Frontier V6,2023,PRO-4X,Paquetes,Seguridad,Conexión con asistencia vial,,
NissanConnect Services,Frontier V6,2023,PRO-4X,Paquetes,Seguridad,Notificación de alarma,,
NissanConnect Services,Frontier V6,2023,PRO-4X,Paquetes,Seguridad,Geocercas,,
NissanConnect Services,Frontier V6,2023,PRO-4X,Paquetes,Seguridad,Alerta de Valet,,
NissanConnect Services,Frontier V6,2023,PRO-4X,Paquetes,Seguridad,Alerta de velocidad,,
NissanConnect Services,Frontier V6,2023,PRO-4X,Paquetes,Seguridad,Alerta de movimiento programado,,
NissanConnect Services,Frontier V6,2023,PRO-4X,Paquetes,Seguridad,Asistencia de Vehículo Robado,,
NissanConnect Services,Frontier V6,2023,PRO-4X,Paquetes,Conveniencia,Arranque/ Apagado remoto de motor,,
NissanConnect Services,Frontier V6,2023,PRO-4X,Paquetes,Conveniencia,Luces destelladas y bocina remoto,,
NissanConnect Services,Frontier V6,2023,PRO-4X,Paquetes,Conveniencia,Localizar mi vehículo,,
NissanConnect Services,Frontier V6,2023,PRO-4X,Paquetes,Conveniencia,Estado remoto de mi vehículo,,
NissanConnect Services,Frontier V6,2023,PRO-4X,Paquetes,Conveniencia,Borrado remoto de datos,,
NissanConnect Services,Frontier V6,2023,PRO-4X,Paquetes,Conveniencia,Nissan Concierge,,
NissanConnect Services,Frontier V6,2023,PRO-4X,Paquetes,Conveniencia,Envío de destino al vehículo,,
NissanConnect Services,Frontier V6,2023,PRO-4X,Paquetes,Conveniencia,Asistente de destino,,
NissanConnect Services,Frontier V6,2023,PRO-4X,Paquetes,Conveniencia,Navegación puerta a puerta,,
NissanConnect Services,Frontier V6,2023,PRO-4X,Paquetes,Conveniencia,Planificador de viaje,,
NissanConnect Services,Frontier V6,2023,PRO-4X,Paquetes,Premium,Paquetes de Seguridad + Conveniencia + Select,,
NissanConnect Services,Frontier V6,2023,PRO-4X,Paquetes,Wi-Fi,Wi-Fi HotSpot,,
NissanConnect Services,Frontier V6,2024,PRO-4X,Paquetes,Select,Bloqueo / desbloqueo remoto de puertas,,
NissanConnect Services,Frontier V6,2024,PRO-4X,Paquetes,Select,Alerta de mantenimiento,,
NissanConnect Services,Frontier V6,2024,PRO-4X,Paquetes,Select,Notificación Mantenimiento Preventivo,,
NissanConnect Services,Frontier V6,2024,PRO-4X,Paquetes,Select,Mensaje enviado al vehículo,,
NissanConnect Services,Frontier V6,2024,PRO-4X,Paquetes,Select,Actualizaciones Over-The-Air,,
NissanConnect Services,Frontier V6,2024,PRO-4X,Paquetes,Select,Llamada de asistencia desde la App,,
NissanConnect Services,Frontier V6,2024,PRO-4X,Paquetes,Select,Vista Mapa,,
NissanConnect Services,Frontier V6,2024,PRO-4X,Paquetes,Select,Vista Satélite,,
NissanConnect Services,Frontier V6,2024,PRO-4X,Paquetes,Select,Destinos by Google,,
NissanConnect Services,Frontier V6,2024,PRO-4X,Paquetes,Select,Búsqueda Conectada,,
NissanConnect Services,Frontier V6,2024,PRO-4X,Paquetes,Select,Actualización de mapas Over-The-Air,,
NissanConnect Services,Frontier V6,2024,PRO-4X,Paquetes,Select,Premium Traffic,,
NissanConnect Services,Frontier V6,2024,PRO-4X,Paquetes,Select,TomTom Weather,,
NissanConnect Services,Frontier V6,2024,PRO-4X,Paquetes,Seguridad,Notificación automática de colisión (ACN),,
NissanConnect Services,Frontier V6,2024,PRO-4X,Paquetes,Seguridad,Llamada de emergencia,,
NissanConnect Services,Frontier V6,2024,PRO-4X,Paquetes,Seguridad,Conexión con asistencia vial,,
NissanConnect Services,Frontier V6,2024,PRO-4X,Paquetes,Seguridad,Notificación de alarma,,
NissanConnect Services,Frontier V6,2024,PRO-4X,Paquetes,Seguridad,Geocercas,,
NissanConnect Services,Frontier V6,2024,PRO-4X,Paquetes,Seguridad,Alerta de Valet,,
NissanConnect Services,Frontier V6,2024,PRO-4X,Paquetes,Seguridad,Alerta de velocidad,,
NissanConnect Services,Frontier V6,2024,PRO-4X,Paquetes,Seguridad,Alerta de movimiento programado,,
NissanConnect Services,Frontier V6,2024,PRO-4X,Paquetes,Seguridad,Asistencia de Vehículo Robado,,
NissanConnect Services,Frontier V6,2024,PRO-4X,Paquetes,Conveniencia,Arranque/ Apagado remoto de motor,,
NissanConnect Services,Frontier V6,2024,PRO-4X,Paquetes,Conveniencia,Luces destelladas y bocina remoto,,
NissanConnect Services,Frontier V6,2024,PRO-4X,Paquetes,Conveniencia,Localizar mi vehículo,,
NissanConnect Services,Frontier V6,2024,PRO-4X,Paquetes,Conveniencia,Estado remoto de mi vehículo,,
NissanConnect Services,Frontier V6,2024,PRO-4X,Paquetes,Conveniencia,Borrado remoto de datos,,
NissanConnect Services,Frontier V6,2024,PRO-4X,Paquetes,Conveniencia,Nissan Concierge,,
NissanConnect Services,Frontier V6,2024,PRO-4X,Paquetes,Conveniencia,Envío de destino al vehículo,,
NissanConnect Services,Frontier V6,2024,PRO-4X,Paquetes,Conveniencia,Asistente de destino,,
NissanConnect Services,Frontier V6,2024,PRO-4X,Paquetes,Conveniencia,Navegación puerta a puerta,,
NissanConnect Services,Frontier V6,2024,PRO-4X,Paquetes,Conveniencia,Planificador de viaje,,
NissanConnect Services,Frontier V6,2024,PRO-4X,Paquetes,Premium,Paquetes de Seguridad + Conveniencia + Select,,
NissanConnect Services,Frontier V6,2024,PRO-4X,Paquetes,Wi-Fi,Wi-Fi HotSpot,,
NissanConnect Services,Frontier V6,2025,PRO-4X,Paquetes,Select,Bloqueo / desbloqueo remoto de puertas,,
NissanConnect Services,Frontier V6,2025,PRO-4X,Paquetes,Select,Alerta de mantenimiento,,
NissanConnect Services,Frontier V6,2025,PRO-4X,Paquetes,Select,Notificación Mantenimiento Preventivo,,
NissanConnect Services,Frontier V6,2025,PRO-4X,Paquetes,Select,Mensaje enviado al vehículo,,
NissanConnect Services,Frontier V6,2025,PRO-4X,Paquetes,Select,Actualizaciones Over-The-Air,,
NissanConnect Services,Frontier V6,2025,PRO-4X,Paquetes,Select,Llamada de asistencia desde la App,,
NissanConnect Services,Frontier V6,2025,PRO-4X,Paquetes,Select,Vista Mapa,,
NissanConnect Services,Frontier V6,2025,PRO-4X,Paquetes,Select,Vista Satélite,,
NissanConnect Services,Frontier V6,2025,PRO-4X,Paquetes,Select,Destinos by Google,,
NissanConnect Services,Frontier V6,2025,PRO-4X,Paquetes,Select,Búsqueda Conectada,,
NissanConnect Services,Frontier V6,2025,PRO-4X,Paquetes,Select,Actualización de mapas Over-The-Air,,
NissanConnect Services,Frontier V6,2025,PRO-4X,Paquetes,Select,Premium Traffic,,
NissanConnect Services,Frontier V6,2025,PRO-4X,Paquetes,Select,TomTom Weather,,
NissanConnect Services,Frontier V6,2025,PRO-4X,Paquetes,Seguridad,Notificación automática de colisión (ACN),,
NissanConnect Services,Frontier V6,2025,PRO-4X,Paquetes,Seguridad,Llamada de emergencia,,
NissanConnect Services,Frontier V6,2025,PRO-4X,Paquetes,Seguridad,Conexión con asistencia vial,,
NissanConnect Services,Frontier V6,2025,PRO-4X,Paquetes,Seguridad,Notificación de alarma,,
NissanConnect Services,Frontier V6,2025,PRO-4X,Paquetes,Seguridad,Geocercas,,
NissanConnect Services,Frontier V6,2025,PRO-4X,Paquetes,Seguridad,Alerta de Valet,,
NissanConnect Services,Frontier V6,2025,PRO-4X,Paquetes,Seguridad,Alerta de velocidad,,
NissanConnect Services,Frontier V6,2025,PRO-4X,Paquetes,Seguridad,Alerta de movimiento programado,,
NissanConnect Services,Frontier V6,2025,PRO-4X,Paquetes,Seguridad,Asistencia de Vehículo Robado,,
NissanConnect Services,Frontier V6,2025,PRO-4X,Paquetes,Conveniencia,Arranque/ Apagado remoto de motor,,
NissanConnect Services,Frontier V6,2025,PRO-4X,Paquetes,Conveniencia,Luces destelladas y bocina remoto,,
NissanConnect Services,Frontier V6,2025,PRO-4X,Paquetes,Conveniencia,Localizar mi vehículo,,
NissanConnect Services,Frontier V6,2025,PRO-4X,Paquetes,Conveniencia,Estado remoto de mi vehículo,,
NissanConnect Services,Frontier V6,2025,PRO-4X,Paquetes,Conveniencia,Borrado remoto de datos,,
NissanConnect Services,Frontier V6,2025,PRO-4X,Paquetes,Conveniencia,Nissan Concierge,,
NissanConnect Services,Frontier V6,2025,PRO-4X,Paquetes,Conveniencia,Envío de destino al vehículo,,
NissanConnect Services,Frontier V6,2025,PRO-4X,Paquetes,Conveniencia,Asistente de destino,,
NissanConnect Services,Frontier V6,2025,PRO-4X,Paquetes,Conveniencia,Navegación puerta a puerta,,
NissanConnect Services,Frontier V6,2025,PRO-4X,Paquetes,Conveniencia,Planificador de viaje,,
NissanConnect Services,Frontier V6,2025,PRO-4X,Paquetes,Premium,Paquetes de Seguridad + Conveniencia + Select,,
NissanConnect Services,Frontier V6,2025,PRO-4X,Paquetes,Wi-Fi,Wi-Fi HotSpot,,
NissanConnect Services,Frontier V6,2025,PRO-4X,Manuales y Guías,Pocket Guide,Aprende a configurar y utilizar las funciones conectadas de tu Nissan.,,
NissanConnect Services,Frontier V6,2025,PRO-4X,Manuales y Guías,Quick Guide,Conoce algunos de los servicios que ofrece NissanConnect Services y accede a un QR para descargar la App.,,
NissanConnect Services,Frontier V6,2025,PRO-4X,Manuales y Guías,Activación de cuenta,Descubre cómo activar tu cuenta de NissanConnect Services,,
NissanConnect Services,Frontier V6,2025,PRO-4X,Manuales y Guías,Activación de Wi-Fi ,Descubre cómo activar la prueba gratuita de Wi-Fi Hot Spot incluida en tu Nissan ,,
NissanConnect Services,Frontier V6,2026,PRO-4X,Paquetes,Select,Bloqueo / desbloqueo remoto de puertas,,
NissanConnect Services,Frontier V6,2026,PRO-4X,Paquetes,Select,Alerta de mantenimiento,,
NissanConnect Services,Frontier V6,2026,PRO-4X,Paquetes,Select,Notificación Mantenimiento Preventivo,,
NissanConnect Services,Frontier V6,2026,PRO-4X,Paquetes,Select,Mensaje enviado al vehículo,,
NissanConnect Services,Frontier V6,2026,PRO-4X,Paquetes,Select,Actualizaciones Over-The-Air,,
NissanConnect Services,Frontier V6,2026,PRO-4X,Paquetes,Select,Llamada de asistencia desde la App,,
NissanConnect Services,Frontier V6,2026,PRO-4X,Paquetes,Select,Vista Mapa,,
NissanConnect Services,Frontier V6,2026,PRO-4X,Paquetes,Select,Vista Satélite,,
NissanConnect Services,Frontier V6,2026,PRO-4X,Paquetes,Select,Destinos by Google,,
NissanConnect Services,Frontier V6,2026,PRO-4X,Paquetes,Select,Búsqueda Conectada,,
NissanConnect Services,Frontier V6,2026,PRO-4X,Paquetes,Select,Actualización de mapas Over-The-Air,,
NissanConnect Services,Frontier V6,2026,PRO-4X,Paquetes,Select,Premium Traffic,,
NissanConnect Services,Frontier V6,2026,PRO-4X,Paquetes,Select,TomTom Weather,,
NissanConnect Services,Frontier V6,2026,PRO-4X,Paquetes,Seguridad,Notificación automática de colisión (ACN),,
NissanConnect Services,Frontier V6,2026,PRO-4X,Paquetes,Seguridad,Llamada de emergencia,,
NissanConnect Services,Frontier V6,2026,PRO-4X,Paquetes,Seguridad,Conexión con asistencia vial,,
NissanConnect Services,Frontier V6,2026,PRO-4X,Paquetes,Seguridad,Notificación de alarma,,
NissanConnect Services,Frontier V6,2026,PRO-4X,Paquetes,Seguridad,Geocercas,,
NissanConnect Services,Frontier V6,2026,PRO-4X,Paquetes,Seguridad,Alerta de Valet,,
NissanConnect Services,Frontier V6,2026,PRO-4X,Paquetes,Seguridad,Alerta de velocidad,,
NissanConnect Services,Frontier V6,2026,PRO-4X,Paquetes,Seguridad,Alerta de movimiento programado,,
NissanConnect Services,Frontier V6,2026,PRO-4X,Paquetes,Seguridad,Asistencia de Vehículo Robado,,
NissanConnect Services,Frontier V6,2026,PRO-4X,Paquetes,Conveniencia,Arranque/ Apagado remoto de motor,,
NissanConnect Services,Frontier V6,2026,PRO-4X,Paquetes,Conveniencia,Luces destelladas y bocina remoto,,
NissanConnect Services,Frontier V6,2026,PRO-4X,Paquetes,Conveniencia,Localizar mi vehículo,,
NissanConnect Services,Frontier V6,2026,PRO-4X,Paquetes,Conveniencia,Estado remoto de mi vehículo,,
NissanConnect Services,Frontier V6,2026,PRO-4X,Paquetes,Conveniencia,Borrado remoto de datos,,
NissanConnect Services,Frontier V6,2026,PRO-4X,Paquetes,Conveniencia,Nissan Concierge,,
NissanConnect Services,Frontier V6,2026,PRO-4X,Paquetes,Conveniencia,Envío de destino al vehículo,,
NissanConnect Services,Frontier V6,2026,PRO-4X,Paquetes,Conveniencia,Asistente de destino,,
NissanConnect Services,Frontier V6,2026,PRO-4X,Paquetes,Conveniencia,Navegación puerta a puerta,,
NissanConnect Services,Frontier V6,2026,PRO-4X,Paquetes,Conveniencia,Planificador de viaje,,
NissanConnect Services,Frontier V6,2026,PRO-4X,Paquetes,Premium,Paquetes de Seguridad + Conveniencia + Select,,
NissanConnect Services,Frontier V6,2026,PRO-4X,Paquetes,Wi-Fi,Wi-Fi HotSpot,,
NissanConnect Services,Frontier V6,2026,PRO-4X,Manuales y Guías,Pocket Guide,Aprende a configurar y utilizar las funciones conectadas de tu Nissan.,,
NissanConnect Services,Frontier V6,2026,PRO-4X,Manuales y Guías,Quick Guide,Conoce algunos de los servicios que ofrece NissanConnect Services y accede a un QR para descargar la App.,,
NissanConnect Services,Frontier V6,2026,PRO-4X,Manuales y Guías,Activación de cuenta,Descubre cómo activar tu cuenta de NissanConnect Services,,
NissanConnect Services,Frontier V6,2026,PRO-4X,Manuales y Guías,Activación de Wi-Fi ,Descubre cómo activar la prueba gratuita de Wi-Fi Hot Spot incluida en tu Nissan ,,
NissanConnect Services,Frontier V6,2027,PRO-4X,Paquetes,Select,Bloqueo / desbloqueo remoto de puertas,,
NissanConnect Services,Frontier V6,2027,PRO-4X,Paquetes,Select,Alerta de mantenimiento,,
NissanConnect Services,Frontier V6,2027,PRO-4X,Paquetes,Select,Notificación Mantenimiento Preventivo,,
NissanConnect Services,Frontier V6,2027,PRO-4X,Paquetes,Select,Mensaje enviado al vehículo,,
NissanConnect Services,Frontier V6,2027,PRO-4X,Paquetes,Select,Actualizaciones Over-The-Air,,
NissanConnect Services,Frontier V6,2027,PRO-4X,Paquetes,Select,Llamada de asistencia desde la App,,
NissanConnect Services,Frontier V6,2027,PRO-4X,Paquetes,Select,Vista Mapa,,
NissanConnect Services,Frontier V6,2027,PRO-4X,Paquetes,Select,Vista Satélite,,
NissanConnect Services,Frontier V6,2027,PRO-4X,Paquetes,Select,Destinos by Google,,
NissanConnect Services,Frontier V6,2027,PRO-4X,Paquetes,Select,Búsqueda Conectada,,
NissanConnect Services,Frontier V6,2027,PRO-4X,Paquetes,Select,Actualización de mapas Over-The-Air,,
NissanConnect Services,Frontier V6,2027,PRO-4X,Paquetes,Select,Premium Traffic,,
NissanConnect Services,Frontier V6,2027,PRO-4X,Paquetes,Select,TomTom Weather,,
NissanConnect Services,Frontier V6,2027,PRO-4X,Paquetes,Seguridad,Notificación automática de colisión (ACN),,
NissanConnect Services,Frontier V6,2027,PRO-4X,Paquetes,Seguridad,Llamada de emergencia,,
NissanConnect Services,Frontier V6,2027,PRO-4X,Paquetes,Seguridad,Conexión con asistencia vial,,
NissanConnect Services,Frontier V6,2027,PRO-4X,Paquetes,Seguridad,Notificación de alarma,,
NissanConnect Services,Frontier V6,2027,PRO-4X,Paquetes,Seguridad,Geocercas,,
NissanConnect Services,Frontier V6,2027,PRO-4X,Paquetes,Seguridad,Alerta de Valet,,
NissanConnect Services,Frontier V6,2027,PRO-4X,Paquetes,Seguridad,Alerta de velocidad,,
NissanConnect Services,Frontier V6,2027,PRO-4X,Paquetes,Seguridad,Alerta de movimiento programado,,
NissanConnect Services,Frontier V6,2027,PRO-4X,Paquetes,Seguridad,Asistencia de Vehículo Robado,,
NissanConnect Services,Frontier V6,2027,PRO-4X,Paquetes,Conveniencia,Arranque/ Apagado remoto de motor,,
NissanConnect Services,Frontier V6,2027,PRO-4X,Paquetes,Conveniencia,Luces destelladas y bocina remoto,,
NissanConnect Services,Frontier V6,2027,PRO-4X,Paquetes,Conveniencia,Localizar mi vehículo,,
NissanConnect Services,Frontier V6,2027,PRO-4X,Paquetes,Conveniencia,Estado remoto de mi vehículo,,
NissanConnect Services,Frontier V6,2027,PRO-4X,Paquetes,Conveniencia,Borrado remoto de datos,,
NissanConnect Services,Frontier V6,2027,PRO-4X,Paquetes,Conveniencia,Nissan Concierge,,
NissanConnect Services,Frontier V6,2027,PRO-4X,Paquetes,Conveniencia,Envío de destino al vehículo,,
NissanConnect Services,Frontier V6,2027,PRO-4X,Paquetes,Conveniencia,Asistente de destino,,
NissanConnect Services,Frontier V6,2027,PRO-4X,Paquetes,Conveniencia,Navegación puerta a puerta,,
NissanConnect Services,Frontier V6,2027,PRO-4X,Paquetes,Conveniencia,Planificador de viaje,,
NissanConnect Services,Frontier V6,2027,PRO-4X,Paquetes,Premium,Paquetes de Seguridad + Conveniencia + Select,,
NissanConnect Services,Frontier V6,2027,PRO-4X,Paquetes,Wi-Fi,Wi-Fi HotSpot,,
NissanConnect Services,Frontier V6,2027,PRO-4X,Manuales y Guías,Pocket Guide,Aprende a configurar y utilizar las funciones conectadas de tu Nissan.,,
NissanConnect Services,Frontier V6,2027,PRO-4X,Manuales y Guías,Quick Guide,Conoce algunos de los servicios que ofrece NissanConnect Services y accede a un QR para descargar la App.,,
NissanConnect Services,Frontier V6,2027,PRO-4X,Manuales y Guías,Activación de cuenta,Descubre cómo activar tu cuenta de NissanConnect Services,,
NissanConnect Services,Frontier V6,2027,PRO-4X,Manuales y Guías,Activación de Wi-Fi ,Descubre cómo activar la prueba gratuita de Wi-Fi Hot Spot incluida en tu Nissan ,,
NissanConnect Finder,Kait,2027,Advance,Paquetes,Servicios,Localización en tiempo real,,
NissanConnect Finder,Kait,2027,Advance,Paquetes,Servicios,Activación de bocina,,
NissanConnect Finder,Kait,2027,Advance,Paquetes,Servicios,Geocercas,,
NissanConnect Finder,Kait,2027,Advance,Paquetes,Servicios,Ubicación del Vehículo,,
NissanConnect Finder,Kait,2027,Advance,Paquetes,Servicios,Sígueme,,
NissanConnect Finder,Kait,2027,Advance,Paquetes,Servicios,Navegación,,
NissanConnect Finder,Kait,2027,Advance,Paquetes,Servicios,Notificaciones,,
NissanConnect Finder,Kait,2027,Advance,Paquetes,Servicios,Histórico de Rutas,,
NissanConnect Finder,Kait,2027,Advance,Paquetes,Servicios,Asistencia de Vehículo Robado ,,
NissanConnect Finder,Kait,2027,Advance,Paquetes,Servicios,Alerta de Movimiento,,
NissanConnect Finder,Kait,2027,Advance,Paquetes,Servicios,Alerta de Velocidad,,
NissanConnect Finder,Kait,2027,Advance,Paquetes,Servicios,Alerta de Arrastre,,
NissanConnect Finder,Kait,2027,Advance,Paquetes,Servicios,Alerta de Posible Emergencia Vial,,
NissanConnect Finder,Kait,2027,Advance,Paquetes,Servicios,Conexión a Asistencia Vial Nissan,,
NissanConnect Finder,Kait,2027,Advance,Paquetes,Servicios,Asistencia NissanConnect® Finder,,
NissanConnect Finder,Kait,2027,Advance,Paquetes,Servicios,Liga a Página de Citas de Mantenimiento Vehicular,,
NissanConnect Finder,Kait,2027,Advance,Manuales y Guías,Pocket Guide,Aprende a configurar y utilizar las funciones conectadas de tu Nissan.,,
NissanConnect Finder,Kait,2027,Advance,Manuales y Guías,Quick Guide,Conoce algunos de los servicios que ofrece NissanConnect Finder y accede a un QR para descargar la App.,,
NissanConnect Finder,Kait,2027,Exclusive,Paquetes,Servicios,Localización en tiempo real,,
NissanConnect Finder,Kait,2027,Exclusive,Paquetes,Servicios,Activación de bocina,,
NissanConnect Finder,Kait,2027,Exclusive,Paquetes,Servicios,Geocercas,,
NissanConnect Finder,Kait,2027,Exclusive,Paquetes,Servicios,Ubicación del Vehículo,,
NissanConnect Finder,Kait,2027,Exclusive,Paquetes,Servicios,Sígueme,,
NissanConnect Finder,Kait,2027,Exclusive,Paquetes,Servicios,Navegación,,
NissanConnect Finder,Kait,2027,Exclusive,Paquetes,Servicios,Notificaciones,,
NissanConnect Finder,Kait,2027,Exclusive,Paquetes,Servicios,Histórico de Rutas,,
NissanConnect Finder,Kait,2027,Exclusive,Paquetes,Servicios,Asistencia de Vehículo Robado ,,
NissanConnect Finder,Kait,2027,Exclusive,Paquetes,Servicios,Alerta de Movimiento,,
NissanConnect Finder,Kait,2027,Exclusive,Paquetes,Servicios,Alerta de Velocidad,,
NissanConnect Finder,Kait,2027,Exclusive,Paquetes,Servicios,Alerta de Arrastre,,
NissanConnect Finder,Kait,2027,Exclusive,Paquetes,Servicios,Alerta de Posible Emergencia Vial,,
NissanConnect Finder,Kait,2027,Exclusive,Paquetes,Servicios,Conexión a Asistencia Vial Nissan,,
NissanConnect Finder,Kait,2027,Exclusive,Paquetes,Servicios,Asistencia NissanConnect® Finder,,
NissanConnect Finder,Kait,2027,Exclusive,Paquetes,Servicios,Liga a Página de Citas de Mantenimiento Vehicular,,
NissanConnect Finder,Kait,2027,Exclusive,Manuales y Guías,Pocket Guide,Aprende a configurar y utilizar las funciones conectadas de tu Nissan.,,
NissanConnect Finder,Kait,2027,Exclusive,Manuales y Guías,Quick Guide,Conoce algunos de los servicios que ofrece NissanConnect Finder y accede a un QR para descargar la App.,,
NissanConnect Finder,Kicks,2021,Advance,Paquetes,Servicios,Localización en tiempo real,,
NissanConnect Finder,Kicks,2021,Advance,Paquetes,Servicios,Activación de bocina,,
NissanConnect Finder,Kicks,2021,Advance,Paquetes,Servicios,Geocercas,,
NissanConnect Finder,Kicks,2021,Advance,Paquetes,Servicios,Ubicación del Vehículo,,
NissanConnect Finder,Kicks,2021,Advance,Paquetes,Servicios,Sígueme,,
NissanConnect Finder,Kicks,2021,Advance,Paquetes,Servicios,Navegación,,
NissanConnect Finder,Kicks,2021,Advance,Paquetes,Servicios,Notificaciones,,
NissanConnect Finder,Kicks,2021,Advance,Paquetes,Servicios,Histórico de Rutas,,
NissanConnect Finder,Kicks,2021,Advance,Paquetes,Servicios,Asistencia de Vehículo Robado ,,
NissanConnect Finder,Kicks,2021,Advance,Paquetes,Servicios,Alerta de Movimiento,,
NissanConnect Finder,Kicks,2021,Advance,Paquetes,Servicios,Alerta de Velocidad,,
NissanConnect Finder,Kicks,2021,Advance,Paquetes,Servicios,Conexión a Asistencia Vial Nissan,,
NissanConnect Finder,Kicks,2021,Advance,Paquetes,Servicios,Asistencia NissanConnect® Finder,,
NissanConnect Finder,Kicks,2021,Advance,Paquetes,Servicios,Liga a Página de Citas de Mantenimiento Vehicular,,
NissanConnect Finder,Kicks,2021,Exclusive,Paquetes,Servicios,Localización en tiempo real,,
NissanConnect Finder,Kicks,2021,Exclusive,Paquetes,Servicios,Activación de bocina,,
NissanConnect Finder,Kicks,2021,Exclusive,Paquetes,Servicios,Geocercas,,
NissanConnect Finder,Kicks,2021,Exclusive,Paquetes,Servicios,Ubicación del Vehículo,,
NissanConnect Finder,Kicks,2021,Exclusive,Paquetes,Servicios,Sígueme,,
NissanConnect Finder,Kicks,2021,Exclusive,Paquetes,Servicios,Navegación,,
NissanConnect Finder,Kicks,2021,Exclusive,Paquetes,Servicios,Notificaciones,,
NissanConnect Finder,Kicks,2021,Exclusive,Paquetes,Servicios,Histórico de Rutas,,
NissanConnect Finder,Kicks,2021,Exclusive,Paquetes,Servicios,Asistencia de Vehículo Robado ,,
NissanConnect Finder,Kicks,2021,Exclusive,Paquetes,Servicios,Alerta de Movimiento,,
NissanConnect Finder,Kicks,2021,Exclusive,Paquetes,Servicios,Alerta de Velocidad,,
NissanConnect Finder,Kicks,2021,Exclusive,Paquetes,Servicios,Conexión a Asistencia Vial Nissan,,
NissanConnect Finder,Kicks,2021,Exclusive,Paquetes,Servicios,Asistencia NissanConnect® Finder,,
NissanConnect Finder,Kicks,2021,Exclusive,Paquetes,Servicios,Liga a Página de Citas de Mantenimiento Vehicular,,
NissanConnect Finder,Kicks,2022,Advance,Paquetes,Servicios,Localización en tiempo real,,
NissanConnect Finder,Kicks,2022,Advance,Paquetes,Servicios,Activación de bocina,,
NissanConnect Finder,Kicks,2022,Advance,Paquetes,Servicios,Geocercas,,
NissanConnect Finder,Kicks,2022,Advance,Paquetes,Servicios,Ubicación del Vehículo,,
NissanConnect Finder,Kicks,2022,Advance,Paquetes,Servicios,Sígueme,,
NissanConnect Finder,Kicks,2022,Advance,Paquetes,Servicios,Navegación,,
NissanConnect Finder,Kicks,2022,Advance,Paquetes,Servicios,Notificaciones,,
NissanConnect Finder,Kicks,2022,Advance,Paquetes,Servicios,Histórico de Rutas,,
NissanConnect Finder,Kicks,2022,Advance,Paquetes,Servicios,Asistencia de Vehículo Robado ,,
NissanConnect Finder,Kicks,2022,Advance,Paquetes,Servicios,Alerta de Movimiento,,
NissanConnect Finder,Kicks,2022,Advance,Paquetes,Servicios,Alerta de Velocidad,,
NissanConnect Finder,Kicks,2022,Advance,Paquetes,Servicios,Conexión a Asistencia Vial Nissan,,
NissanConnect Finder,Kicks,2022,Advance,Paquetes,Servicios,Asistencia NissanConnect® Finder,,
NissanConnect Finder,Kicks,2022,Advance,Paquetes,Servicios,Liga a Página de Citas de Mantenimiento Vehicular,,
NissanConnect Finder,Kicks,2022,Exclusive,Paquetes,Servicios,Localización en tiempo real,,
NissanConnect Finder,Kicks,2022,Exclusive,Paquetes,Servicios,Activación de bocina,,
NissanConnect Finder,Kicks,2022,Exclusive,Paquetes,Servicios,Geocercas,,
NissanConnect Finder,Kicks,2022,Exclusive,Paquetes,Servicios,Ubicación del Vehículo,,
NissanConnect Finder,Kicks,2022,Exclusive,Paquetes,Servicios,Sígueme,,
NissanConnect Finder,Kicks,2022,Exclusive,Paquetes,Servicios,Navegación,,
NissanConnect Finder,Kicks,2022,Exclusive,Paquetes,Servicios,Notificaciones,,
NissanConnect Finder,Kicks,2022,Exclusive,Paquetes,Servicios,Histórico de Rutas,,
NissanConnect Finder,Kicks,2022,Exclusive,Paquetes,Servicios,Asistencia de Vehículo Robado ,,
NissanConnect Finder,Kicks,2022,Exclusive,Paquetes,Servicios,Alerta de Movimiento,,
NissanConnect Finder,Kicks,2022,Exclusive,Paquetes,Servicios,Alerta de Velocidad,,
NissanConnect Finder,Kicks,2022,Exclusive,Paquetes,Servicios,Conexión a Asistencia Vial Nissan,,
NissanConnect Finder,Kicks,2022,Exclusive,Paquetes,Servicios,Asistencia NissanConnect® Finder,,
NissanConnect Finder,Kicks,2022,Exclusive,Paquetes,Servicios,Liga a Página de Citas de Mantenimiento Vehicular,,
NissanConnect Finder,Kicks,2023,Advance,Paquetes,Servicios,Localización en tiempo real,,
NissanConnect Finder,Kicks,2023,Advance,Paquetes,Servicios,Activación de bocina,,
NissanConnect Finder,Kicks,2023,Advance,Paquetes,Servicios,Geocercas,,
NissanConnect Finder,Kicks,2023,Advance,Paquetes,Servicios,Ubicación del Vehículo,,
NissanConnect Finder,Kicks,2023,Advance,Paquetes,Servicios,Sígueme,,
NissanConnect Finder,Kicks,2023,Advance,Paquetes,Servicios,Navegación,,
NissanConnect Finder,Kicks,2023,Advance,Paquetes,Servicios,Notificaciones,,
NissanConnect Finder,Kicks,2023,Advance,Paquetes,Servicios,Histórico de Rutas,,
NissanConnect Finder,Kicks,2023,Advance,Paquetes,Servicios,Asistencia de Vehículo Robado ,,
NissanConnect Finder,Kicks,2023,Advance,Paquetes,Servicios,Alerta de Movimiento,,
NissanConnect Finder,Kicks,2023,Advance,Paquetes,Servicios,Alerta de Velocidad,,
NissanConnect Finder,Kicks,2023,Advance,Paquetes,Servicios,Conexión a Asistencia Vial Nissan,,
NissanConnect Finder,Kicks,2023,Advance,Paquetes,Servicios,Asistencia NissanConnect® Finder,,
NissanConnect Finder,Kicks,2023,Advance,Paquetes,Servicios,Liga a Página de Citas de Mantenimiento Vehicular,,
NissanConnect Finder,Kicks,2023,Exclusive,Paquetes,Servicios,Localización en tiempo real,,
NissanConnect Finder,Kicks,2023,Exclusive,Paquetes,Servicios,Activación de bocina,,
NissanConnect Finder,Kicks,2023,Exclusive,Paquetes,Servicios,Geocercas,,
NissanConnect Finder,Kicks,2023,Exclusive,Paquetes,Servicios,Ubicación del Vehículo,,
NissanConnect Finder,Kicks,2023,Exclusive,Paquetes,Servicios,Sígueme,,
NissanConnect Finder,Kicks,2023,Exclusive,Paquetes,Servicios,Navegación,,
NissanConnect Finder,Kicks,2023,Exclusive,Paquetes,Servicios,Notificaciones,,
NissanConnect Finder,Kicks,2023,Exclusive,Paquetes,Servicios,Histórico de Rutas,,
NissanConnect Finder,Kicks,2023,Exclusive,Paquetes,Servicios,Asistencia de Vehículo Robado ,,
NissanConnect Finder,Kicks,2023,Exclusive,Paquetes,Servicios,Alerta de Movimiento,,
NissanConnect Finder,Kicks,2023,Exclusive,Paquetes,Servicios,Alerta de Velocidad,,
NissanConnect Finder,Kicks,2023,Exclusive,Paquetes,Servicios,Conexión a Asistencia Vial Nissan,,
NissanConnect Finder,Kicks,2023,Exclusive,Paquetes,Servicios,Asistencia NissanConnect® Finder,,
NissanConnect Finder,Kicks,2023,Exclusive,Paquetes,Servicios,Liga a Página de Citas de Mantenimiento Vehicular,,
NissanConnect Finder,Kicks,2024,Advance,Paquetes,Servicios,Localización en tiempo real,,
NissanConnect Finder,Kicks,2024,Advance,Paquetes,Servicios,Activación de bocina,,
NissanConnect Finder,Kicks,2024,Advance,Paquetes,Servicios,Geocercas,,
NissanConnect Finder,Kicks,2024,Advance,Paquetes,Servicios,Ubicación del Vehículo,,
NissanConnect Finder,Kicks,2024,Advance,Paquetes,Servicios,Sígueme,,
NissanConnect Finder,Kicks,2024,Advance,Paquetes,Servicios,Navegación,,
NissanConnect Finder,Kicks,2024,Advance,Paquetes,Servicios,Notificaciones,,
NissanConnect Finder,Kicks,2024,Advance,Paquetes,Servicios,Histórico de Rutas,,
NissanConnect Finder,Kicks,2024,Advance,Paquetes,Servicios,Asistencia de Vehículo Robado ,,
NissanConnect Finder,Kicks,2024,Advance,Paquetes,Servicios,Alerta de Movimiento,,
NissanConnect Finder,Kicks,2024,Advance,Paquetes,Servicios,Alerta de Velocidad,,
NissanConnect Finder,Kicks,2024,Advance,Paquetes,Servicios,Alerta de Arrastre,,
NissanConnect Finder,Kicks,2024,Advance,Paquetes,Servicios,Alerta de Posible Emergencia Vial,,
NissanConnect Finder,Kicks,2024,Advance,Paquetes,Servicios,Conexión a Asistencia Vial Nissan,,
NissanConnect Finder,Kicks,2024,Advance,Paquetes,Servicios,Asistencia NissanConnect® Finder,,
NissanConnect Finder,Kicks,2024,Advance,Paquetes,Servicios,Liga a Página de Citas de Mantenimiento Vehicular,,
NissanConnect Finder,Kicks,2024,Exclusive,Paquetes,Servicios,Localización en tiempo real,,
NissanConnect Finder,Kicks,2024,Exclusive,Paquetes,Servicios,Activación de bocina,,
NissanConnect Finder,Kicks,2024,Exclusive,Paquetes,Servicios,Geocercas,,
NissanConnect Finder,Kicks,2024,Exclusive,Paquetes,Servicios,Ubicación del Vehículo,,
NissanConnect Finder,Kicks,2024,Exclusive,Paquetes,Servicios,Sígueme,,
NissanConnect Finder,Kicks,2024,Exclusive,Paquetes,Servicios,Navegación,,
NissanConnect Finder,Kicks,2024,Exclusive,Paquetes,Servicios,Notificaciones,,
NissanConnect Finder,Kicks,2024,Exclusive,Paquetes,Servicios,Histórico de Rutas,,
NissanConnect Finder,Kicks,2024,Exclusive,Paquetes,Servicios,Asistencia de Vehículo Robado ,,
NissanConnect Finder,Kicks,2024,Exclusive,Paquetes,Servicios,Alerta de Movimiento,,
NissanConnect Finder,Kicks,2024,Exclusive,Paquetes,Servicios,Alerta de Velocidad,,
NissanConnect Finder,Kicks,2024,Exclusive,Paquetes,Servicios,Alerta de Arrastre,,
NissanConnect Finder,Kicks,2024,Exclusive,Paquetes,Servicios,Alerta de Posible Emergencia Vial,,
NissanConnect Finder,Kicks,2024,Exclusive,Paquetes,Servicios,Conexión a Asistencia Vial Nissan,,
NissanConnect Finder,Kicks,2024,Exclusive,Paquetes,Servicios,Asistencia NissanConnect® Finder,,
NissanConnect Finder,Kicks,2024,Exclusive,Paquetes,Servicios,Liga a Página de Citas de Mantenimiento Vehicular,,
NissanConnect Finder,Kicks,2025,Sense,Paquetes,Servicios,Localización en tiempo real,,https://www.nissan.com.mx/content/dam/Nissan/mexico/assets/duenos_nissan/nissan-connect/kicks/nissan-2025-kicks-platinum_cvt-d.jpeg
NissanConnect Finder,Kicks,2025,Sense,Paquetes,Servicios,Activación de bocina,,https://www.nissan.com.mx/content/dam/Nissan/mexico/assets/duenos_nissan/nissan-connect/kicks/nissan-2025-kicks-platinum_cvt-d.jpeg
NissanConnect Finder,Kicks,2025,Sense,Paquetes,Servicios,Geocercas,,https://www.nissan.com.mx/content/dam/Nissan/mexico/assets/duenos_nissan/nissan-connect/kicks/nissan-2025-kicks-platinum_cvt-d.jpeg
NissanConnect Finder,Kicks,2025,Sense,Paquetes,Servicios,Ubicación del Vehículo,,https://www.nissan.com.mx/content/dam/Nissan/mexico/assets/duenos_nissan/nissan-connect/kicks/nissan-2025-kicks-platinum_cvt-d.jpeg
NissanConnect Finder,Kicks,2025,Sense,Paquetes,Servicios,Sígueme,,https://www.nissan.com.mx/content/dam/Nissan/mexico/assets/duenos_nissan/nissan-connect/kicks/nissan-2025-kicks-platinum_cvt-d.jpeg
NissanConnect Finder,Kicks,2025,Sense,Paquetes,Servicios,Navegación,,https://www.nissan.com.mx/content/dam/Nissan/mexico/assets/duenos_nissan/nissan-connect/kicks/nissan-2025-kicks-platinum_cvt-d.jpeg
NissanConnect Finder,Kicks,2025,Sense,Paquetes,Servicios,Notificaciones,,https://www.nissan.com.mx/content/dam/Nissan/mexico/assets/duenos_nissan/nissan-connect/kicks/nissan-2025-kicks-platinum_cvt-d.jpeg
NissanConnect Finder,Kicks,2025,Sense,Paquetes,Servicios,Histórico de Rutas,,https://www.nissan.com.mx/content/dam/Nissan/mexico/assets/duenos_nissan/nissan-connect/kicks/nissan-2025-kicks-platinum_cvt-d.jpeg
NissanConnect Finder,Kicks,2025,Sense,Paquetes,Servicios,Asistencia de Vehículo Robado ,,https://www.nissan.com.mx/content/dam/Nissan/mexico/assets/duenos_nissan/nissan-connect/kicks/nissan-2025-kicks-platinum_cvt-d.jpeg
NissanConnect Finder,Kicks,2025,Sense,Paquetes,Servicios,Alerta de Movimiento,,https://www.nissan.com.mx/content/dam/Nissan/mexico/assets/duenos_nissan/nissan-connect/kicks/nissan-2025-kicks-platinum_cvt-d.jpeg
NissanConnect Finder,Kicks,2025,Sense,Paquetes,Servicios,Alerta de Velocidad,,https://www.nissan.com.mx/content/dam/Nissan/mexico/assets/duenos_nissan/nissan-connect/kicks/nissan-2025-kicks-platinum_cvt-d.jpeg
NissanConnect Finder,Kicks,2025,Sense,Paquetes,Servicios,Alerta de Arrastre,,https://www.nissan.com.mx/content/dam/Nissan/mexico/assets/duenos_nissan/nissan-connect/kicks/nissan-2025-kicks-platinum_cvt-d.jpeg
NissanConnect Finder,Kicks,2025,Sense,Paquetes,Servicios,Alerta de Posible Emergencia Vial,,https://www.nissan.com.mx/content/dam/Nissan/mexico/assets/duenos_nissan/nissan-connect/kicks/nissan-2025-kicks-platinum_cvt-d.jpeg
NissanConnect Finder,Kicks,2025,Sense,Paquetes,Servicios,Conexión a Asistencia Vial Nissan,,https://www.nissan.com.mx/content/dam/Nissan/mexico/assets/duenos_nissan/nissan-connect/kicks/nissan-2025-kicks-platinum_cvt-d.jpeg
NissanConnect Finder,Kicks,2025,Sense,Paquetes,Servicios,Asistencia NissanConnect® Finder,,https://www.nissan.com.mx/content/dam/Nissan/mexico/assets/duenos_nissan/nissan-connect/kicks/nissan-2025-kicks-platinum_cvt-d.jpeg
NissanConnect Finder,Kicks,2025,Sense,Paquetes,Servicios,Liga a Página de Citas de Mantenimiento Vehicular,,https://www.nissan.com.mx/content/dam/Nissan/mexico/assets/duenos_nissan/nissan-connect/kicks/nissan-2025-kicks-platinum_cvt-d.jpeg
NissanConnect Finder,Kicks,2025,Sense,Manuales y Guías,Pocket Guide,Aprende a configurar y utilizar las funciones conectadas de tu Nissan.,,
NissanConnect Finder,Kicks,2025,Sense,Manuales y Guías,Quick Guide,Conoce algunos de los servicios que ofrece NissanConnect Finder y accede a un QR para descargar la App.,,
NissanConnect Finder,Kicks,2025,Advance,Paquetes,Servicios,Localización en tiempo real,,https://www.nissan.com.mx/content/dam/Nissan/mexico/assets/duenos_nissan/nissan-connect/kicks/nissan-2025-kicks-platinum_cvt-d.jpeg
NissanConnect Finder,Kicks,2025,Advance,Paquetes,Servicios,Activación de bocina,,https://www.nissan.com.mx/content/dam/Nissan/mexico/assets/duenos_nissan/nissan-connect/kicks/nissan-2025-kicks-platinum_cvt-d.jpeg
NissanConnect Finder,Kicks,2025,Advance,Paquetes,Servicios,Geocercas,,https://www.nissan.com.mx/content/dam/Nissan/mexico/assets/duenos_nissan/nissan-connect/kicks/nissan-2025-kicks-platinum_cvt-d.jpeg
NissanConnect Finder,Kicks,2025,Advance,Paquetes,Servicios,Ubicación del Vehículo,,https://www.nissan.com.mx/content/dam/Nissan/mexico/assets/duenos_nissan/nissan-connect/kicks/nissan-2025-kicks-platinum_cvt-d.jpeg
NissanConnect Finder,Kicks,2025,Advance,Paquetes,Servicios,Sígueme,,https://www.nissan.com.mx/content/dam/Nissan/mexico/assets/duenos_nissan/nissan-connect/kicks/nissan-2025-kicks-platinum_cvt-d.jpeg
NissanConnect Finder,Kicks,2025,Advance,Paquetes,Servicios,Navegación,,https://www.nissan.com.mx/content/dam/Nissan/mexico/assets/duenos_nissan/nissan-connect/kicks/nissan-2025-kicks-platinum_cvt-d.jpeg
NissanConnect Finder,Kicks,2025,Advance,Paquetes,Servicios,Notificaciones,,https://www.nissan.com.mx/content/dam/Nissan/mexico/assets/duenos_nissan/nissan-connect/kicks/nissan-2025-kicks-platinum_cvt-d.jpeg
NissanConnect Finder,Kicks,2025,Advance,Paquetes,Servicios,Histórico de Rutas,,https://www.nissan.com.mx/content/dam/Nissan/mexico/assets/duenos_nissan/nissan-connect/kicks/nissan-2025-kicks-platinum_cvt-d.jpeg
NissanConnect Finder,Kicks,2025,Advance,Paquetes,Servicios,Asistencia de Vehículo Robado ,,https://www.nissan.com.mx/content/dam/Nissan/mexico/assets/duenos_nissan/nissan-connect/kicks/nissan-2025-kicks-platinum_cvt-d.jpeg
NissanConnect Finder,Kicks,2025,Advance,Paquetes,Servicios,Alerta de Movimiento,,https://www.nissan.com.mx/content/dam/Nissan/mexico/assets/duenos_nissan/nissan-connect/kicks/nissan-2025-kicks-platinum_cvt-d.jpeg
NissanConnect Finder,Kicks,2025,Advance,Paquetes,Servicios,Alerta de Velocidad,,https://www.nissan.com.mx/content/dam/Nissan/mexico/assets/duenos_nissan/nissan-connect/kicks/nissan-2025-kicks-platinum_cvt-d.jpeg
NissanConnect Finder,Kicks,2025,Advance,Paquetes,Servicios,Alerta de Arrastre,,https://www.nissan.com.mx/content/dam/Nissan/mexico/assets/duenos_nissan/nissan-connect/kicks/nissan-2025-kicks-platinum_cvt-d.jpeg
NissanConnect Finder,Kicks,2025,Advance,Paquetes,Servicios,Alerta de Posible Emergencia Vial,,https://www.nissan.com.mx/content/dam/Nissan/mexico/assets/duenos_nissan/nissan-connect/kicks/nissan-2025-kicks-platinum_cvt-d.jpeg
NissanConnect Finder,Kicks,2025,Advance,Paquetes,Servicios,Conexión a Asistencia Vial Nissan,,https://www.nissan.com.mx/content/dam/Nissan/mexico/assets/duenos_nissan/nissan-connect/kicks/nissan-2025-kicks-platinum_cvt-d.jpeg
NissanConnect Finder,Kicks,2025,Advance,Paquetes,Servicios,Asistencia NissanConnect® Finder,,https://www.nissan.com.mx/content/dam/Nissan/mexico/assets/duenos_nissan/nissan-connect/kicks/nissan-2025-kicks-platinum_cvt-d.jpeg
NissanConnect Finder,Kicks,2025,Advance,Paquetes,Servicios,Liga a Página de Citas de Mantenimiento Vehicular,,https://www.nissan.com.mx/content/dam/Nissan/mexico/assets/duenos_nissan/nissan-connect/kicks/nissan-2025-kicks-platinum_cvt-d.jpeg
NissanConnect Finder,Kicks,2025,Advance,Manuales y Guías,Pocket Guide,Aprende a configurar y utilizar las funciones conectadas de tu Nissan.,,
NissanConnect Finder,Kicks,2025,Advance,Manuales y Guías,Quick Guide,Conoce algunos de los servicios que ofrece NissanConnect Finder y accede a un QR para descargar la App.,,
NissanConnect Finder,Kicks,2025,Exclusive,Paquetes,Servicios,Localización en tiempo real,,https://www.nissan.com.mx/content/dam/Nissan/mexico/assets/duenos_nissan/nissan-connect/kicks/nissan-2025-kicks-platinum_cvt-d.jpeg
NissanConnect Finder,Kicks,2025,Exclusive,Paquetes,Servicios,Activación de bocina,,https://www.nissan.com.mx/content/dam/Nissan/mexico/assets/duenos_nissan/nissan-connect/kicks/nissan-2025-kicks-platinum_cvt-d.jpeg
NissanConnect Finder,Kicks,2025,Exclusive,Paquetes,Servicios,Geocercas,,https://www.nissan.com.mx/content/dam/Nissan/mexico/assets/duenos_nissan/nissan-connect/kicks/nissan-2025-kicks-platinum_cvt-d.jpeg
NissanConnect Finder,Kicks,2025,Exclusive,Paquetes,Servicios,Ubicación del Vehículo,,https://www.nissan.com.mx/content/dam/Nissan/mexico/assets/duenos_nissan/nissan-connect/kicks/nissan-2025-kicks-platinum_cvt-d.jpeg
NissanConnect Finder,Kicks,2025,Exclusive,Paquetes,Servicios,Sígueme,,https://www.nissan.com.mx/content/dam/Nissan/mexico/assets/duenos_nissan/nissan-connect/kicks/nissan-2025-kicks-platinum_cvt-d.jpeg
NissanConnect Finder,Kicks,2025,Exclusive,Paquetes,Servicios,Navegación,,https://www.nissan.com.mx/content/dam/Nissan/mexico/assets/duenos_nissan/nissan-connect/kicks/nissan-2025-kicks-platinum_cvt-d.jpeg
NissanConnect Finder,Kicks,2025,Exclusive,Paquetes,Servicios,Notificaciones,,https://www.nissan.com.mx/content/dam/Nissan/mexico/assets/duenos_nissan/nissan-connect/kicks/nissan-2025-kicks-platinum_cvt-d.jpeg
NissanConnect Finder,Kicks,2025,Exclusive,Paquetes,Servicios,Histórico de Rutas,,https://www.nissan.com.mx/content/dam/Nissan/mexico/assets/duenos_nissan/nissan-connect/kicks/nissan-2025-kicks-platinum_cvt-d.jpeg
NissanConnect Finder,Kicks,2025,Exclusive,Paquetes,Servicios,Asistencia de Vehículo Robado ,,https://www.nissan.com.mx/content/dam/Nissan/mexico/assets/duenos_nissan/nissan-connect/kicks/nissan-2025-kicks-platinum_cvt-d.jpeg
NissanConnect Finder,Kicks,2025,Exclusive,Paquetes,Servicios,Alerta de Movimiento,,https://www.nissan.com.mx/content/dam/Nissan/mexico/assets/duenos_nissan/nissan-connect/kicks/nissan-2025-kicks-platinum_cvt-d.jpeg
NissanConnect Finder,Kicks,2025,Exclusive,Paquetes,Servicios,Alerta de Velocidad,,https://www.nissan.com.mx/content/dam/Nissan/mexico/assets/duenos_nissan/nissan-connect/kicks/nissan-2025-kicks-platinum_cvt-d.jpeg
NissanConnect Finder,Kicks,2025,Exclusive,Paquetes,Servicios,Alerta de Arrastre,,https://www.nissan.com.mx/content/dam/Nissan/mexico/assets/duenos_nissan/nissan-connect/kicks/nissan-2025-kicks-platinum_cvt-d.jpeg
NissanConnect Finder,Kicks,2025,Exclusive,Paquetes,Servicios,Alerta de Posible Emergencia Vial,,https://www.nissan.com.mx/content/dam/Nissan/mexico/assets/duenos_nissan/nissan-connect/kicks/nissan-2025-kicks-platinum_cvt-d.jpeg
NissanConnect Finder,Kicks,2025,Exclusive,Paquetes,Servicios,Conexión a Asistencia Vial Nissan,,https://www.nissan.com.mx/content/dam/Nissan/mexico/assets/duenos_nissan/nissan-connect/kicks/nissan-2025-kicks-platinum_cvt-d.jpeg
NissanConnect Finder,Kicks,2025,Exclusive,Paquetes,Servicios,Asistencia NissanConnect® Finder,,https://www.nissan.com.mx/content/dam/Nissan/mexico/assets/duenos_nissan/nissan-connect/kicks/nissan-2025-kicks-platinum_cvt-d.jpeg
NissanConnect Finder,Kicks,2025,Exclusive,Paquetes,Servicios,Liga a Página de Citas de Mantenimiento Vehicular,,https://www.nissan.com.mx/content/dam/Nissan/mexico/assets/duenos_nissan/nissan-connect/kicks/nissan-2025-kicks-platinum_cvt-d.jpeg
NissanConnect Finder,Kicks,2025,Exclusive,Manuales y Guías,Pocket Guide,Aprende a configurar y utilizar las funciones conectadas de tu Nissan.,,
NissanConnect Finder,Kicks,2025,Exclusive,Manuales y Guías,Quick Guide,Conoce algunos de los servicios que ofrece NissanConnect Finder y accede a un QR para descargar la App.,,
NissanConnect Finder,Kicks,2025,Platinum,Paquetes,Servicios,Localización en tiempo real,,https://www.nissan.com.mx/content/dam/Nissan/mexico/assets/duenos_nissan/nissan-connect/kicks/nissan-2025-kicks-platinum_cvt-d.jpeg
NissanConnect Finder,Kicks,2025,Platinum,Paquetes,Servicios,Activación de bocina,,https://www.nissan.com.mx/content/dam/Nissan/mexico/assets/duenos_nissan/nissan-connect/kicks/nissan-2025-kicks-platinum_cvt-d.jpeg
NissanConnect Finder,Kicks,2025,Platinum,Paquetes,Servicios,Geocercas,,https://www.nissan.com.mx/content/dam/Nissan/mexico/assets/duenos_nissan/nissan-connect/kicks/nissan-2025-kicks-platinum_cvt-d.jpeg
NissanConnect Finder,Kicks,2025,Platinum,Paquetes,Servicios,Ubicación del Vehículo,,https://www.nissan.com.mx/content/dam/Nissan/mexico/assets/duenos_nissan/nissan-connect/kicks/nissan-2025-kicks-platinum_cvt-d.jpeg
NissanConnect Finder,Kicks,2025,Platinum,Paquetes,Servicios,Sígueme,,https://www.nissan.com.mx/content/dam/Nissan/mexico/assets/duenos_nissan/nissan-connect/kicks/nissan-2025-kicks-platinum_cvt-d.jpeg
NissanConnect Finder,Kicks,2025,Platinum,Paquetes,Servicios,Navegación,,https://www.nissan.com.mx/content/dam/Nissan/mexico/assets/duenos_nissan/nissan-connect/kicks/nissan-2025-kicks-platinum_cvt-d.jpeg
NissanConnect Finder,Kicks,2025,Platinum,Paquetes,Servicios,Notificaciones,,https://www.nissan.com.mx/content/dam/Nissan/mexico/assets/duenos_nissan/nissan-connect/kicks/nissan-2025-kicks-platinum_cvt-d.jpeg
NissanConnect Finder,Kicks,2025,Platinum,Paquetes,Servicios,Histórico de Rutas,,https://www.nissan.com.mx/content/dam/Nissan/mexico/assets/duenos_nissan/nissan-connect/kicks/nissan-2025-kicks-platinum_cvt-d.jpeg
NissanConnect Finder,Kicks,2025,Platinum,Paquetes,Servicios,Asistencia de Vehículo Robado ,,https://www.nissan.com.mx/content/dam/Nissan/mexico/assets/duenos_nissan/nissan-connect/kicks/nissan-2025-kicks-platinum_cvt-d.jpeg
NissanConnect Finder,Kicks,2025,Platinum,Paquetes,Servicios,Alerta de Movimiento,,https://www.nissan.com.mx/content/dam/Nissan/mexico/assets/duenos_nissan/nissan-connect/kicks/nissan-2025-kicks-platinum_cvt-d.jpeg
NissanConnect Finder,Kicks,2025,Platinum,Paquetes,Servicios,Alerta de Velocidad,,https://www.nissan.com.mx/content/dam/Nissan/mexico/assets/duenos_nissan/nissan-connect/kicks/nissan-2025-kicks-platinum_cvt-d.jpeg
NissanConnect Finder,Kicks,2025,Platinum,Paquetes,Servicios,Alerta de Arrastre,,https://www.nissan.com.mx/content/dam/Nissan/mexico/assets/duenos_nissan/nissan-connect/kicks/nissan-2025-kicks-platinum_cvt-d.jpeg
NissanConnect Finder,Kicks,2025,Platinum,Paquetes,Servicios,Alerta de Posible Emergencia Vial,,https://www.nissan.com.mx/content/dam/Nissan/mexico/assets/duenos_nissan/nissan-connect/kicks/nissan-2025-kicks-platinum_cvt-d.jpeg
NissanConnect Finder,Kicks,2025,Platinum,Paquetes,Servicios,Conexión a Asistencia Vial Nissan,,https://www.nissan.com.mx/content/dam/Nissan/mexico/assets/duenos_nissan/nissan-connect/kicks/nissan-2025-kicks-platinum_cvt-d.jpeg
NissanConnect Finder,Kicks,2025,Platinum,Paquetes,Servicios,Asistencia NissanConnect® Finder,,https://www.nissan.com.mx/content/dam/Nissan/mexico/assets/duenos_nissan/nissan-connect/kicks/nissan-2025-kicks-platinum_cvt-d.jpeg
NissanConnect Finder,Kicks,2025,Platinum,Paquetes,Servicios,Liga a Página de Citas de Mantenimiento Vehicular,,https://www.nissan.com.mx/content/dam/Nissan/mexico/assets/duenos_nissan/nissan-connect/kicks/nissan-2025-kicks-platinum_cvt-d.jpeg
NissanConnect Finder,Kicks,2025,Platinum,Manuales y Guías,Pocket Guide,Aprende a configurar y utilizar las funciones conectadas de tu Nissan.,,
NissanConnect Finder,Kicks,2025,Platinum,Manuales y Guías,Quick Guide,Conoce algunos de los servicios que ofrece NissanConnect Finder y accede a un QR para descargar la App.,,
NissanConnect Finder,Kicks,2026,Sense,Paquetes,Servicios,Localización en tiempo real,,https://www.nissan.com.mx/content/dam/Nissan/mexico/assets/duenos_nissan/nissan-connect/kicks/nissan-2026-kicks-platinum_cvt-d.jpeg
NissanConnect Finder,Kicks,2026,Sense,Paquetes,Servicios,Activación de bocina,,https://www.nissan.com.mx/content/dam/Nissan/mexico/assets/duenos_nissan/nissan-connect/kicks/nissan-2026-kicks-platinum_cvt-d.jpeg
NissanConnect Finder,Kicks,2026,Sense,Paquetes,Servicios,Geocercas,,https://www.nissan.com.mx/content/dam/Nissan/mexico/assets/duenos_nissan/nissan-connect/kicks/nissan-2026-kicks-platinum_cvt-d.jpeg
NissanConnect Finder,Kicks,2026,Sense,Paquetes,Servicios,Ubicación del Vehículo,,https://www.nissan.com.mx/content/dam/Nissan/mexico/assets/duenos_nissan/nissan-connect/kicks/nissan-2026-kicks-platinum_cvt-d.jpeg
NissanConnect Finder,Kicks,2026,Sense,Paquetes,Servicios,Sígueme,,https://www.nissan.com.mx/content/dam/Nissan/mexico/assets/duenos_nissan/nissan-connect/kicks/nissan-2026-kicks-platinum_cvt-d.jpeg
NissanConnect Finder,Kicks,2026,Sense,Paquetes,Servicios,Navegación,,https://www.nissan.com.mx/content/dam/Nissan/mexico/assets/duenos_nissan/nissan-connect/kicks/nissan-2026-kicks-platinum_cvt-d.jpeg
NissanConnect Finder,Kicks,2026,Sense,Paquetes,Servicios,Notificaciones,,https://www.nissan.com.mx/content/dam/Nissan/mexico/assets/duenos_nissan/nissan-connect/kicks/nissan-2026-kicks-platinum_cvt-d.jpeg
NissanConnect Finder,Kicks,2026,Sense,Paquetes,Servicios,Histórico de Rutas,,https://www.nissan.com.mx/content/dam/Nissan/mexico/assets/duenos_nissan/nissan-connect/kicks/nissan-2026-kicks-platinum_cvt-d.jpeg
NissanConnect Finder,Kicks,2026,Sense,Paquetes,Servicios,Asistencia de Vehículo Robado ,,https://www.nissan.com.mx/content/dam/Nissan/mexico/assets/duenos_nissan/nissan-connect/kicks/nissan-2026-kicks-platinum_cvt-d.jpeg
NissanConnect Finder,Kicks,2026,Sense,Paquetes,Servicios,Alerta de Movimiento,,https://www.nissan.com.mx/content/dam/Nissan/mexico/assets/duenos_nissan/nissan-connect/kicks/nissan-2026-kicks-platinum_cvt-d.jpeg
NissanConnect Finder,Kicks,2026,Sense,Paquetes,Servicios,Alerta de Velocidad,,https://www.nissan.com.mx/content/dam/Nissan/mexico/assets/duenos_nissan/nissan-connect/kicks/nissan-2026-kicks-platinum_cvt-d.jpeg
NissanConnect Finder,Kicks,2026,Sense,Paquetes,Servicios,Alerta de Arrastre,,https://www.nissan.com.mx/content/dam/Nissan/mexico/assets/duenos_nissan/nissan-connect/kicks/nissan-2026-kicks-platinum_cvt-d.jpeg
NissanConnect Finder,Kicks,2026,Sense,Paquetes,Servicios,Alerta de Posible Emergencia Vial,,https://www.nissan.com.mx/content/dam/Nissan/mexico/assets/duenos_nissan/nissan-connect/kicks/nissan-2026-kicks-platinum_cvt-d.jpeg
NissanConnect Finder,Kicks,2026,Sense,Paquetes,Servicios,Conexión a Asistencia Vial Nissan,,https://www.nissan.com.mx/content/dam/Nissan/mexico/assets/duenos_nissan/nissan-connect/kicks/nissan-2026-kicks-platinum_cvt-d.jpeg
NissanConnect Finder,Kicks,2026,Sense,Paquetes,Servicios,Asistencia NissanConnect® Finder,,https://www.nissan.com.mx/content/dam/Nissan/mexico/assets/duenos_nissan/nissan-connect/kicks/nissan-2026-kicks-platinum_cvt-d.jpeg
NissanConnect Finder,Kicks,2026,Sense,Paquetes,Servicios,Liga a Página de Citas de Mantenimiento Vehicular,,https://www.nissan.com.mx/content/dam/Nissan/mexico/assets/duenos_nissan/nissan-connect/kicks/nissan-2026-kicks-platinum_cvt-d.jpeg
NissanConnect Finder,Kicks,2026,Sense,Manuales y Guías,Pocket Guide,Aprende a configurar y utilizar las funciones conectadas de tu Nissan.,,
NissanConnect Finder,Kicks,2026,Sense,Manuales y Guías,Quick Guide,Conoce algunos de los servicios que ofrece NissanConnect Finder y accede a un QR para descargar la App.,,
NissanConnect Finder,Kicks,2026,Advance,Paquetes,Servicios,Localización en tiempo real,,https://www.nissan.com.mx/content/dam/Nissan/mexico/assets/duenos_nissan/nissan-connect/kicks/nissan-2026-kicks-platinum_cvt-d.jpeg
NissanConnect Finder,Kicks,2026,Advance,Paquetes,Servicios,Activación de bocina,,https://www.nissan.com.mx/content/dam/Nissan/mexico/assets/duenos_nissan/nissan-connect/kicks/nissan-2026-kicks-platinum_cvt-d.jpeg
NissanConnect Finder,Kicks,2026,Advance,Paquetes,Servicios,Geocercas,,https://www.nissan.com.mx/content/dam/Nissan/mexico/assets/duenos_nissan/nissan-connect/kicks/nissan-2026-kicks-platinum_cvt-d.jpeg
NissanConnect Finder,Kicks,2026,Advance,Paquetes,Servicios,Ubicación del Vehículo,,https://www.nissan.com.mx/content/dam/Nissan/mexico/assets/duenos_nissan/nissan-connect/kicks/nissan-2026-kicks-platinum_cvt-d.jpeg
NissanConnect Finder,Kicks,2026,Advance,Paquetes,Servicios,Sígueme,,https://www.nissan.com.mx/content/dam/Nissan/mexico/assets/duenos_nissan/nissan-connect/kicks/nissan-2026-kicks-platinum_cvt-d.jpeg
NissanConnect Finder,Kicks,2026,Advance,Paquetes,Servicios,Navegación,,https://www.nissan.com.mx/content/dam/Nissan/mexico/assets/duenos_nissan/nissan-connect/kicks/nissan-2026-kicks-platinum_cvt-d.jpeg
NissanConnect Finder,Kicks,2026,Advance,Paquetes,Servicios,Notificaciones,,https://www.nissan.com.mx/content/dam/Nissan/mexico/assets/duenos_nissan/nissan-connect/kicks/nissan-2026-kicks-platinum_cvt-d.jpeg
NissanConnect Finder,Kicks,2026,Advance,Paquetes,Servicios,Histórico de Rutas,,https://www.nissan.com.mx/content/dam/Nissan/mexico/assets/duenos_nissan/nissan-connect/kicks/nissan-2026-kicks-platinum_cvt-d.jpeg
NissanConnect Finder,Kicks,2026,Advance,Paquetes,Servicios,Asistencia de Vehículo Robado ,,https://www.nissan.com.mx/content/dam/Nissan/mexico/assets/duenos_nissan/nissan-connect/kicks/nissan-2026-kicks-platinum_cvt-d.jpeg
NissanConnect Finder,Kicks,2026,Advance,Paquetes,Servicios,Alerta de Movimiento,,https://www.nissan.com.mx/content/dam/Nissan/mexico/assets/duenos_nissan/nissan-connect/kicks/nissan-2026-kicks-platinum_cvt-d.jpeg
NissanConnect Finder,Kicks,2026,Advance,Paquetes,Servicios,Alerta de Velocidad,,https://www.nissan.com.mx/content/dam/Nissan/mexico/assets/duenos_nissan/nissan-connect/kicks/nissan-2026-kicks-platinum_cvt-d.jpeg
NissanConnect Finder,Kicks,2026,Advance,Paquetes,Servicios,Alerta de Arrastre,,https://www.nissan.com.mx/content/dam/Nissan/mexico/assets/duenos_nissan/nissan-connect/kicks/nissan-2026-kicks-platinum_cvt-d.jpeg
NissanConnect Finder,Kicks,2026,Advance,Paquetes,Servicios,Alerta de Posible Emergencia Vial,,https://www.nissan.com.mx/content/dam/Nissan/mexico/assets/duenos_nissan/nissan-connect/kicks/nissan-2026-kicks-platinum_cvt-d.jpeg
NissanConnect Finder,Kicks,2026,Advance,Paquetes,Servicios,Conexión a Asistencia Vial Nissan,,https://www.nissan.com.mx/content/dam/Nissan/mexico/assets/duenos_nissan/nissan-connect/kicks/nissan-2026-kicks-platinum_cvt-d.jpeg
NissanConnect Finder,Kicks,2026,Advance,Paquetes,Servicios,Asistencia NissanConnect® Finder,,https://www.nissan.com.mx/content/dam/Nissan/mexico/assets/duenos_nissan/nissan-connect/kicks/nissan-2026-kicks-platinum_cvt-d.jpeg
NissanConnect Finder,Kicks,2026,Advance,Paquetes,Servicios,Liga a Página de Citas de Mantenimiento Vehicular,,https://www.nissan.com.mx/content/dam/Nissan/mexico/assets/duenos_nissan/nissan-connect/kicks/nissan-2026-kicks-platinum_cvt-d.jpeg
NissanConnect Finder,Kicks,2026,Advance,Manuales y Guías,Pocket Guide,Aprende a configurar y utilizar las funciones conectadas de tu Nissan.,,
NissanConnect Finder,Kicks,2026,Advance,Manuales y Guías,Quick Guide,Conoce algunos de los servicios que ofrece NissanConnect Finder y accede a un QR para descargar la App.,,
NissanConnect Finder,Kicks,2026,Exclusive,Paquetes,Servicios,Localización en tiempo real,,https://www.nissan.com.mx/content/dam/Nissan/mexico/assets/duenos_nissan/nissan-connect/kicks/nissan-2026-kicks-platinum_cvt-d.jpeg
NissanConnect Finder,Kicks,2026,Exclusive,Paquetes,Servicios,Activación de bocina,,https://www.nissan.com.mx/content/dam/Nissan/mexico/assets/duenos_nissan/nissan-connect/kicks/nissan-2026-kicks-platinum_cvt-d.jpeg
NissanConnect Finder,Kicks,2026,Exclusive,Paquetes,Servicios,Geocercas,,https://www.nissan.com.mx/content/dam/Nissan/mexico/assets/duenos_nissan/nissan-connect/kicks/nissan-2026-kicks-platinum_cvt-d.jpeg
NissanConnect Finder,Kicks,2026,Exclusive,Paquetes,Servicios,Ubicación del Vehículo,,https://www.nissan.com.mx/content/dam/Nissan/mexico/assets/duenos_nissan/nissan-connect/kicks/nissan-2026-kicks-platinum_cvt-d.jpeg
NissanConnect Finder,Kicks,2026,Exclusive,Paquetes,Servicios,Sígueme,,https://www.nissan.com.mx/content/dam/Nissan/mexico/assets/duenos_nissan/nissan-connect/kicks/nissan-2026-kicks-platinum_cvt-d.jpeg
NissanConnect Finder,Kicks,2026,Exclusive,Paquetes,Servicios,Navegación,,https://www.nissan.com.mx/content/dam/Nissan/mexico/assets/duenos_nissan/nissan-connect/kicks/nissan-2026-kicks-platinum_cvt-d.jpeg
NissanConnect Finder,Kicks,2026,Exclusive,Paquetes,Servicios,Notificaciones,,https://www.nissan.com.mx/content/dam/Nissan/mexico/assets/duenos_nissan/nissan-connect/kicks/nissan-2026-kicks-platinum_cvt-d.jpeg
NissanConnect Finder,Kicks,2026,Exclusive,Paquetes,Servicios,Histórico de Rutas,,https://www.nissan.com.mx/content/dam/Nissan/mexico/assets/duenos_nissan/nissan-connect/kicks/nissan-2026-kicks-platinum_cvt-d.jpeg
NissanConnect Finder,Kicks,2026,Exclusive,Paquetes,Servicios,Asistencia de Vehículo Robado ,,https://www.nissan.com.mx/content/dam/Nissan/mexico/assets/duenos_nissan/nissan-connect/kicks/nissan-2026-kicks-platinum_cvt-d.jpeg
NissanConnect Finder,Kicks,2026,Exclusive,Paquetes,Servicios,Alerta de Movimiento,,https://www.nissan.com.mx/content/dam/Nissan/mexico/assets/duenos_nissan/nissan-connect/kicks/nissan-2026-kicks-platinum_cvt-d.jpeg
NissanConnect Finder,Kicks,2026,Exclusive,Paquetes,Servicios,Alerta de Velocidad,,https://www.nissan.com.mx/content/dam/Nissan/mexico/assets/duenos_nissan/nissan-connect/kicks/nissan-2026-kicks-platinum_cvt-d.jpeg
NissanConnect Finder,Kicks,2026,Exclusive,Paquetes,Servicios,Alerta de Arrastre,,https://www.nissan.com.mx/content/dam/Nissan/mexico/assets/duenos_nissan/nissan-connect/kicks/nissan-2026-kicks-platinum_cvt-d.jpeg
NissanConnect Finder,Kicks,2026,Exclusive,Paquetes,Servicios,Alerta de Posible Emergencia Vial,,https://www.nissan.com.mx/content/dam/Nissan/mexico/assets/duenos_nissan/nissan-connect/kicks/nissan-2026-kicks-platinum_cvt-d.jpeg
NissanConnect Finder,Kicks,2026,Exclusive,Paquetes,Servicios,Conexión a Asistencia Vial Nissan,,https://www.nissan.com.mx/content/dam/Nissan/mexico/assets/duenos_nissan/nissan-connect/kicks/nissan-2026-kicks-platinum_cvt-d.jpeg
NissanConnect Finder,Kicks,2026,Exclusive,Paquetes,Servicios,Asistencia NissanConnect® Finder,,https://www.nissan.com.mx/content/dam/Nissan/mexico/assets/duenos_nissan/nissan-connect/kicks/nissan-2026-kicks-platinum_cvt-d.jpeg
NissanConnect Finder,Kicks,2026,Exclusive,Paquetes,Servicios,Liga a Página de Citas de Mantenimiento Vehicular,,https://www.nissan.com.mx/content/dam/Nissan/mexico/assets/duenos_nissan/nissan-connect/kicks/nissan-2026-kicks-platinum_cvt-d.jpeg
NissanConnect Finder,Kicks,2026,Exclusive,Manuales y Guías,Pocket Guide,Aprende a configurar y utilizar las funciones conectadas de tu Nissan.,,
NissanConnect Finder,Kicks,2026,Exclusive,Manuales y Guías,Quick Guide,Conoce algunos de los servicios que ofrece NissanConnect Finder y accede a un QR para descargar la App.,,
NissanConnect Finder,Kicks,2026,Platinum,Paquetes,Servicios,Localización en tiempo real,,https://www.nissan.com.mx/content/dam/Nissan/mexico/assets/duenos_nissan/nissan-connect/kicks/nissan-2026-kicks-platinum_cvt-d.jpeg
NissanConnect Finder,Kicks,2026,Platinum,Paquetes,Servicios,Activación de bocina,,https://www.nissan.com.mx/content/dam/Nissan/mexico/assets/duenos_nissan/nissan-connect/kicks/nissan-2026-kicks-platinum_cvt-d.jpeg
NissanConnect Finder,Kicks,2026,Platinum,Paquetes,Servicios,Geocercas,,https://www.nissan.com.mx/content/dam/Nissan/mexico/assets/duenos_nissan/nissan-connect/kicks/nissan-2026-kicks-platinum_cvt-d.jpeg
NissanConnect Finder,Kicks,2026,Platinum,Paquetes,Servicios,Ubicación del Vehículo,,https://www.nissan.com.mx/content/dam/Nissan/mexico/assets/duenos_nissan/nissan-connect/kicks/nissan-2026-kicks-platinum_cvt-d.jpeg
NissanConnect Finder,Kicks,2026,Platinum,Paquetes,Servicios,Sígueme,,https://www.nissan.com.mx/content/dam/Nissan/mexico/assets/duenos_nissan/nissan-connect/kicks/nissan-2026-kicks-platinum_cvt-d.jpeg
NissanConnect Finder,Kicks,2026,Platinum,Paquetes,Servicios,Navegación,,https://www.nissan.com.mx/content/dam/Nissan/mexico/assets/duenos_nissan/nissan-connect/kicks/nissan-2026-kicks-platinum_cvt-d.jpeg
NissanConnect Finder,Kicks,2026,Platinum,Paquetes,Servicios,Notificaciones,,https://www.nissan.com.mx/content/dam/Nissan/mexico/assets/duenos_nissan/nissan-connect/kicks/nissan-2026-kicks-platinum_cvt-d.jpeg
NissanConnect Finder,Kicks,2026,Platinum,Paquetes,Servicios,Histórico de Rutas,,https://www.nissan.com.mx/content/dam/Nissan/mexico/assets/duenos_nissan/nissan-connect/kicks/nissan-2026-kicks-platinum_cvt-d.jpeg
NissanConnect Finder,Kicks,2026,Platinum,Paquetes,Servicios,Asistencia de Vehículo Robado ,,https://www.nissan.com.mx/content/dam/Nissan/mexico/assets/duenos_nissan/nissan-connect/kicks/nissan-2026-kicks-platinum_cvt-d.jpeg
NissanConnect Finder,Kicks,2026,Platinum,Paquetes,Servicios,Alerta de Movimiento,,https://www.nissan.com.mx/content/dam/Nissan/mexico/assets/duenos_nissan/nissan-connect/kicks/nissan-2026-kicks-platinum_cvt-d.jpeg
NissanConnect Finder,Kicks,2026,Platinum,Paquetes,Servicios,Alerta de Velocidad,,https://www.nissan.com.mx/content/dam/Nissan/mexico/assets/duenos_nissan/nissan-connect/kicks/nissan-2026-kicks-platinum_cvt-d.jpeg
NissanConnect Finder,Kicks,2026,Platinum,Paquetes,Servicios,Alerta de Arrastre,,https://www.nissan.com.mx/content/dam/Nissan/mexico/assets/duenos_nissan/nissan-connect/kicks/nissan-2026-kicks-platinum_cvt-d.jpeg
NissanConnect Finder,Kicks,2026,Platinum,Paquetes,Servicios,Alerta de Posible Emergencia Vial,,https://www.nissan.com.mx/content/dam/Nissan/mexico/assets/duenos_nissan/nissan-connect/kicks/nissan-2026-kicks-platinum_cvt-d.jpeg
NissanConnect Finder,Kicks,2026,Platinum,Paquetes,Servicios,Conexión a Asistencia Vial Nissan,,https://www.nissan.com.mx/content/dam/Nissan/mexico/assets/duenos_nissan/nissan-connect/kicks/nissan-2026-kicks-platinum_cvt-d.jpeg
NissanConnect Finder,Kicks,2026,Platinum,Paquetes,Servicios,Asistencia NissanConnect® Finder,,https://www.nissan.com.mx/content/dam/Nissan/mexico/assets/duenos_nissan/nissan-connect/kicks/nissan-2026-kicks-platinum_cvt-d.jpeg
NissanConnect Finder,Kicks,2026,Platinum,Paquetes,Servicios,Liga a Página de Citas de Mantenimiento Vehicular,,https://www.nissan.com.mx/content/dam/Nissan/mexico/assets/duenos_nissan/nissan-connect/kicks/nissan-2026-kicks-platinum_cvt-d.jpeg
NissanConnect Finder,Kicks,2026,Platinum,Manuales y Guías,Pocket Guide,Aprende a configurar y utilizar las funciones conectadas de tu Nissan.,,
NissanConnect Finder,Kicks,2026,Platinum,Manuales y Guías,Quick Guide,Conoce algunos de los servicios que ofrece NissanConnect Finder y accede a un QR para descargar la App.,,
NissanConnect Finder,Kicks,2027,Sense,Paquetes,Servicios,Localización en tiempo real,,
NissanConnect Finder,Kicks,2027,Sense,Paquetes,Servicios,Activación de bocina,,
NissanConnect Finder,Kicks,2027,Sense,Paquetes,Servicios,Geocercas,,
NissanConnect Finder,Kicks,2027,Sense,Paquetes,Servicios,Ubicación del Vehículo,,
NissanConnect Finder,Kicks,2027,Sense,Paquetes,Servicios,Sígueme,,
NissanConnect Finder,Kicks,2027,Sense,Paquetes,Servicios,Navegación,,
NissanConnect Finder,Kicks,2027,Sense,Paquetes,Servicios,Notificaciones,,
NissanConnect Finder,Kicks,2027,Sense,Paquetes,Servicios,Histórico de Rutas,,
NissanConnect Finder,Kicks,2027,Sense,Paquetes,Servicios,Asistencia de Vehículo Robado ,,
NissanConnect Finder,Kicks,2027,Sense,Paquetes,Servicios,Alerta de Movimiento,,
NissanConnect Finder,Kicks,2027,Sense,Paquetes,Servicios,Alerta de Velocidad,,
NissanConnect Finder,Kicks,2027,Sense,Paquetes,Servicios,Alerta de Arrastre,,
NissanConnect Finder,Kicks,2027,Sense,Paquetes,Servicios,Alerta de Posible Emergencia Vial,,
NissanConnect Finder,Kicks,2027,Sense,Paquetes,Servicios,Conexión a Asistencia Vial Nissan,,
NissanConnect Finder,Kicks,2027,Sense,Paquetes,Servicios,Asistencia NissanConnect® Finder,,
NissanConnect Finder,Kicks,2027,Sense,Paquetes,Servicios,Liga a Página de Citas de Mantenimiento Vehicular,,
NissanConnect Finder,Kicks,2027,Sense,Manuales y Guías,Pocket Guide,Aprende a configurar y utilizar las funciones conectadas de tu Nissan.,,
NissanConnect Finder,Kicks,2027,Sense,Manuales y Guías,Quick Guide,Conoce algunos de los servicios que ofrece NissanConnect Finder y accede a un QR para descargar la App.,,
NissanConnect Finder,Kicks,2027,Advance,Paquetes,Servicios,Localización en tiempo real,,
NissanConnect Finder,Kicks,2027,Advance,Paquetes,Servicios,Activación de bocina,,
NissanConnect Finder,Kicks,2027,Advance,Paquetes,Servicios,Geocercas,,
NissanConnect Finder,Kicks,2027,Advance,Paquetes,Servicios,Ubicación del Vehículo,,
NissanConnect Finder,Kicks,2027,Advance,Paquetes,Servicios,Sígueme,,
NissanConnect Finder,Kicks,2027,Advance,Paquetes,Servicios,Navegación,,
NissanConnect Finder,Kicks,2027,Advance,Paquetes,Servicios,Notificaciones,,
NissanConnect Finder,Kicks,2027,Advance,Paquetes,Servicios,Histórico de Rutas,,
NissanConnect Finder,Kicks,2027,Advance,Paquetes,Servicios,Asistencia de Vehículo Robado ,,
NissanConnect Finder,Kicks,2027,Advance,Paquetes,Servicios,Alerta de Movimiento,,
NissanConnect Finder,Kicks,2027,Advance,Paquetes,Servicios,Alerta de Velocidad,,
NissanConnect Finder,Kicks,2027,Advance,Paquetes,Servicios,Alerta de Arrastre,,
NissanConnect Finder,Kicks,2027,Advance,Paquetes,Servicios,Alerta de Posible Emergencia Vial,,
NissanConnect Finder,Kicks,2027,Advance,Paquetes,Servicios,Conexión a Asistencia Vial Nissan,,
NissanConnect Finder,Kicks,2027,Advance,Paquetes,Servicios,Asistencia NissanConnect® Finder,,
NissanConnect Finder,Kicks,2027,Advance,Paquetes,Servicios,Liga a Página de Citas de Mantenimiento Vehicular,,
NissanConnect Finder,Kicks,2027,Advance,Manuales y Guías,Pocket Guide,Aprende a configurar y utilizar las funciones conectadas de tu Nissan.,,
NissanConnect Finder,Kicks,2027,Advance,Manuales y Guías,Quick Guide,Conoce algunos de los servicios que ofrece NissanConnect Finder y accede a un QR para descargar la App.,,
NissanConnect Finder,Kicks,2027,Exclusive,Paquetes,Servicios,Localización en tiempo real,,
NissanConnect Finder,Kicks,2027,Exclusive,Paquetes,Servicios,Activación de bocina,,
NissanConnect Finder,Kicks,2027,Exclusive,Paquetes,Servicios,Geocercas,,
NissanConnect Finder,Kicks,2027,Exclusive,Paquetes,Servicios,Ubicación del Vehículo,,
NissanConnect Finder,Kicks,2027,Exclusive,Paquetes,Servicios,Sígueme,,
NissanConnect Finder,Kicks,2027,Exclusive,Paquetes,Servicios,Navegación,,
NissanConnect Finder,Kicks,2027,Exclusive,Paquetes,Servicios,Notificaciones,,
NissanConnect Finder,Kicks,2027,Exclusive,Paquetes,Servicios,Histórico de Rutas,,
NissanConnect Finder,Kicks,2027,Exclusive,Paquetes,Servicios,Asistencia de Vehículo Robado ,,
NissanConnect Finder,Kicks,2027,Exclusive,Paquetes,Servicios,Alerta de Movimiento,,
NissanConnect Finder,Kicks,2027,Exclusive,Paquetes,Servicios,Alerta de Velocidad,,
NissanConnect Finder,Kicks,2027,Exclusive,Paquetes,Servicios,Alerta de Arrastre,,
NissanConnect Finder,Kicks,2027,Exclusive,Paquetes,Servicios,Alerta de Posible Emergencia Vial,,
NissanConnect Finder,Kicks,2027,Exclusive,Paquetes,Servicios,Conexión a Asistencia Vial Nissan,,
NissanConnect Finder,Kicks,2027,Exclusive,Paquetes,Servicios,Asistencia NissanConnect® Finder,,
NissanConnect Finder,Kicks,2027,Exclusive,Paquetes,Servicios,Liga a Página de Citas de Mantenimiento Vehicular,,
NissanConnect Finder,Kicks,2027,Exclusive,Manuales y Guías,Pocket Guide,Aprende a configurar y utilizar las funciones conectadas de tu Nissan.,,
NissanConnect Finder,Kicks,2027,Exclusive,Manuales y Guías,Quick Guide,Conoce algunos de los servicios que ofrece NissanConnect Finder y accede a un QR para descargar la App.,,
NissanConnect Finder,Kicks,2027,Platinum,Paquetes,Servicios,Localización en tiempo real,,
NissanConnect Finder,Kicks,2027,Platinum,Paquetes,Servicios,Activación de bocina,,
NissanConnect Finder,Kicks,2027,Platinum,Paquetes,Servicios,Geocercas,,
NissanConnect Finder,Kicks,2027,Platinum,Paquetes,Servicios,Ubicación del Vehículo,,
NissanConnect Finder,Kicks,2027,Platinum,Paquetes,Servicios,Sígueme,,
NissanConnect Finder,Kicks,2027,Platinum,Paquetes,Servicios,Navegación,,
NissanConnect Finder,Kicks,2027,Platinum,Paquetes,Servicios,Notificaciones,,
NissanConnect Finder,Kicks,2027,Platinum,Paquetes,Servicios,Histórico de Rutas,,
NissanConnect Finder,Kicks,2027,Platinum,Paquetes,Servicios,Asistencia de Vehículo Robado ,,
NissanConnect Finder,Kicks,2027,Platinum,Paquetes,Servicios,Alerta de Movimiento,,
NissanConnect Finder,Kicks,2027,Platinum,Paquetes,Servicios,Alerta de Velocidad,,
NissanConnect Finder,Kicks,2027,Platinum,Paquetes,Servicios,Alerta de Arrastre,,
NissanConnect Finder,Kicks,2027,Platinum,Paquetes,Servicios,Alerta de Posible Emergencia Vial,,
NissanConnect Finder,Kicks,2027,Platinum,Paquetes,Servicios,Conexión a Asistencia Vial Nissan,,
NissanConnect Finder,Kicks,2027,Platinum,Paquetes,Servicios,Asistencia NissanConnect® Finder,,
NissanConnect Finder,Kicks,2027,Platinum,Paquetes,Servicios,Liga a Página de Citas de Mantenimiento Vehicular,,
NissanConnect Finder,Kicks,2027,Platinum,Manuales y Guías,Pocket Guide,Aprende a configurar y utilizar las funciones conectadas de tu Nissan.,,
NissanConnect Finder,Kicks,2027,Platinum,Manuales y Guías,Quick Guide,Conoce algunos de los servicios que ofrece NissanConnect Finder y accede a un QR para descargar la App.,,
NissanConnect Services,Kicks,2021,Platinum / Platinum Bi-Tono,Paquetes,Select,Bloqueo / desbloqueo remoto de puertas,,
NissanConnect Services,Kicks,2021,Platinum / Platinum Bi-Tono,Paquetes,Select,Alerta de mantenimiento,,
NissanConnect Services,Kicks,2021,Platinum / Platinum Bi-Tono,Paquetes,Select,Notificación Mantenimiento Preventivo,,
NissanConnect Services,Kicks,2021,Platinum / Platinum Bi-Tono,Paquetes,Select,Actualizaciones Over-The-Air,,
NissanConnect Services,Kicks,2021,Platinum / Platinum Bi-Tono,Paquetes,Select,Llamada de asistencia desde la App,,
NissanConnect Services,Kicks,2021,Platinum / Platinum Bi-Tono,Paquetes,Seguridad,Notificación automática de colisión (ACN),,
NissanConnect Services,Kicks,2021,Platinum / Platinum Bi-Tono,Paquetes,Seguridad,Llamada de emergencia,,
NissanConnect Services,Kicks,2021,Platinum / Platinum Bi-Tono,Paquetes,Seguridad,Conexión con asistencia vial,,
NissanConnect Services,Kicks,2021,Platinum / Platinum Bi-Tono,Paquetes,Seguridad,Notificación de alarma,,
NissanConnect Services,Kicks,2021,Platinum / Platinum Bi-Tono,Paquetes,Seguridad,Geocercas,,
NissanConnect Services,Kicks,2021,Platinum / Platinum Bi-Tono,Paquetes,Seguridad,Alerta de Valet,,
NissanConnect Services,Kicks,2021,Platinum / Platinum Bi-Tono,Paquetes,Seguridad,Alerta de velocidad,,
NissanConnect Services,Kicks,2021,Platinum / Platinum Bi-Tono,Paquetes,Seguridad,Alerta de movimiento programado,,
NissanConnect Services,Kicks,2021,Platinum / Platinum Bi-Tono,Paquetes,Seguridad,Asistencia de Vehículo Robado,,
NissanConnect Services,Kicks,2021,Platinum / Platinum Bi-Tono,Paquetes,Conveniencia,Arranque/ Apagado remoto de motor,,
NissanConnect Services,Kicks,2021,Platinum / Platinum Bi-Tono,Paquetes,Conveniencia,Luces destelladas y bocina remoto,,
NissanConnect Services,Kicks,2021,Platinum / Platinum Bi-Tono,Paquetes,Conveniencia,Localizar mi vehículo,,
NissanConnect Services,Kicks,2021,Platinum / Platinum Bi-Tono,Paquetes,Conveniencia,Estado remoto de mi vehículo,,
NissanConnect Services,Kicks,2021,Platinum / Platinum Bi-Tono,Paquetes,Conveniencia,Borrado remoto de datos,,
NissanConnect Services,Kicks,2021,Platinum / Platinum Bi-Tono,Paquetes,Conveniencia,Nissan Concierge,,
NissanConnect Services,Kicks,2021,Platinum / Platinum Bi-Tono,Paquetes,Premium,Paquetes de Seguridad + Conveniencia + Select,,
NissanConnect Services,Kicks,2021,Platinum / Platinum Bi-Tono,Paquetes,Wi-Fi,Wi-Fi HotSpot,,
NissanConnect Services,Kicks,2022,Platinum / Platinum Bi-Tono,Paquetes,Select,Bloqueo / desbloqueo remoto de puertas,,
NissanConnect Services,Kicks,2022,Platinum / Platinum Bi-Tono,Paquetes,Select,Alerta de mantenimiento,,
NissanConnect Services,Kicks,2022,Platinum / Platinum Bi-Tono,Paquetes,Select,Notificación Mantenimiento Preventivo,,
NissanConnect Services,Kicks,2022,Platinum / Platinum Bi-Tono,Paquetes,Select,Actualizaciones Over-The-Air,,
NissanConnect Services,Kicks,2022,Platinum / Platinum Bi-Tono,Paquetes,Select,Llamada de asistencia desde la App,,
NissanConnect Services,Kicks,2022,Platinum / Platinum Bi-Tono,Paquetes,Seguridad,Notificación automática de colisión (ACN),,
NissanConnect Services,Kicks,2022,Platinum / Platinum Bi-Tono,Paquetes,Seguridad,Llamada de emergencia,,
NissanConnect Services,Kicks,2022,Platinum / Platinum Bi-Tono,Paquetes,Seguridad,Conexión con asistencia vial,,
NissanConnect Services,Kicks,2022,Platinum / Platinum Bi-Tono,Paquetes,Seguridad,Notificación de alarma,,
NissanConnect Services,Kicks,2022,Platinum / Platinum Bi-Tono,Paquetes,Seguridad,Geocercas,,
NissanConnect Services,Kicks,2022,Platinum / Platinum Bi-Tono,Paquetes,Seguridad,Alerta de Valet,,
NissanConnect Services,Kicks,2022,Platinum / Platinum Bi-Tono,Paquetes,Seguridad,Alerta de velocidad,,
NissanConnect Services,Kicks,2022,Platinum / Platinum Bi-Tono,Paquetes,Seguridad,Alerta de movimiento programado,,
NissanConnect Services,Kicks,2022,Platinum / Platinum Bi-Tono,Paquetes,Seguridad,Asistencia de Vehículo Robado,,
NissanConnect Services,Kicks,2022,Platinum / Platinum Bi-Tono,Paquetes,Conveniencia,Arranque/ Apagado remoto de motor,,
NissanConnect Services,Kicks,2022,Platinum / Platinum Bi-Tono,Paquetes,Conveniencia,Luces destelladas y bocina remoto,,
NissanConnect Services,Kicks,2022,Platinum / Platinum Bi-Tono,Paquetes,Conveniencia,Localizar mi vehículo,,
NissanConnect Services,Kicks,2022,Platinum / Platinum Bi-Tono,Paquetes,Conveniencia,Estado remoto de mi vehículo,,
NissanConnect Services,Kicks,2022,Platinum / Platinum Bi-Tono,Paquetes,Conveniencia,Borrado remoto de datos,,
NissanConnect Services,Kicks,2022,Platinum / Platinum Bi-Tono,Paquetes,Conveniencia,Nissan Concierge,,
NissanConnect Services,Kicks,2022,Platinum / Platinum Bi-Tono,Paquetes,Premium,Paquetes de Seguridad + Conveniencia + Select,,
NissanConnect Services,Kicks,2022,Platinum / Platinum Bi-Tono,Paquetes,Wi-Fi,Wi-Fi HotSpot,,
NissanConnect Services,Kicks,2023,Platinum / Platinum Bi-Tono,Paquetes,Select,Bloqueo / desbloqueo remoto de puertas,,
NissanConnect Services,Kicks,2023,Platinum / Platinum Bi-Tono,Paquetes,Select,Alerta de mantenimiento,,
NissanConnect Services,Kicks,2023,Platinum / Platinum Bi-Tono,Paquetes,Select,Notificación Mantenimiento Preventivo,,
NissanConnect Services,Kicks,2023,Platinum / Platinum Bi-Tono,Paquetes,Select,Actualizaciones Over-The-Air,,
NissanConnect Services,Kicks,2023,Platinum / Platinum Bi-Tono,Paquetes,Select,Llamada de asistencia desde la App,,
NissanConnect Services,Kicks,2023,Platinum / Platinum Bi-Tono,Paquetes,Seguridad,Notificación automática de colisión (ACN),,
NissanConnect Services,Kicks,2023,Platinum / Platinum Bi-Tono,Paquetes,Seguridad,Llamada de emergencia,,
NissanConnect Services,Kicks,2023,Platinum / Platinum Bi-Tono,Paquetes,Seguridad,Conexión con asistencia vial,,
NissanConnect Services,Kicks,2023,Platinum / Platinum Bi-Tono,Paquetes,Seguridad,Notificación de alarma,,
NissanConnect Services,Kicks,2023,Platinum / Platinum Bi-Tono,Paquetes,Seguridad,Geocercas,,
NissanConnect Services,Kicks,2023,Platinum / Platinum Bi-Tono,Paquetes,Seguridad,Alerta de Valet,,
NissanConnect Services,Kicks,2023,Platinum / Platinum Bi-Tono,Paquetes,Seguridad,Alerta de velocidad,,
NissanConnect Services,Kicks,2023,Platinum / Platinum Bi-Tono,Paquetes,Seguridad,Alerta de movimiento programado,,
NissanConnect Services,Kicks,2023,Platinum / Platinum Bi-Tono,Paquetes,Seguridad,Asistencia de Vehículo Robado,,
NissanConnect Services,Kicks,2023,Platinum / Platinum Bi-Tono,Paquetes,Conveniencia,Arranque/ Apagado remoto de motor,,
NissanConnect Services,Kicks,2023,Platinum / Platinum Bi-Tono,Paquetes,Conveniencia,Luces destelladas y bocina remoto,,
NissanConnect Services,Kicks,2023,Platinum / Platinum Bi-Tono,Paquetes,Conveniencia,Localizar mi vehículo,,
NissanConnect Services,Kicks,2023,Platinum / Platinum Bi-Tono,Paquetes,Conveniencia,Estado remoto de mi vehículo,,
NissanConnect Services,Kicks,2023,Platinum / Platinum Bi-Tono,Paquetes,Conveniencia,Borrado remoto de datos,,
NissanConnect Services,Kicks,2023,Platinum / Platinum Bi-Tono,Paquetes,Conveniencia,Nissan Concierge,,
NissanConnect Services,Kicks,2023,Platinum / Platinum Bi-Tono,Paquetes,Premium,Paquetes de Seguridad + Conveniencia + Select,,
NissanConnect Services,Kicks,2023,Platinum / Platinum Bi-Tono,Paquetes,Wi-Fi,Wi-Fi HotSpot,,
NissanConnect Services,Kicks,2024,Platinum,Paquetes,Select,Bloqueo / desbloqueo remoto de puertas,,
NissanConnect Services,Kicks,2024,Platinum,Paquetes,Select,Alerta de mantenimiento,,
NissanConnect Services,Kicks,2024,Platinum,Paquetes,Select,Notificación Mantenimiento Preventivo,,
NissanConnect Services,Kicks,2024,Platinum,Paquetes,Select,Actualizaciones Over-The-Air,,
NissanConnect Services,Kicks,2024,Platinum,Paquetes,Select,Llamada de asistencia desde la App,,
NissanConnect Services,Kicks,2024,Platinum,Paquetes,Seguridad,Notificación automática de colisión (ACN),,
NissanConnect Services,Kicks,2024,Platinum,Paquetes,Seguridad,Llamada de emergencia,,
NissanConnect Services,Kicks,2024,Platinum,Paquetes,Seguridad,Conexión con asistencia vial,,
NissanConnect Services,Kicks,2024,Platinum,Paquetes,Seguridad,Notificación de alarma,,
NissanConnect Services,Kicks,2024,Platinum,Paquetes,Seguridad,Geocercas,,
NissanConnect Services,Kicks,2024,Platinum,Paquetes,Seguridad,Alerta de Valet,,
NissanConnect Services,Kicks,2024,Platinum,Paquetes,Seguridad,Alerta de velocidad,,
NissanConnect Services,Kicks,2024,Platinum,Paquetes,Seguridad,Alerta de movimiento programado,,
NissanConnect Services,Kicks,2024,Platinum,Paquetes,Seguridad,Asistencia de Vehículo Robado,,
NissanConnect Services,Kicks,2024,Platinum,Paquetes,Conveniencia,Arranque/ Apagado remoto de motor,,
NissanConnect Services,Kicks,2024,Platinum,Paquetes,Conveniencia,Luces destelladas y bocina remoto,,
NissanConnect Services,Kicks,2024,Platinum,Paquetes,Conveniencia,Localizar mi vehículo,,
NissanConnect Services,Kicks,2024,Platinum,Paquetes,Conveniencia,Estado remoto de mi vehículo,,
NissanConnect Services,Kicks,2024,Platinum,Paquetes,Conveniencia,Borrado remoto de datos,,
NissanConnect Services,Kicks,2024,Platinum,Paquetes,Conveniencia,Nissan Concierge,,
NissanConnect Services,Kicks,2024,Platinum,Paquetes,Premium,Paquetes de Seguridad + Conveniencia + Select,,
NissanConnect Services,Kicks,2024,Platinum,Paquetes,Wi-Fi,Wi-Fi HotSpot,,
NissanConnect Finder,Kicks e-Power,2027,Sense,Paquetes,Servicios,Localización en tiempo real,,
NissanConnect Finder,Kicks e-Power,2027,Sense,Paquetes,Servicios,Activación de bocina,,
NissanConnect Finder,Kicks e-Power,2027,Sense,Paquetes,Servicios,Geocercas,,
NissanConnect Finder,Kicks e-Power,2027,Sense,Paquetes,Servicios,Ubicación del Vehículo,,
NissanConnect Finder,Kicks e-Power,2027,Sense,Paquetes,Servicios,Sígueme,,
NissanConnect Finder,Kicks e-Power,2027,Sense,Paquetes,Servicios,Navegación,,
NissanConnect Finder,Kicks e-Power,2027,Sense,Paquetes,Servicios,Notificaciones,,
NissanConnect Finder,Kicks e-Power,2027,Sense,Paquetes,Servicios,Histórico de Rutas,,
NissanConnect Finder,Kicks e-Power,2027,Sense,Paquetes,Servicios,Asistencia de Vehículo Robado ,,
NissanConnect Finder,Kicks e-Power,2027,Sense,Paquetes,Servicios,Alerta de Movimiento,,
NissanConnect Finder,Kicks e-Power,2027,Sense,Paquetes,Servicios,Alerta de Velocidad,,
NissanConnect Finder,Kicks e-Power,2027,Sense,Paquetes,Servicios,Alerta de Arrastre,,
NissanConnect Finder,Kicks e-Power,2027,Sense,Paquetes,Servicios,Alerta de Posible Emergencia Vial,,
NissanConnect Finder,Kicks e-Power,2027,Sense,Paquetes,Servicios,Conexión a Asistencia Vial Nissan,,
NissanConnect Finder,Kicks e-Power,2027,Sense,Paquetes,Servicios,Asistencia NissanConnect® Finder,,
NissanConnect Finder,Kicks e-Power,2027,Sense,Paquetes,Servicios,Liga a Página de Citas de Mantenimiento Vehicular,,
NissanConnect Finder,Kicks e-Power,2027,Sense,Manuales y Guías,Pocket Guide,Aprende a configurar y utilizar las funciones conectadas de tu Nissan.,,
NissanConnect Finder,Kicks e-Power,2027,Sense,Manuales y Guías,Quick Guide,Conoce algunos de los servicios que ofrece NissanConnect Finder y accede a un QR para descargar la App.,,
NissanConnect Finder,Kicks e-Power,2027,Advance,Paquetes,Servicios,Localización en tiempo real,,
NissanConnect Finder,Kicks e-Power,2027,Advance,Paquetes,Servicios,Activación de bocina,,
NissanConnect Finder,Kicks e-Power,2027,Advance,Paquetes,Servicios,Geocercas,,
NissanConnect Finder,Kicks e-Power,2027,Advance,Paquetes,Servicios,Ubicación del Vehículo,,
NissanConnect Finder,Kicks e-Power,2027,Advance,Paquetes,Servicios,Sígueme,,
NissanConnect Finder,Kicks e-Power,2027,Advance,Paquetes,Servicios,Navegación,,
NissanConnect Finder,Kicks e-Power,2027,Advance,Paquetes,Servicios,Notificaciones,,
NissanConnect Finder,Kicks e-Power,2027,Advance,Paquetes,Servicios,Histórico de Rutas,,
NissanConnect Finder,Kicks e-Power,2027,Advance,Paquetes,Servicios,Asistencia de Vehículo Robado ,,
NissanConnect Finder,Kicks e-Power,2027,Advance,Paquetes,Servicios,Alerta de Movimiento,,
NissanConnect Finder,Kicks e-Power,2027,Advance,Paquetes,Servicios,Alerta de Velocidad,,
NissanConnect Finder,Kicks e-Power,2027,Advance,Paquetes,Servicios,Alerta de Arrastre,,
NissanConnect Finder,Kicks e-Power,2027,Advance,Paquetes,Servicios,Alerta de Posible Emergencia Vial,,
NissanConnect Finder,Kicks e-Power,2027,Advance,Paquetes,Servicios,Conexión a Asistencia Vial Nissan,,
NissanConnect Finder,Kicks e-Power,2027,Advance,Paquetes,Servicios,Asistencia NissanConnect® Finder,,
NissanConnect Finder,Kicks e-Power,2027,Advance,Paquetes,Servicios,Liga a Página de Citas de Mantenimiento Vehicular,,
NissanConnect Finder,Kicks e-Power,2027,Advance,Manuales y Guías,Pocket Guide,Aprende a configurar y utilizar las funciones conectadas de tu Nissan.,,
NissanConnect Finder,Kicks e-Power,2027,Advance,Manuales y Guías,Quick Guide,Conoce algunos de los servicios que ofrece NissanConnect Finder y accede a un QR para descargar la App.,,
NissanConnect Services,Kicks e-Power,2023,Advance,Paquetes,Select,Bloqueo / desbloqueo remoto de puertas,,
NissanConnect Services,Kicks e-Power,2023,Advance,Paquetes,Select,Alerta de mantenimiento,,
NissanConnect Services,Kicks e-Power,2023,Advance,Paquetes,Select,Notificación Mantenimiento Preventivo,,
NissanConnect Services,Kicks e-Power,2023,Advance,Paquetes,Select,Actualizaciones Over-The-Air,,
NissanConnect Services,Kicks e-Power,2023,Advance,Paquetes,Select,Llamada de asistencia desde la App,,
NissanConnect Services,Kicks e-Power,2023,Advance,Paquetes,Seguridad,Notificación automática de colisión (ACN),,
NissanConnect Services,Kicks e-Power,2023,Advance,Paquetes,Seguridad,Llamada de emergencia,,
NissanConnect Services,Kicks e-Power,2023,Advance,Paquetes,Seguridad,Conexión con asistencia vial,,
NissanConnect Services,Kicks e-Power,2023,Advance,Paquetes,Seguridad,Notificación de alarma,,
NissanConnect Services,Kicks e-Power,2023,Advance,Paquetes,Seguridad,Geocercas,,
NissanConnect Services,Kicks e-Power,2023,Advance,Paquetes,Seguridad,Alerta de Valet,,
NissanConnect Services,Kicks e-Power,2023,Advance,Paquetes,Seguridad,Alerta de velocidad,,
NissanConnect Services,Kicks e-Power,2023,Advance,Paquetes,Seguridad,Alerta de movimiento programado,,
NissanConnect Services,Kicks e-Power,2023,Advance,Paquetes,Seguridad,Asistencia de Vehículo Robado,,
NissanConnect Services,Kicks e-Power,2023,Advance,Paquetes,Conveniencia,Arranque/ Apagado remoto de motor,,
NissanConnect Services,Kicks e-Power,2023,Advance,Paquetes,Conveniencia,Luces destelladas y bocina remoto,,
NissanConnect Services,Kicks e-Power,2023,Advance,Paquetes,Conveniencia,Localizar mi vehículo,,
NissanConnect Services,Kicks e-Power,2023,Advance,Paquetes,Conveniencia,Estado remoto de mi vehículo,,
NissanConnect Services,Kicks e-Power,2023,Advance,Paquetes,Conveniencia,Borrado remoto de datos,,
NissanConnect Services,Kicks e-Power,2023,Advance,Paquetes,Conveniencia,Nissan Concierge,,
NissanConnect Services,Kicks e-Power,2023,Advance,Paquetes,Premium,Paquetes de Seguridad + Conveniencia + Select,,
NissanConnect Services,Kicks e-Power,2023,Advance,Paquetes,Wi-Fi,Wi-Fi HotSpot,,
NissanConnect Services,Kicks e-Power,2023,Exclusive,Paquetes,Select,Bloqueo / desbloqueo remoto de puertas,,
NissanConnect Services,Kicks e-Power,2023,Exclusive,Paquetes,Select,Alerta de mantenimiento,,
NissanConnect Services,Kicks e-Power,2023,Exclusive,Paquetes,Select,Notificación Mantenimiento Preventivo,,
NissanConnect Services,Kicks e-Power,2023,Exclusive,Paquetes,Select,Actualizaciones Over-The-Air,,
NissanConnect Services,Kicks e-Power,2023,Exclusive,Paquetes,Select,Llamada de asistencia desde la App,,
NissanConnect Services,Kicks e-Power,2023,Exclusive,Paquetes,Seguridad,Notificación automática de colisión (ACN),,
NissanConnect Services,Kicks e-Power,2023,Exclusive,Paquetes,Seguridad,Llamada de emergencia,,
NissanConnect Services,Kicks e-Power,2023,Exclusive,Paquetes,Seguridad,Conexión con asistencia vial,,
NissanConnect Services,Kicks e-Power,2023,Exclusive,Paquetes,Seguridad,Notificación de alarma,,
NissanConnect Services,Kicks e-Power,2023,Exclusive,Paquetes,Seguridad,Geocercas,,
NissanConnect Services,Kicks e-Power,2023,Exclusive,Paquetes,Seguridad,Alerta de Valet,,
NissanConnect Services,Kicks e-Power,2023,Exclusive,Paquetes,Seguridad,Alerta de velocidad,,
NissanConnect Services,Kicks e-Power,2023,Exclusive,Paquetes,Seguridad,Alerta de movimiento programado,,
NissanConnect Services,Kicks e-Power,2023,Exclusive,Paquetes,Seguridad,Asistencia de Vehículo Robado,,
NissanConnect Services,Kicks e-Power,2023,Exclusive,Paquetes,Conveniencia,Arranque/ Apagado remoto de motor,,
NissanConnect Services,Kicks e-Power,2023,Exclusive,Paquetes,Conveniencia,Luces destelladas y bocina remoto,,
NissanConnect Services,Kicks e-Power,2023,Exclusive,Paquetes,Conveniencia,Localizar mi vehículo,,
NissanConnect Services,Kicks e-Power,2023,Exclusive,Paquetes,Conveniencia,Estado remoto de mi vehículo,,
NissanConnect Services,Kicks e-Power,2023,Exclusive,Paquetes,Conveniencia,Borrado remoto de datos,,
NissanConnect Services,Kicks e-Power,2023,Exclusive,Paquetes,Conveniencia,Nissan Concierge,,
NissanConnect Services,Kicks e-Power,2023,Exclusive,Paquetes,Premium,Paquetes de Seguridad + Conveniencia + Select,,
NissanConnect Services,Kicks e-Power,2023,Exclusive,Paquetes,Wi-Fi,Wi-Fi HotSpot,,
NissanConnect Services,Kicks e-Power,2023,Platinum,Paquetes,Select,Bloqueo / desbloqueo remoto de puertas,,
NissanConnect Services,Kicks e-Power,2023,Platinum,Paquetes,Select,Alerta de mantenimiento,,
NissanConnect Services,Kicks e-Power,2023,Platinum,Paquetes,Select,Notificación Mantenimiento Preventivo,,
NissanConnect Services,Kicks e-Power,2023,Platinum,Paquetes,Select,Actualizaciones Over-The-Air,,
NissanConnect Services,Kicks e-Power,2023,Platinum,Paquetes,Select,Llamada de asistencia desde la App,,
NissanConnect Services,Kicks e-Power,2023,Platinum,Paquetes,Seguridad,Notificación automática de colisión (ACN),,
NissanConnect Services,Kicks e-Power,2023,Platinum,Paquetes,Seguridad,Llamada de emergencia,,
NissanConnect Services,Kicks e-Power,2023,Platinum,Paquetes,Seguridad,Conexión con asistencia vial,,
NissanConnect Services,Kicks e-Power,2023,Platinum,Paquetes,Seguridad,Notificación de alarma,,
NissanConnect Services,Kicks e-Power,2023,Platinum,Paquetes,Seguridad,Geocercas,,
NissanConnect Services,Kicks e-Power,2023,Platinum,Paquetes,Seguridad,Alerta de Valet,,
NissanConnect Services,Kicks e-Power,2023,Platinum,Paquetes,Seguridad,Alerta de velocidad,,
NissanConnect Services,Kicks e-Power,2023,Platinum,Paquetes,Seguridad,Alerta de movimiento programado,,
NissanConnect Services,Kicks e-Power,2023,Platinum,Paquetes,Seguridad,Asistencia de Vehículo Robado,,
NissanConnect Services,Kicks e-Power,2023,Platinum,Paquetes,Conveniencia,Arranque/ Apagado remoto de motor,,
NissanConnect Services,Kicks e-Power,2023,Platinum,Paquetes,Conveniencia,Luces destelladas y bocina remoto,,
NissanConnect Services,Kicks e-Power,2023,Platinum,Paquetes,Conveniencia,Localizar mi vehículo,,
NissanConnect Services,Kicks e-Power,2023,Platinum,Paquetes,Conveniencia,Estado remoto de mi vehículo,,
NissanConnect Services,Kicks e-Power,2023,Platinum,Paquetes,Conveniencia,Borrado remoto de datos,,
NissanConnect Services,Kicks e-Power,2023,Platinum,Paquetes,Conveniencia,Nissan Concierge,,
NissanConnect Services,Kicks e-Power,2023,Platinum,Paquetes,Premium,Paquetes de Seguridad + Conveniencia + Select,,
NissanConnect Services,Kicks e-Power,2023,Platinum,Paquetes,Wi-Fi,Wi-Fi HotSpot,,
NissanConnect Services,Kicks e-Power,2024,Advance,Paquetes,Select,Bloqueo / desbloqueo remoto de puertas,,
NissanConnect Services,Kicks e-Power,2024,Advance,Paquetes,Select,Alerta de mantenimiento,,
NissanConnect Services,Kicks e-Power,2024,Advance,Paquetes,Select,Notificación Mantenimiento Preventivo,,
NissanConnect Services,Kicks e-Power,2024,Advance,Paquetes,Select,Actualizaciones Over-The-Air,,
NissanConnect Services,Kicks e-Power,2024,Advance,Paquetes,Select,Llamada de asistencia desde la App,,
NissanConnect Services,Kicks e-Power,2024,Advance,Paquetes,Seguridad,Notificación automática de colisión (ACN),,
NissanConnect Services,Kicks e-Power,2024,Advance,Paquetes,Seguridad,Llamada de emergencia,,
NissanConnect Services,Kicks e-Power,2024,Advance,Paquetes,Seguridad,Conexión con asistencia vial,,
NissanConnect Services,Kicks e-Power,2024,Advance,Paquetes,Seguridad,Notificación de alarma,,
NissanConnect Services,Kicks e-Power,2024,Advance,Paquetes,Seguridad,Geocercas,,
NissanConnect Services,Kicks e-Power,2024,Advance,Paquetes,Seguridad,Alerta de Valet,,
NissanConnect Services,Kicks e-Power,2024,Advance,Paquetes,Seguridad,Alerta de velocidad,,
NissanConnect Services,Kicks e-Power,2024,Advance,Paquetes,Seguridad,Alerta de movimiento programado,,
NissanConnect Services,Kicks e-Power,2024,Advance,Paquetes,Seguridad,Asistencia de Vehículo Robado,,
NissanConnect Services,Kicks e-Power,2024,Advance,Paquetes,Conveniencia,Arranque/ Apagado remoto de motor,,
NissanConnect Services,Kicks e-Power,2024,Advance,Paquetes,Conveniencia,Luces destelladas y bocina remoto,,
NissanConnect Services,Kicks e-Power,2024,Advance,Paquetes,Conveniencia,Localizar mi vehículo,,
NissanConnect Services,Kicks e-Power,2024,Advance,Paquetes,Conveniencia,Estado remoto de mi vehículo,,
NissanConnect Services,Kicks e-Power,2024,Advance,Paquetes,Conveniencia,Borrado remoto de datos,,
NissanConnect Services,Kicks e-Power,2024,Advance,Paquetes,Conveniencia,Nissan Concierge,,
NissanConnect Services,Kicks e-Power,2024,Advance,Paquetes,Premium,Paquetes de Seguridad + Conveniencia + Select,,
NissanConnect Services,Kicks e-Power,2024,Advance,Paquetes,Wi-Fi,Wi-Fi HotSpot,,
NissanConnect Services,Kicks e-Power,2024,Exclusive,Paquetes,Select,Bloqueo / desbloqueo remoto de puertas,,
NissanConnect Services,Kicks e-Power,2024,Exclusive,Paquetes,Select,Alerta de mantenimiento,,
NissanConnect Services,Kicks e-Power,2024,Exclusive,Paquetes,Select,Notificación Mantenimiento Preventivo,,
NissanConnect Services,Kicks e-Power,2024,Exclusive,Paquetes,Select,Actualizaciones Over-The-Air,,
NissanConnect Services,Kicks e-Power,2024,Exclusive,Paquetes,Select,Llamada de asistencia desde la App,,
NissanConnect Services,Kicks e-Power,2024,Exclusive,Paquetes,Seguridad,Notificación automática de colisión (ACN),,
NissanConnect Services,Kicks e-Power,2024,Exclusive,Paquetes,Seguridad,Llamada de emergencia,,
NissanConnect Services,Kicks e-Power,2024,Exclusive,Paquetes,Seguridad,Conexión con asistencia vial,,
NissanConnect Services,Kicks e-Power,2024,Exclusive,Paquetes,Seguridad,Notificación de alarma,,
NissanConnect Services,Kicks e-Power,2024,Exclusive,Paquetes,Seguridad,Geocercas,,
NissanConnect Services,Kicks e-Power,2024,Exclusive,Paquetes,Seguridad,Alerta de Valet,,
NissanConnect Services,Kicks e-Power,2024,Exclusive,Paquetes,Seguridad,Alerta de velocidad,,
NissanConnect Services,Kicks e-Power,2024,Exclusive,Paquetes,Seguridad,Alerta de movimiento programado,,
NissanConnect Services,Kicks e-Power,2024,Exclusive,Paquetes,Seguridad,Asistencia de Vehículo Robado,,
NissanConnect Services,Kicks e-Power,2024,Exclusive,Paquetes,Conveniencia,Arranque/ Apagado remoto de motor,,
NissanConnect Services,Kicks e-Power,2024,Exclusive,Paquetes,Conveniencia,Luces destelladas y bocina remoto,,
NissanConnect Services,Kicks e-Power,2024,Exclusive,Paquetes,Conveniencia,Localizar mi vehículo,,
NissanConnect Services,Kicks e-Power,2024,Exclusive,Paquetes,Conveniencia,Estado remoto de mi vehículo,,
NissanConnect Services,Kicks e-Power,2024,Exclusive,Paquetes,Conveniencia,Borrado remoto de datos,,
NissanConnect Services,Kicks e-Power,2024,Exclusive,Paquetes,Conveniencia,Nissan Concierge,,
NissanConnect Services,Kicks e-Power,2024,Exclusive,Paquetes,Premium,Paquetes de Seguridad + Conveniencia + Select,,
NissanConnect Services,Kicks e-Power,2024,Exclusive,Paquetes,Wi-Fi,Wi-Fi HotSpot,,
NissanConnect Services,Kicks e-Power,2024,Platinum,Paquetes,Select,Bloqueo / desbloqueo remoto de puertas,,
NissanConnect Services,Kicks e-Power,2024,Platinum,Paquetes,Select,Alerta de mantenimiento,,
NissanConnect Services,Kicks e-Power,2024,Platinum,Paquetes,Select,Notificación Mantenimiento Preventivo,,
NissanConnect Services,Kicks e-Power,2024,Platinum,Paquetes,Select,Actualizaciones Over-The-Air,,
NissanConnect Services,Kicks e-Power,2024,Platinum,Paquetes,Select,Llamada de asistencia desde la App,,
NissanConnect Services,Kicks e-Power,2024,Platinum,Paquetes,Seguridad,Notificación automática de colisión (ACN),,
NissanConnect Services,Kicks e-Power,2024,Platinum,Paquetes,Seguridad,Llamada de emergencia,,
NissanConnect Services,Kicks e-Power,2024,Platinum,Paquetes,Seguridad,Conexión con asistencia vial,,
NissanConnect Services,Kicks e-Power,2024,Platinum,Paquetes,Seguridad,Notificación de alarma,,
NissanConnect Services,Kicks e-Power,2024,Platinum,Paquetes,Seguridad,Geocercas,,
NissanConnect Services,Kicks e-Power,2024,Platinum,Paquetes,Seguridad,Alerta de Valet,,
NissanConnect Services,Kicks e-Power,2024,Platinum,Paquetes,Seguridad,Alerta de velocidad,,
NissanConnect Services,Kicks e-Power,2024,Platinum,Paquetes,Seguridad,Alerta de movimiento programado,,
NissanConnect Services,Kicks e-Power,2024,Platinum,Paquetes,Seguridad,Asistencia de Vehículo Robado,,
NissanConnect Services,Kicks e-Power,2024,Platinum,Paquetes,Conveniencia,Arranque/ Apagado remoto de motor,,
NissanConnect Services,Kicks e-Power,2024,Platinum,Paquetes,Conveniencia,Luces destelladas y bocina remoto,,
NissanConnect Services,Kicks e-Power,2024,Platinum,Paquetes,Conveniencia,Localizar mi vehículo,,
NissanConnect Services,Kicks e-Power,2024,Platinum,Paquetes,Conveniencia,Estado remoto de mi vehículo,,
NissanConnect Services,Kicks e-Power,2024,Platinum,Paquetes,Conveniencia,Borrado remoto de datos,,
NissanConnect Services,Kicks e-Power,2024,Platinum,Paquetes,Conveniencia,Nissan Concierge,,
NissanConnect Services,Kicks e-Power,2024,Platinum,Paquetes,Premium,Paquetes de Seguridad + Conveniencia + Select,,
NissanConnect Services,Kicks e-Power,2024,Platinum,Paquetes,Wi-Fi,Wi-Fi HotSpot,,
NissanConnect Services,Kicks e-Power,2027,Exclusive,Paquetes,Select,Bloqueo / desbloqueo remoto de puertas,,
NissanConnect Services,Kicks e-Power,2027,Exclusive,Paquetes,Select,Alerta de mantenimiento,,
NissanConnect Services,Kicks e-Power,2027,Exclusive,Paquetes,Select,Notificación Mantenimiento Preventivo,,
NissanConnect Services,Kicks e-Power,2027,Exclusive,Paquetes,Select,Mensaje enviado al vehículo,,
NissanConnect Services,Kicks e-Power,2027,Exclusive,Paquetes,Select,Actualizaciones Over-The-Air,,
NissanConnect Services,Kicks e-Power,2027,Exclusive,Paquetes,Select,Llamada de asistencia desde la App,,
NissanConnect Services,Kicks e-Power,2027,Exclusive,Paquetes,Select,Conductor adicional,,
NissanConnect Services,Kicks e-Power,2027,Exclusive,Paquetes,Select,Recordatorio de bloqueo,,
NissanConnect Services,Kicks e-Power,2027,Exclusive,Paquetes,Select,Radio híbrido,,
NissanConnect Services,Kicks e-Power,2027,Exclusive,Paquetes,Seguridad,Notificación automática de colisión (ACN),,
NissanConnect Services,Kicks e-Power,2027,Exclusive,Paquetes,Seguridad,Llamada de emergencia,,
NissanConnect Services,Kicks e-Power,2027,Exclusive,Paquetes,Seguridad,Conexión con asistencia vial,,
NissanConnect Services,Kicks e-Power,2027,Exclusive,Paquetes,Seguridad,Notificación de alarma,,
NissanConnect Services,Kicks e-Power,2027,Exclusive,Paquetes,Seguridad,Geocercas,,
NissanConnect Services,Kicks e-Power,2027,Exclusive,Paquetes,Seguridad,Alerta de Valet,,
NissanConnect Services,Kicks e-Power,2027,Exclusive,Paquetes,Seguridad,Alerta de velocidad,,
NissanConnect Services,Kicks e-Power,2027,Exclusive,Paquetes,Seguridad,Alerta de movimiento programado,,
NissanConnect Services,Kicks e-Power,2027,Exclusive,Paquetes,Seguridad,Asistencia de Vehículo Robado,,
NissanConnect Services,Kicks e-Power,2027,Exclusive,Paquetes,Seguridad,Alerta de Arrastre,,
NissanConnect Services,Kicks e-Power,2027,Exclusive,Paquetes,Conveniencia,Arranque/ Apagado remoto de motor,,
NissanConnect Services,Kicks e-Power,2027,Exclusive,Paquetes,Conveniencia,Luces destelladas y bocina remoto,,
NissanConnect Services,Kicks e-Power,2027,Exclusive,Paquetes,Conveniencia,Localizar mi vehículo,,
NissanConnect Services,Kicks e-Power,2027,Exclusive,Paquetes,Conveniencia,Estado remoto de mi vehículo,,
NissanConnect Services,Kicks e-Power,2027,Exclusive,Paquetes,Conveniencia,Borrado remoto de datos,,
NissanConnect Services,Kicks e-Power,2027,Exclusive,Paquetes,Conveniencia,Nissan Concierge,,
NissanConnect Services,Kicks e-Power,2027,Exclusive,Paquetes,Conveniencia,Control de clima remoto,,
NissanConnect Services,Kicks e-Power,2027,Exclusive,Paquetes,Premium,Paquetes de Seguridad + Conveniencia + Select,,
NissanConnect Services,Kicks e-Power,2027,Exclusive,Paquetes,Wi-Fi,Wi-Fi HotSpot,,
NissanConnect Services,Kicks e-Power,2027,Exclusive,Manuales y Guías,Pocket Guide,Aprende a configurar y utilizar las funciones conectadas de tu Nissan.,,
NissanConnect Services,Kicks e-Power,2027,Exclusive,Manuales y Guías,Quick Guide,Conoce algunos de los servicios que ofrece NissanConnect Services y accede a un QR para descargar la App.,,
NissanConnect Services,Kicks e-Power,2027,Exclusive,Manuales y Guías,Activación de cuenta,Descubre cómo activar tu cuenta de NissanConnect Services,,
NissanConnect Services,Kicks e-Power,2027,Exclusive,Manuales y Guías,Activación de Wi-Fi ,Descubre cómo activar la prueba gratuita de Wi-Fi Hot Spot incluida en tu Nissan ,,
NissanConnect Services,Kicks e-Power,2027,Platinum,Paquetes,Select,Bloqueo / desbloqueo remoto de puertas,,
NissanConnect Services,Kicks e-Power,2027,Platinum,Paquetes,Select,Alerta de mantenimiento,,
NissanConnect Services,Kicks e-Power,2027,Platinum,Paquetes,Select,Notificación Mantenimiento Preventivo,,
NissanConnect Services,Kicks e-Power,2027,Platinum,Paquetes,Select,Mensaje enviado al vehículo,,
NissanConnect Services,Kicks e-Power,2027,Platinum,Paquetes,Select,Actualizaciones Over-The-Air,,
NissanConnect Services,Kicks e-Power,2027,Platinum,Paquetes,Select,Llamada de asistencia desde la App,,
NissanConnect Services,Kicks e-Power,2027,Platinum,Paquetes,Select,Conductor adicional,,
NissanConnect Services,Kicks e-Power,2027,Platinum,Paquetes,Select,Recordatorio de bloqueo,,
NissanConnect Services,Kicks e-Power,2027,Platinum,Paquetes,Select,Radio híbrido,,
NissanConnect Services,Kicks e-Power,2027,Platinum,Paquetes,Seguridad,Notificación automática de colisión (ACN),,
NissanConnect Services,Kicks e-Power,2027,Platinum,Paquetes,Seguridad,Llamada de emergencia,,
NissanConnect Services,Kicks e-Power,2027,Platinum,Paquetes,Seguridad,Conexión con asistencia vial,,
NissanConnect Services,Kicks e-Power,2027,Platinum,Paquetes,Seguridad,Notificación de alarma,,
NissanConnect Services,Kicks e-Power,2027,Platinum,Paquetes,Seguridad,Geocercas,,
NissanConnect Services,Kicks e-Power,2027,Platinum,Paquetes,Seguridad,Alerta de Valet,,
NissanConnect Services,Kicks e-Power,2027,Platinum,Paquetes,Seguridad,Alerta de velocidad,,
NissanConnect Services,Kicks e-Power,2027,Platinum,Paquetes,Seguridad,Alerta de movimiento programado,,
NissanConnect Services,Kicks e-Power,2027,Platinum,Paquetes,Seguridad,Asistencia de Vehículo Robado,,
NissanConnect Services,Kicks e-Power,2027,Platinum,Paquetes,Seguridad,Alerta de Arrastre,,
NissanConnect Services,Kicks e-Power,2027,Platinum,Paquetes,Conveniencia,Arranque/ Apagado remoto de motor,,
NissanConnect Services,Kicks e-Power,2027,Platinum,Paquetes,Conveniencia,Luces destelladas y bocina remoto,,
NissanConnect Services,Kicks e-Power,2027,Platinum,Paquetes,Conveniencia,Localizar mi vehículo,,
NissanConnect Services,Kicks e-Power,2027,Platinum,Paquetes,Conveniencia,Estado remoto de mi vehículo,,
NissanConnect Services,Kicks e-Power,2027,Platinum,Paquetes,Conveniencia,Borrado remoto de datos,,
NissanConnect Services,Kicks e-Power,2027,Platinum,Paquetes,Conveniencia,Nissan Concierge,,
NissanConnect Services,Kicks e-Power,2027,Platinum,Paquetes,Conveniencia,Control de clima remoto,,
NissanConnect Services,Kicks e-Power,2027,Platinum,Paquetes,Premium,Paquetes de Seguridad + Conveniencia + Select,,
NissanConnect Services,Kicks e-Power,2027,Platinum,Paquetes,Wi-Fi,Wi-Fi HotSpot,,
NissanConnect Services,Kicks e-Power,2027,Platinum,Manuales y Guías,Pocket Guide,Aprende a configurar y utilizar las funciones conectadas de tu Nissan.,,
NissanConnect Services,Kicks e-Power,2027,Platinum,Manuales y Guías,Quick Guide,Conoce algunos de los servicios que ofrece NissanConnect Services y accede a un QR para descargar la App.,,
NissanConnect Services,Kicks e-Power,2027,Platinum,Manuales y Guías,Activación de cuenta,Descubre cómo activar tu cuenta de NissanConnect Services,,
NissanConnect Services,Kicks e-Power,2027,Platinum,Manuales y Guías,Activación de Wi-Fi ,Descubre cómo activar la prueba gratuita de Wi-Fi Hot Spot incluida en tu Nissan ,,
NissanConnect Finder,Kicks Play,2025,Advance,Paquetes,Servicios,Localización en tiempo real,,
NissanConnect Finder,Kicks Play,2025,Advance,Paquetes,Servicios,Activación de bocina,,
NissanConnect Finder,Kicks Play,2025,Advance,Paquetes,Servicios,Geocercas,,
NissanConnect Finder,Kicks Play,2025,Advance,Paquetes,Servicios,Ubicación del Vehículo,,
NissanConnect Finder,Kicks Play,2025,Advance,Paquetes,Servicios,Sígueme,,
NissanConnect Finder,Kicks Play,2025,Advance,Paquetes,Servicios,Navegación,,
NissanConnect Finder,Kicks Play,2025,Advance,Paquetes,Servicios,Notificaciones,,
NissanConnect Finder,Kicks Play,2025,Advance,Paquetes,Servicios,Histórico de Rutas,,
NissanConnect Finder,Kicks Play,2025,Advance,Paquetes,Servicios,Asistencia de Vehículo Robado ,,
NissanConnect Finder,Kicks Play,2025,Advance,Paquetes,Servicios,Alerta de Movimiento,,
NissanConnect Finder,Kicks Play,2025,Advance,Paquetes,Servicios,Alerta de Velocidad,,
NissanConnect Finder,Kicks Play,2025,Advance,Paquetes,Servicios,Alerta de Arrastre,,
NissanConnect Finder,Kicks Play,2025,Advance,Paquetes,Servicios,Alerta de Posible Emergencia Vial,,
NissanConnect Finder,Kicks Play,2025,Advance,Paquetes,Servicios,Conexión a Asistencia Vial Nissan,,
NissanConnect Finder,Kicks Play,2025,Advance,Paquetes,Servicios,Asistencia NissanConnect® Finder,,
NissanConnect Finder,Kicks Play,2025,Advance,Paquetes,Servicios,Liga a Página de Citas de Mantenimiento Vehicular,,
NissanConnect Finder,Kicks Play,2025,Advance,Manuales y Guías,Pocket Guide,Aprende a configurar y utilizar las funciones conectadas de tu Nissan.,,
NissanConnect Finder,Kicks Play,2025,Advance,Manuales y Guías,Quick Guide,Conoce algunos de los servicios que ofrece NissanConnect Finder y accede a un QR para descargar la App.,,
NissanConnect Services,Kicks Play e-Power,2025,Advance,Paquetes,Select,Bloqueo / desbloqueo remoto de puertas,,https://www.nissan.com.mx/content/dam/Nissan/mexico/assets/duenos_nissan/nissan-connect/kicks_play_e-power/nissan-2025-kicks-play-e-power-v1.jpeg
NissanConnect Services,Kicks Play e-Power,2025,Advance,Paquetes,Select,Alerta de mantenimiento,,https://www.nissan.com.mx/content/dam/Nissan/mexico/assets/duenos_nissan/nissan-connect/kicks_play_e-power/nissan-2025-kicks-play-e-power-v1.jpeg
NissanConnect Services,Kicks Play e-Power,2025,Advance,Paquetes,Select,Notificación Mantenimiento Preventivo,,https://www.nissan.com.mx/content/dam/Nissan/mexico/assets/duenos_nissan/nissan-connect/kicks_play_e-power/nissan-2025-kicks-play-e-power-v1.jpeg
NissanConnect Services,Kicks Play e-Power,2025,Advance,Paquetes,Select,Actualizaciones Over-The-Air,,https://www.nissan.com.mx/content/dam/Nissan/mexico/assets/duenos_nissan/nissan-connect/kicks_play_e-power/nissan-2025-kicks-play-e-power-v1.jpeg
NissanConnect Services,Kicks Play e-Power,2025,Advance,Paquetes,Select,Llamada de asistencia desde la App,,https://www.nissan.com.mx/content/dam/Nissan/mexico/assets/duenos_nissan/nissan-connect/kicks_play_e-power/nissan-2025-kicks-play-e-power-v1.jpeg
NissanConnect Services,Kicks Play e-Power,2025,Advance,Paquetes,Seguridad,Notificación automática de colisión (ACN),,https://www.nissan.com.mx/content/dam/Nissan/mexico/assets/duenos_nissan/nissan-connect/kicks_play_e-power/nissan-2025-kicks-play-e-power-v1.jpeg
NissanConnect Services,Kicks Play e-Power,2025,Advance,Paquetes,Seguridad,Llamada de emergencia,,https://www.nissan.com.mx/content/dam/Nissan/mexico/assets/duenos_nissan/nissan-connect/kicks_play_e-power/nissan-2025-kicks-play-e-power-v1.jpeg
NissanConnect Services,Kicks Play e-Power,2025,Advance,Paquetes,Seguridad,Conexión con asistencia vial,,https://www.nissan.com.mx/content/dam/Nissan/mexico/assets/duenos_nissan/nissan-connect/kicks_play_e-power/nissan-2025-kicks-play-e-power-v1.jpeg
NissanConnect Services,Kicks Play e-Power,2025,Advance,Paquetes,Seguridad,Notificación de alarma,,https://www.nissan.com.mx/content/dam/Nissan/mexico/assets/duenos_nissan/nissan-connect/kicks_play_e-power/nissan-2025-kicks-play-e-power-v1.jpeg
NissanConnect Services,Kicks Play e-Power,2025,Advance,Paquetes,Seguridad,Geocercas,,https://www.nissan.com.mx/content/dam/Nissan/mexico/assets/duenos_nissan/nissan-connect/kicks_play_e-power/nissan-2025-kicks-play-e-power-v1.jpeg
NissanConnect Services,Kicks Play e-Power,2025,Advance,Paquetes,Seguridad,Alerta de Valet,,https://www.nissan.com.mx/content/dam/Nissan/mexico/assets/duenos_nissan/nissan-connect/kicks_play_e-power/nissan-2025-kicks-play-e-power-v1.jpeg
NissanConnect Services,Kicks Play e-Power,2025,Advance,Paquetes,Seguridad,Alerta de velocidad,,https://www.nissan.com.mx/content/dam/Nissan/mexico/assets/duenos_nissan/nissan-connect/kicks_play_e-power/nissan-2025-kicks-play-e-power-v1.jpeg
NissanConnect Services,Kicks Play e-Power,2025,Advance,Paquetes,Seguridad,Alerta de movimiento programado,,https://www.nissan.com.mx/content/dam/Nissan/mexico/assets/duenos_nissan/nissan-connect/kicks_play_e-power/nissan-2025-kicks-play-e-power-v1.jpeg
NissanConnect Services,Kicks Play e-Power,2025,Advance,Paquetes,Seguridad,Asistencia de Vehículo Robado,,https://www.nissan.com.mx/content/dam/Nissan/mexico/assets/duenos_nissan/nissan-connect/kicks_play_e-power/nissan-2025-kicks-play-e-power-v1.jpeg
NissanConnect Services,Kicks Play e-Power,2025,Advance,Paquetes,Conveniencia,Arranque/ Apagado remoto de motor,,https://www.nissan.com.mx/content/dam/Nissan/mexico/assets/duenos_nissan/nissan-connect/kicks_play_e-power/nissan-2025-kicks-play-e-power-v1.jpeg
NissanConnect Services,Kicks Play e-Power,2025,Advance,Paquetes,Conveniencia,Luces destelladas y bocina remoto,,https://www.nissan.com.mx/content/dam/Nissan/mexico/assets/duenos_nissan/nissan-connect/kicks_play_e-power/nissan-2025-kicks-play-e-power-v1.jpeg
NissanConnect Services,Kicks Play e-Power,2025,Advance,Paquetes,Conveniencia,Localizar mi vehículo,,https://www.nissan.com.mx/content/dam/Nissan/mexico/assets/duenos_nissan/nissan-connect/kicks_play_e-power/nissan-2025-kicks-play-e-power-v1.jpeg
NissanConnect Services,Kicks Play e-Power,2025,Advance,Paquetes,Conveniencia,Estado remoto de mi vehículo,,https://www.nissan.com.mx/content/dam/Nissan/mexico/assets/duenos_nissan/nissan-connect/kicks_play_e-power/nissan-2025-kicks-play-e-power-v1.jpeg
NissanConnect Services,Kicks Play e-Power,2025,Advance,Paquetes,Conveniencia,Borrado remoto de datos,,https://www.nissan.com.mx/content/dam/Nissan/mexico/assets/duenos_nissan/nissan-connect/kicks_play_e-power/nissan-2025-kicks-play-e-power-v1.jpeg
NissanConnect Services,Kicks Play e-Power,2025,Advance,Paquetes,Conveniencia,Nissan Concierge,,https://www.nissan.com.mx/content/dam/Nissan/mexico/assets/duenos_nissan/nissan-connect/kicks_play_e-power/nissan-2025-kicks-play-e-power-v1.jpeg
NissanConnect Services,Kicks Play e-Power,2025,Advance,Paquetes,Premium,Paquetes de Seguridad + Conveniencia + Select,,https://www.nissan.com.mx/content/dam/Nissan/mexico/assets/duenos_nissan/nissan-connect/kicks_play_e-power/nissan-2025-kicks-play-e-power-v1.jpeg
NissanConnect Services,Kicks Play e-Power,2025,Advance,Paquetes,Wi-Fi,Wi-Fi HotSpot,,https://www.nissan.com.mx/content/dam/Nissan/mexico/assets/duenos_nissan/nissan-connect/kicks_play_e-power/nissan-2025-kicks-play-e-power-v1.jpeg
NissanConnect Services,Kicks Play e-Power,2025,Advance,Manuales y Guías,Pocket Guide,Aprende a configurar y utilizar las funciones conectadas de tu Nissan.,,
NissanConnect Services,Kicks Play e-Power,2025,Advance,Manuales y Guías,Quick Guide,Conoce algunos de los servicios que ofrece NissanConnect Services y accede a un QR para descargar la App.,,
NissanConnect Services,Kicks Play e-Power,2025,Advance,Manuales y Guías,Activación de cuenta,Descubre cómo activar tu cuenta de NissanConnect Services,,
NissanConnect Services,Kicks Play e-Power,2025,Advance,Manuales y Guías,Activación de Wi-Fi ,Descubre cómo activar la prueba gratuita de Wi-Fi Hot Spot incluida en tu Nissan ,,
NissanConnect Services,Kicks Play e-Power,2025,Exclusive,Paquetes,Select,Bloqueo / desbloqueo remoto de puertas,,https://www.nissan.com.mx/content/dam/Nissan/mexico/assets/duenos_nissan/nissan-connect/kicks_play_e-power/nissan-2025-kicks-play-e-power-v1.jpeg
NissanConnect Services,Kicks Play e-Power,2025,Exclusive,Paquetes,Select,Alerta de mantenimiento,,https://www.nissan.com.mx/content/dam/Nissan/mexico/assets/duenos_nissan/nissan-connect/kicks_play_e-power/nissan-2025-kicks-play-e-power-v1.jpeg
NissanConnect Services,Kicks Play e-Power,2025,Exclusive,Paquetes,Select,Notificación Mantenimiento Preventivo,,https://www.nissan.com.mx/content/dam/Nissan/mexico/assets/duenos_nissan/nissan-connect/kicks_play_e-power/nissan-2025-kicks-play-e-power-v1.jpeg
NissanConnect Services,Kicks Play e-Power,2025,Exclusive,Paquetes,Select,Actualizaciones Over-The-Air,,https://www.nissan.com.mx/content/dam/Nissan/mexico/assets/duenos_nissan/nissan-connect/kicks_play_e-power/nissan-2025-kicks-play-e-power-v1.jpeg
NissanConnect Services,Kicks Play e-Power,2025,Exclusive,Paquetes,Select,Llamada de asistencia desde la App,,https://www.nissan.com.mx/content/dam/Nissan/mexico/assets/duenos_nissan/nissan-connect/kicks_play_e-power/nissan-2025-kicks-play-e-power-v1.jpeg
NissanConnect Services,Kicks Play e-Power,2025,Exclusive,Paquetes,Seguridad,Notificación automática de colisión (ACN),,https://www.nissan.com.mx/content/dam/Nissan/mexico/assets/duenos_nissan/nissan-connect/kicks_play_e-power/nissan-2025-kicks-play-e-power-v1.jpeg
NissanConnect Services,Kicks Play e-Power,2025,Exclusive,Paquetes,Seguridad,Llamada de emergencia,,https://www.nissan.com.mx/content/dam/Nissan/mexico/assets/duenos_nissan/nissan-connect/kicks_play_e-power/nissan-2025-kicks-play-e-power-v1.jpeg
NissanConnect Services,Kicks Play e-Power,2025,Exclusive,Paquetes,Seguridad,Conexión con asistencia vial,,https://www.nissan.com.mx/content/dam/Nissan/mexico/assets/duenos_nissan/nissan-connect/kicks_play_e-power/nissan-2025-kicks-play-e-power-v1.jpeg
NissanConnect Services,Kicks Play e-Power,2025,Exclusive,Paquetes,Seguridad,Notificación de alarma,,https://www.nissan.com.mx/content/dam/Nissan/mexico/assets/duenos_nissan/nissan-connect/kicks_play_e-power/nissan-2025-kicks-play-e-power-v1.jpeg
NissanConnect Services,Kicks Play e-Power,2025,Exclusive,Paquetes,Seguridad,Geocercas,,https://www.nissan.com.mx/content/dam/Nissan/mexico/assets/duenos_nissan/nissan-connect/kicks_play_e-power/nissan-2025-kicks-play-e-power-v1.jpeg
NissanConnect Services,Kicks Play e-Power,2025,Exclusive,Paquetes,Seguridad,Alerta de Valet,,https://www.nissan.com.mx/content/dam/Nissan/mexico/assets/duenos_nissan/nissan-connect/kicks_play_e-power/nissan-2025-kicks-play-e-power-v1.jpeg
NissanConnect Services,Kicks Play e-Power,2025,Exclusive,Paquetes,Seguridad,Alerta de velocidad,,https://www.nissan.com.mx/content/dam/Nissan/mexico/assets/duenos_nissan/nissan-connect/kicks_play_e-power/nissan-2025-kicks-play-e-power-v1.jpeg
NissanConnect Services,Kicks Play e-Power,2025,Exclusive,Paquetes,Seguridad,Alerta de movimiento programado,,https://www.nissan.com.mx/content/dam/Nissan/mexico/assets/duenos_nissan/nissan-connect/kicks_play_e-power/nissan-2025-kicks-play-e-power-v1.jpeg
NissanConnect Services,Kicks Play e-Power,2025,Exclusive,Paquetes,Seguridad,Asistencia de Vehículo Robado,,https://www.nissan.com.mx/content/dam/Nissan/mexico/assets/duenos_nissan/nissan-connect/kicks_play_e-power/nissan-2025-kicks-play-e-power-v1.jpeg
NissanConnect Services,Kicks Play e-Power,2025,Exclusive,Paquetes,Conveniencia,Arranque/ Apagado remoto de motor,,https://www.nissan.com.mx/content/dam/Nissan/mexico/assets/duenos_nissan/nissan-connect/kicks_play_e-power/nissan-2025-kicks-play-e-power-v1.jpeg
NissanConnect Services,Kicks Play e-Power,2025,Exclusive,Paquetes,Conveniencia,Luces destelladas y bocina remoto,,https://www.nissan.com.mx/content/dam/Nissan/mexico/assets/duenos_nissan/nissan-connect/kicks_play_e-power/nissan-2025-kicks-play-e-power-v1.jpeg
NissanConnect Services,Kicks Play e-Power,2025,Exclusive,Paquetes,Conveniencia,Localizar mi vehículo,,https://www.nissan.com.mx/content/dam/Nissan/mexico/assets/duenos_nissan/nissan-connect/kicks_play_e-power/nissan-2025-kicks-play-e-power-v1.jpeg
NissanConnect Services,Kicks Play e-Power,2025,Exclusive,Paquetes,Conveniencia,Estado remoto de mi vehículo,,https://www.nissan.com.mx/content/dam/Nissan/mexico/assets/duenos_nissan/nissan-connect/kicks_play_e-power/nissan-2025-kicks-play-e-power-v1.jpeg
NissanConnect Services,Kicks Play e-Power,2025,Exclusive,Paquetes,Conveniencia,Borrado remoto de datos,,https://www.nissan.com.mx/content/dam/Nissan/mexico/assets/duenos_nissan/nissan-connect/kicks_play_e-power/nissan-2025-kicks-play-e-power-v1.jpeg
NissanConnect Services,Kicks Play e-Power,2025,Exclusive,Paquetes,Conveniencia,Nissan Concierge,,https://www.nissan.com.mx/content/dam/Nissan/mexico/assets/duenos_nissan/nissan-connect/kicks_play_e-power/nissan-2025-kicks-play-e-power-v1.jpeg
NissanConnect Services,Kicks Play e-Power,2025,Exclusive,Paquetes,Premium,Paquetes de Seguridad + Conveniencia + Select,,https://www.nissan.com.mx/content/dam/Nissan/mexico/assets/duenos_nissan/nissan-connect/kicks_play_e-power/nissan-2025-kicks-play-e-power-v1.jpeg
NissanConnect Services,Kicks Play e-Power,2025,Exclusive,Paquetes,Wi-Fi,Wi-Fi HotSpot,,https://www.nissan.com.mx/content/dam/Nissan/mexico/assets/duenos_nissan/nissan-connect/kicks_play_e-power/nissan-2025-kicks-play-e-power-v1.jpeg
NissanConnect Services,Kicks Play e-Power,2025,Exclusive,Manuales y Guías,Pocket Guide,Aprende a configurar y utilizar las funciones conectadas de tu Nissan.,,
NissanConnect Services,Kicks Play e-Power,2025,Exclusive,Manuales y Guías,Quick Guide,Conoce algunos de los servicios que ofrece NissanConnect Services y accede a un QR para descargar la App.,,
NissanConnect Services,Kicks Play e-Power,2025,Exclusive,Manuales y Guías,Activación de cuenta,Descubre cómo activar tu cuenta de NissanConnect Services,,
NissanConnect Services,Kicks Play e-Power,2025,Exclusive,Manuales y Guías,Activación de Wi-Fi ,Descubre cómo activar la prueba gratuita de Wi-Fi Hot Spot incluida en tu Nissan ,,
NissanConnect Services,Kicks Play e-Power,2025,Platinum,Paquetes,Select,Bloqueo / desbloqueo remoto de puertas,,https://www.nissan.com.mx/content/dam/Nissan/mexico/assets/duenos_nissan/nissan-connect/kicks_play_e-power/nissan-2025-kicks-play-e-power-v1.jpeg
NissanConnect Services,Kicks Play e-Power,2025,Platinum,Paquetes,Select,Alerta de mantenimiento,,https://www.nissan.com.mx/content/dam/Nissan/mexico/assets/duenos_nissan/nissan-connect/kicks_play_e-power/nissan-2025-kicks-play-e-power-v1.jpeg
NissanConnect Services,Kicks Play e-Power,2025,Platinum,Paquetes,Select,Notificación Mantenimiento Preventivo,,https://www.nissan.com.mx/content/dam/Nissan/mexico/assets/duenos_nissan/nissan-connect/kicks_play_e-power/nissan-2025-kicks-play-e-power-v1.jpeg
NissanConnect Services,Kicks Play e-Power,2025,Platinum,Paquetes,Select,Actualizaciones Over-The-Air,,https://www.nissan.com.mx/content/dam/Nissan/mexico/assets/duenos_nissan/nissan-connect/kicks_play_e-power/nissan-2025-kicks-play-e-power-v1.jpeg
NissanConnect Services,Kicks Play e-Power,2025,Platinum,Paquetes,Select,Llamada de asistencia desde la App,,https://www.nissan.com.mx/content/dam/Nissan/mexico/assets/duenos_nissan/nissan-connect/kicks_play_e-power/nissan-2025-kicks-play-e-power-v1.jpeg
NissanConnect Services,Kicks Play e-Power,2025,Platinum,Paquetes,Seguridad,Notificación automática de colisión (ACN),,https://www.nissan.com.mx/content/dam/Nissan/mexico/assets/duenos_nissan/nissan-connect/kicks_play_e-power/nissan-2025-kicks-play-e-power-v1.jpeg
NissanConnect Services,Kicks Play e-Power,2025,Platinum,Paquetes,Seguridad,Llamada de emergencia,,https://www.nissan.com.mx/content/dam/Nissan/mexico/assets/duenos_nissan/nissan-connect/kicks_play_e-power/nissan-2025-kicks-play-e-power-v1.jpeg
NissanConnect Services,Kicks Play e-Power,2025,Platinum,Paquetes,Seguridad,Conexión con asistencia vial,,https://www.nissan.com.mx/content/dam/Nissan/mexico/assets/duenos_nissan/nissan-connect/kicks_play_e-power/nissan-2025-kicks-play-e-power-v1.jpeg
NissanConnect Services,Kicks Play e-Power,2025,Platinum,Paquetes,Seguridad,Notificación de alarma,,https://www.nissan.com.mx/content/dam/Nissan/mexico/assets/duenos_nissan/nissan-connect/kicks_play_e-power/nissan-2025-kicks-play-e-power-v1.jpeg
NissanConnect Services,Kicks Play e-Power,2025,Platinum,Paquetes,Seguridad,Geocercas,,https://www.nissan.com.mx/content/dam/Nissan/mexico/assets/duenos_nissan/nissan-connect/kicks_play_e-power/nissan-2025-kicks-play-e-power-v1.jpeg
NissanConnect Services,Kicks Play e-Power,2025,Platinum,Paquetes,Seguridad,Alerta de Valet,,https://www.nissan.com.mx/content/dam/Nissan/mexico/assets/duenos_nissan/nissan-connect/kicks_play_e-power/nissan-2025-kicks-play-e-power-v1.jpeg
NissanConnect Services,Kicks Play e-Power,2025,Platinum,Paquetes,Seguridad,Alerta de velocidad,,https://www.nissan.com.mx/content/dam/Nissan/mexico/assets/duenos_nissan/nissan-connect/kicks_play_e-power/nissan-2025-kicks-play-e-power-v1.jpeg
NissanConnect Services,Kicks Play e-Power,2025,Platinum,Paquetes,Seguridad,Alerta de movimiento programado,,https://www.nissan.com.mx/content/dam/Nissan/mexico/assets/duenos_nissan/nissan-connect/kicks_play_e-power/nissan-2025-kicks-play-e-power-v1.jpeg
NissanConnect Services,Kicks Play e-Power,2025,Platinum,Paquetes,Seguridad,Asistencia de Vehículo Robado,,https://www.nissan.com.mx/content/dam/Nissan/mexico/assets/duenos_nissan/nissan-connect/kicks_play_e-power/nissan-2025-kicks-play-e-power-v1.jpeg
NissanConnect Services,Kicks Play e-Power,2025,Platinum,Paquetes,Conveniencia,Arranque/ Apagado remoto de motor,,https://www.nissan.com.mx/content/dam/Nissan/mexico/assets/duenos_nissan/nissan-connect/kicks_play_e-power/nissan-2025-kicks-play-e-power-v1.jpeg
NissanConnect Services,Kicks Play e-Power,2025,Platinum,Paquetes,Conveniencia,Luces destelladas y bocina remoto,,https://www.nissan.com.mx/content/dam/Nissan/mexico/assets/duenos_nissan/nissan-connect/kicks_play_e-power/nissan-2025-kicks-play-e-power-v1.jpeg
NissanConnect Services,Kicks Play e-Power,2025,Platinum,Paquetes,Conveniencia,Localizar mi vehículo,,https://www.nissan.com.mx/content/dam/Nissan/mexico/assets/duenos_nissan/nissan-connect/kicks_play_e-power/nissan-2025-kicks-play-e-power-v1.jpeg
NissanConnect Services,Kicks Play e-Power,2025,Platinum,Paquetes,Conveniencia,Estado remoto de mi vehículo,,https://www.nissan.com.mx/content/dam/Nissan/mexico/assets/duenos_nissan/nissan-connect/kicks_play_e-power/nissan-2025-kicks-play-e-power-v1.jpeg
NissanConnect Services,Kicks Play e-Power,2025,Platinum,Paquetes,Conveniencia,Borrado remoto de datos,,https://www.nissan.com.mx/content/dam/Nissan/mexico/assets/duenos_nissan/nissan-connect/kicks_play_e-power/nissan-2025-kicks-play-e-power-v1.jpeg
NissanConnect Services,Kicks Play e-Power,2025,Platinum,Paquetes,Conveniencia,Nissan Concierge,,https://www.nissan.com.mx/content/dam/Nissan/mexico/assets/duenos_nissan/nissan-connect/kicks_play_e-power/nissan-2025-kicks-play-e-power-v1.jpeg
NissanConnect Services,Kicks Play e-Power,2025,Platinum,Paquetes,Premium,Paquetes de Seguridad + Conveniencia + Select,,https://www.nissan.com.mx/content/dam/Nissan/mexico/assets/duenos_nissan/nissan-connect/kicks_play_e-power/nissan-2025-kicks-play-e-power-v1.jpeg
NissanConnect Services,Kicks Play e-Power,2025,Platinum,Paquetes,Wi-Fi,Wi-Fi HotSpot,,https://www.nissan.com.mx/content/dam/Nissan/mexico/assets/duenos_nissan/nissan-connect/kicks_play_e-power/nissan-2025-kicks-play-e-power-v1.jpeg
NissanConnect Services,Kicks Play e-Power,2025,Platinum,Manuales y Guías,Pocket Guide,Aprende a configurar y utilizar las funciones conectadas de tu Nissan.,,
NissanConnect Services,Kicks Play e-Power,2025,Platinum,Manuales y Guías,Quick Guide,Conoce algunos de los servicios que ofrece NissanConnect Services y accede a un QR para descargar la App.,,
NissanConnect Services,Kicks Play e-Power,2025,Platinum,Manuales y Guías,Activación de cuenta,Descubre cómo activar tu cuenta de NissanConnect Services,,
NissanConnect Services,Kicks Play e-Power,2025,Platinum,Manuales y Guías,Activación de Wi-Fi ,Descubre cómo activar la prueba gratuita de Wi-Fi Hot Spot incluida en tu Nissan ,,
NissanConnect Services,Kicks Play e-Power,2026,Advance,Paquetes,Select,Bloqueo / desbloqueo remoto de puertas,,https://www.nissan.com.mx/content/dam/Nissan/mexico/assets/duenos_nissan/nissan-connect/kicks_play_e-power/nissan-2026-kicks-play-e-power-v1.jpeg
NissanConnect Services,Kicks Play e-Power,2026,Advance,Paquetes,Select,Alerta de mantenimiento,,https://www.nissan.com.mx/content/dam/Nissan/mexico/assets/duenos_nissan/nissan-connect/kicks_play_e-power/nissan-2026-kicks-play-e-power-v1.jpeg
NissanConnect Services,Kicks Play e-Power,2026,Advance,Paquetes,Select,Notificación Mantenimiento Preventivo,,https://www.nissan.com.mx/content/dam/Nissan/mexico/assets/duenos_nissan/nissan-connect/kicks_play_e-power/nissan-2026-kicks-play-e-power-v1.jpeg
NissanConnect Services,Kicks Play e-Power,2026,Advance,Paquetes,Select,Actualizaciones Over-The-Air,,https://www.nissan.com.mx/content/dam/Nissan/mexico/assets/duenos_nissan/nissan-connect/kicks_play_e-power/nissan-2026-kicks-play-e-power-v1.jpeg
NissanConnect Services,Kicks Play e-Power,2026,Advance,Paquetes,Select,Llamada de asistencia desde la App,,https://www.nissan.com.mx/content/dam/Nissan/mexico/assets/duenos_nissan/nissan-connect/kicks_play_e-power/nissan-2026-kicks-play-e-power-v1.jpeg
NissanConnect Services,Kicks Play e-Power,2026,Advance,Paquetes,Seguridad,Notificación automática de colisión (ACN),,https://www.nissan.com.mx/content/dam/Nissan/mexico/assets/duenos_nissan/nissan-connect/kicks_play_e-power/nissan-2026-kicks-play-e-power-v1.jpeg
NissanConnect Services,Kicks Play e-Power,2026,Advance,Paquetes,Seguridad,Llamada de emergencia,,https://www.nissan.com.mx/content/dam/Nissan/mexico/assets/duenos_nissan/nissan-connect/kicks_play_e-power/nissan-2026-kicks-play-e-power-v1.jpeg
NissanConnect Services,Kicks Play e-Power,2026,Advance,Paquetes,Seguridad,Conexión con asistencia vial,,https://www.nissan.com.mx/content/dam/Nissan/mexico/assets/duenos_nissan/nissan-connect/kicks_play_e-power/nissan-2026-kicks-play-e-power-v1.jpeg
NissanConnect Services,Kicks Play e-Power,2026,Advance,Paquetes,Seguridad,Notificación de alarma,,https://www.nissan.com.mx/content/dam/Nissan/mexico/assets/duenos_nissan/nissan-connect/kicks_play_e-power/nissan-2026-kicks-play-e-power-v1.jpeg
NissanConnect Services,Kicks Play e-Power,2026,Advance,Paquetes,Seguridad,Geocercas,,https://www.nissan.com.mx/content/dam/Nissan/mexico/assets/duenos_nissan/nissan-connect/kicks_play_e-power/nissan-2026-kicks-play-e-power-v1.jpeg
NissanConnect Services,Kicks Play e-Power,2026,Advance,Paquetes,Seguridad,Alerta de Valet,,https://www.nissan.com.mx/content/dam/Nissan/mexico/assets/duenos_nissan/nissan-connect/kicks_play_e-power/nissan-2026-kicks-play-e-power-v1.jpeg
NissanConnect Services,Kicks Play e-Power,2026,Advance,Paquetes,Seguridad,Alerta de velocidad,,https://www.nissan.com.mx/content/dam/Nissan/mexico/assets/duenos_nissan/nissan-connect/kicks_play_e-power/nissan-2026-kicks-play-e-power-v1.jpeg
NissanConnect Services,Kicks Play e-Power,2026,Advance,Paquetes,Seguridad,Alerta de movimiento programado,,https://www.nissan.com.mx/content/dam/Nissan/mexico/assets/duenos_nissan/nissan-connect/kicks_play_e-power/nissan-2026-kicks-play-e-power-v1.jpeg
NissanConnect Services,Kicks Play e-Power,2026,Advance,Paquetes,Seguridad,Asistencia de Vehículo Robado,,https://www.nissan.com.mx/content/dam/Nissan/mexico/assets/duenos_nissan/nissan-connect/kicks_play_e-power/nissan-2026-kicks-play-e-power-v1.jpeg
NissanConnect Services,Kicks Play e-Power,2026,Advance,Paquetes,Conveniencia,Arranque/ Apagado remoto de motor,,https://www.nissan.com.mx/content/dam/Nissan/mexico/assets/duenos_nissan/nissan-connect/kicks_play_e-power/nissan-2026-kicks-play-e-power-v1.jpeg
NissanConnect Services,Kicks Play e-Power,2026,Advance,Paquetes,Conveniencia,Luces destelladas y bocina remoto,,https://www.nissan.com.mx/content/dam/Nissan/mexico/assets/duenos_nissan/nissan-connect/kicks_play_e-power/nissan-2026-kicks-play-e-power-v1.jpeg
NissanConnect Services,Kicks Play e-Power,2026,Advance,Paquetes,Conveniencia,Localizar mi vehículo,,https://www.nissan.com.mx/content/dam/Nissan/mexico/assets/duenos_nissan/nissan-connect/kicks_play_e-power/nissan-2026-kicks-play-e-power-v1.jpeg
NissanConnect Services,Kicks Play e-Power,2026,Advance,Paquetes,Conveniencia,Estado remoto de mi vehículo,,https://www.nissan.com.mx/content/dam/Nissan/mexico/assets/duenos_nissan/nissan-connect/kicks_play_e-power/nissan-2026-kicks-play-e-power-v1.jpeg
NissanConnect Services,Kicks Play e-Power,2026,Advance,Paquetes,Conveniencia,Borrado remoto de datos,,https://www.nissan.com.mx/content/dam/Nissan/mexico/assets/duenos_nissan/nissan-connect/kicks_play_e-power/nissan-2026-kicks-play-e-power-v1.jpeg
NissanConnect Services,Kicks Play e-Power,2026,Advance,Paquetes,Conveniencia,Nissan Concierge,,https://www.nissan.com.mx/content/dam/Nissan/mexico/assets/duenos_nissan/nissan-connect/kicks_play_e-power/nissan-2026-kicks-play-e-power-v1.jpeg
NissanConnect Services,Kicks Play e-Power,2026,Advance,Paquetes,Premium,Paquetes de Seguridad + Conveniencia + Select,,https://www.nissan.com.mx/content/dam/Nissan/mexico/assets/duenos_nissan/nissan-connect/kicks_play_e-power/nissan-2026-kicks-play-e-power-v1.jpeg
NissanConnect Services,Kicks Play e-Power,2026,Advance,Manuales y Guías,Pocket Guide,Aprende a configurar y utilizar las funciones conectadas de tu Nissan.,,
NissanConnect Services,Kicks Play e-Power,2026,Advance,Manuales y Guías,Quick Guide,Conoce algunos de los servicios que ofrece NissanConnect Services y accede a un QR para descargar la App.,,
NissanConnect Services,Kicks Play e-Power,2026,Advance,Manuales y Guías,Activación de cuenta,Descubre cómo activar tu cuenta de NissanConnect Services,,
NissanConnect Services,Kicks Play e-Power,2026,Advance,Manuales y Guías,Activación de Wi-Fi ,Descubre cómo activar la prueba gratuita de Wi-Fi Hot Spot incluida en tu Nissan ,,
NissanConnect Services,Kicks Play e-Power,2026,Advance,Paquetes,Wi-Fi,Wi-Fi HotSpot,,https://www.nissan.com.mx/content/dam/Nissan/mexico/assets/duenos_nissan/nissan-connect/kicks_play_e-power/nissan-2026-kicks-play-e-power-v1.jpeg
NissanConnect Services,Kicks Play e-Power,2026,Exclusive,Paquetes,Select,Bloqueo / desbloqueo remoto de puertas,,https://www.nissan.com.mx/content/dam/Nissan/mexico/assets/duenos_nissan/nissan-connect/kicks_play_e-power/nissan-2026-kicks-play-e-power-v1.jpeg
NissanConnect Services,Kicks Play e-Power,2026,Exclusive,Paquetes,Select,Alerta de mantenimiento,,https://www.nissan.com.mx/content/dam/Nissan/mexico/assets/duenos_nissan/nissan-connect/kicks_play_e-power/nissan-2026-kicks-play-e-power-v1.jpeg
NissanConnect Services,Kicks Play e-Power,2026,Exclusive,Paquetes,Select,Notificación Mantenimiento Preventivo,,https://www.nissan.com.mx/content/dam/Nissan/mexico/assets/duenos_nissan/nissan-connect/kicks_play_e-power/nissan-2026-kicks-play-e-power-v1.jpeg
NissanConnect Services,Kicks Play e-Power,2026,Exclusive,Paquetes,Select,Actualizaciones Over-The-Air,,https://www.nissan.com.mx/content/dam/Nissan/mexico/assets/duenos_nissan/nissan-connect/kicks_play_e-power/nissan-2026-kicks-play-e-power-v1.jpeg
NissanConnect Services,Kicks Play e-Power,2026,Exclusive,Paquetes,Select,Llamada de asistencia desde la App,,https://www.nissan.com.mx/content/dam/Nissan/mexico/assets/duenos_nissan/nissan-connect/kicks_play_e-power/nissan-2026-kicks-play-e-power-v1.jpeg
NissanConnect Services,Kicks Play e-Power,2026,Exclusive,Paquetes,Seguridad,Notificación automática de colisión (ACN),,https://www.nissan.com.mx/content/dam/Nissan/mexico/assets/duenos_nissan/nissan-connect/kicks_play_e-power/nissan-2026-kicks-play-e-power-v1.jpeg
NissanConnect Services,Kicks Play e-Power,2026,Exclusive,Paquetes,Seguridad,Llamada de emergencia,,https://www.nissan.com.mx/content/dam/Nissan/mexico/assets/duenos_nissan/nissan-connect/kicks_play_e-power/nissan-2026-kicks-play-e-power-v1.jpeg
NissanConnect Services,Kicks Play e-Power,2026,Exclusive,Paquetes,Seguridad,Conexión con asistencia vial,,https://www.nissan.com.mx/content/dam/Nissan/mexico/assets/duenos_nissan/nissan-connect/kicks_play_e-power/nissan-2026-kicks-play-e-power-v1.jpeg
NissanConnect Services,Kicks Play e-Power,2026,Exclusive,Paquetes,Seguridad,Notificación de alarma,,https://www.nissan.com.mx/content/dam/Nissan/mexico/assets/duenos_nissan/nissan-connect/kicks_play_e-power/nissan-2026-kicks-play-e-power-v1.jpeg
NissanConnect Services,Kicks Play e-Power,2026,Exclusive,Paquetes,Seguridad,Geocercas,,https://www.nissan.com.mx/content/dam/Nissan/mexico/assets/duenos_nissan/nissan-connect/kicks_play_e-power/nissan-2026-kicks-play-e-power-v1.jpeg
NissanConnect Services,Kicks Play e-Power,2026,Exclusive,Paquetes,Seguridad,Alerta de Valet,,https://www.nissan.com.mx/content/dam/Nissan/mexico/assets/duenos_nissan/nissan-connect/kicks_play_e-power/nissan-2026-kicks-play-e-power-v1.jpeg
NissanConnect Services,Kicks Play e-Power,2026,Exclusive,Paquetes,Seguridad,Alerta de velocidad,,https://www.nissan.com.mx/content/dam/Nissan/mexico/assets/duenos_nissan/nissan-connect/kicks_play_e-power/nissan-2026-kicks-play-e-power-v1.jpeg
NissanConnect Services,Kicks Play e-Power,2026,Exclusive,Paquetes,Seguridad,Alerta de movimiento programado,,https://www.nissan.com.mx/content/dam/Nissan/mexico/assets/duenos_nissan/nissan-connect/kicks_play_e-power/nissan-2026-kicks-play-e-power-v1.jpeg
NissanConnect Services,Kicks Play e-Power,2026,Exclusive,Paquetes,Seguridad,Asistencia de Vehículo Robado,,https://www.nissan.com.mx/content/dam/Nissan/mexico/assets/duenos_nissan/nissan-connect/kicks_play_e-power/nissan-2026-kicks-play-e-power-v1.jpeg
NissanConnect Services,Kicks Play e-Power,2026,Exclusive,Paquetes,Conveniencia,Arranque/ Apagado remoto de motor,,https://www.nissan.com.mx/content/dam/Nissan/mexico/assets/duenos_nissan/nissan-connect/kicks_play_e-power/nissan-2026-kicks-play-e-power-v1.jpeg
NissanConnect Services,Kicks Play e-Power,2026,Exclusive,Paquetes,Conveniencia,Luces destelladas y bocina remoto,,https://www.nissan.com.mx/content/dam/Nissan/mexico/assets/duenos_nissan/nissan-connect/kicks_play_e-power/nissan-2026-kicks-play-e-power-v1.jpeg
NissanConnect Services,Kicks Play e-Power,2026,Exclusive,Paquetes,Conveniencia,Localizar mi vehículo,,https://www.nissan.com.mx/content/dam/Nissan/mexico/assets/duenos_nissan/nissan-connect/kicks_play_e-power/nissan-2026-kicks-play-e-power-v1.jpeg
NissanConnect Services,Kicks Play e-Power,2026,Exclusive,Paquetes,Conveniencia,Estado remoto de mi vehículo,,https://www.nissan.com.mx/content/dam/Nissan/mexico/assets/duenos_nissan/nissan-connect/kicks_play_e-power/nissan-2026-kicks-play-e-power-v1.jpeg
NissanConnect Services,Kicks Play e-Power,2026,Exclusive,Paquetes,Conveniencia,Borrado remoto de datos,,https://www.nissan.com.mx/content/dam/Nissan/mexico/assets/duenos_nissan/nissan-connect/kicks_play_e-power/nissan-2026-kicks-play-e-power-v1.jpeg
NissanConnect Services,Kicks Play e-Power,2026,Exclusive,Paquetes,Conveniencia,Nissan Concierge,,https://www.nissan.com.mx/content/dam/Nissan/mexico/assets/duenos_nissan/nissan-connect/kicks_play_e-power/nissan-2026-kicks-play-e-power-v1.jpeg
NissanConnect Services,Kicks Play e-Power,2026,Exclusive,Paquetes,Premium,Paquetes de Seguridad + Conveniencia + Select,,https://www.nissan.com.mx/content/dam/Nissan/mexico/assets/duenos_nissan/nissan-connect/kicks_play_e-power/nissan-2026-kicks-play-e-power-v1.jpeg
NissanConnect Services,Kicks Play e-Power,2026,Exclusive,Paquetes,Wi-Fi,Wi-Fi HotSpot,,https://www.nissan.com.mx/content/dam/Nissan/mexico/assets/duenos_nissan/nissan-connect/kicks_play_e-power/nissan-2026-kicks-play-e-power-v1.jpeg
NissanConnect Services,Kicks Play e-Power,2026,Exclusive,Manuales y Guías,Pocket Guide,Aprende a configurar y utilizar las funciones conectadas de tu Nissan.,,
NissanConnect Services,Kicks Play e-Power,2026,Exclusive,Manuales y Guías,Quick Guide,Conoce algunos de los servicios que ofrece NissanConnect Services y accede a un QR para descargar la App.,,
NissanConnect Services,Kicks Play e-Power,2026,Exclusive,Manuales y Guías,Activación de cuenta,Descubre cómo activar tu cuenta de NissanConnect Services,,
NissanConnect Services,Kicks Play e-Power,2026,Exclusive,Manuales y Guías,Activación de Wi-Fi ,Descubre cómo activar la prueba gratuita de Wi-Fi Hot Spot incluida en tu Nissan ,,
NissanConnect Services,Kicks Play e-Power,2026,Platinum,Paquetes,Select,Bloqueo / desbloqueo remoto de puertas,,https://www.nissan.com.mx/content/dam/Nissan/mexico/assets/duenos_nissan/nissan-connect/kicks_play_e-power/nissan-2026-kicks-play-e-power-v1.jpeg
NissanConnect Services,Kicks Play e-Power,2026,Platinum,Paquetes,Select,Alerta de mantenimiento,,https://www.nissan.com.mx/content/dam/Nissan/mexico/assets/duenos_nissan/nissan-connect/kicks_play_e-power/nissan-2026-kicks-play-e-power-v1.jpeg
NissanConnect Services,Kicks Play e-Power,2026,Platinum,Paquetes,Select,Notificación Mantenimiento Preventivo,,https://www.nissan.com.mx/content/dam/Nissan/mexico/assets/duenos_nissan/nissan-connect/kicks_play_e-power/nissan-2026-kicks-play-e-power-v1.jpeg
NissanConnect Services,Kicks Play e-Power,2026,Platinum,Paquetes,Select,Actualizaciones Over-The-Air,,https://www.nissan.com.mx/content/dam/Nissan/mexico/assets/duenos_nissan/nissan-connect/kicks_play_e-power/nissan-2026-kicks-play-e-power-v1.jpeg
NissanConnect Services,Kicks Play e-Power,2026,Platinum,Paquetes,Select,Llamada de asistencia desde la App,,https://www.nissan.com.mx/content/dam/Nissan/mexico/assets/duenos_nissan/nissan-connect/kicks_play_e-power/nissan-2026-kicks-play-e-power-v1.jpeg
NissanConnect Services,Kicks Play e-Power,2026,Platinum,Paquetes,Seguridad,Notificación automática de colisión (ACN),,https://www.nissan.com.mx/content/dam/Nissan/mexico/assets/duenos_nissan/nissan-connect/kicks_play_e-power/nissan-2026-kicks-play-e-power-v1.jpeg
NissanConnect Services,Kicks Play e-Power,2026,Platinum,Paquetes,Seguridad,Llamada de emergencia,,https://www.nissan.com.mx/content/dam/Nissan/mexico/assets/duenos_nissan/nissan-connect/kicks_play_e-power/nissan-2026-kicks-play-e-power-v1.jpeg
NissanConnect Services,Kicks Play e-Power,2026,Platinum,Paquetes,Seguridad,Conexión con asistencia vial,,https://www.nissan.com.mx/content/dam/Nissan/mexico/assets/duenos_nissan/nissan-connect/kicks_play_e-power/nissan-2026-kicks-play-e-power-v1.jpeg
NissanConnect Services,Kicks Play e-Power,2026,Platinum,Paquetes,Seguridad,Notificación de alarma,,https://www.nissan.com.mx/content/dam/Nissan/mexico/assets/duenos_nissan/nissan-connect/kicks_play_e-power/nissan-2026-kicks-play-e-power-v1.jpeg
NissanConnect Services,Kicks Play e-Power,2026,Platinum,Paquetes,Seguridad,Geocercas,,https://www.nissan.com.mx/content/dam/Nissan/mexico/assets/duenos_nissan/nissan-connect/kicks_play_e-power/nissan-2026-kicks-play-e-power-v1.jpeg
NissanConnect Services,Kicks Play e-Power,2026,Platinum,Paquetes,Seguridad,Alerta de Valet,,https://www.nissan.com.mx/content/dam/Nissan/mexico/assets/duenos_nissan/nissan-connect/kicks_play_e-power/nissan-2026-kicks-play-e-power-v1.jpeg
NissanConnect Services,Kicks Play e-Power,2026,Platinum,Paquetes,Seguridad,Alerta de velocidad,,https://www.nissan.com.mx/content/dam/Nissan/mexico/assets/duenos_nissan/nissan-connect/kicks_play_e-power/nissan-2026-kicks-play-e-power-v1.jpeg
NissanConnect Services,Kicks Play e-Power,2026,Platinum,Paquetes,Seguridad,Alerta de movimiento programado,,https://www.nissan.com.mx/content/dam/Nissan/mexico/assets/duenos_nissan/nissan-connect/kicks_play_e-power/nissan-2026-kicks-play-e-power-v1.jpeg
NissanConnect Services,Kicks Play e-Power,2026,Platinum,Paquetes,Seguridad,Asistencia de Vehículo Robado,,https://www.nissan.com.mx/content/dam/Nissan/mexico/assets/duenos_nissan/nissan-connect/kicks_play_e-power/nissan-2026-kicks-play-e-power-v1.jpeg
NissanConnect Services,Kicks Play e-Power,2026,Platinum,Paquetes,Conveniencia,Arranque/ Apagado remoto de motor,,https://www.nissan.com.mx/content/dam/Nissan/mexico/assets/duenos_nissan/nissan-connect/kicks_play_e-power/nissan-2026-kicks-play-e-power-v1.jpeg
NissanConnect Services,Kicks Play e-Power,2026,Platinum,Paquetes,Conveniencia,Luces destelladas y bocina remoto,,https://www.nissan.com.mx/content/dam/Nissan/mexico/assets/duenos_nissan/nissan-connect/kicks_play_e-power/nissan-2026-kicks-play-e-power-v1.jpeg
NissanConnect Services,Kicks Play e-Power,2026,Platinum,Paquetes,Conveniencia,Localizar mi vehículo,,https://www.nissan.com.mx/content/dam/Nissan/mexico/assets/duenos_nissan/nissan-connect/kicks_play_e-power/nissan-2026-kicks-play-e-power-v1.jpeg
NissanConnect Services,Kicks Play e-Power,2026,Platinum,Paquetes,Conveniencia,Estado remoto de mi vehículo,,https://www.nissan.com.mx/content/dam/Nissan/mexico/assets/duenos_nissan/nissan-connect/kicks_play_e-power/nissan-2026-kicks-play-e-power-v1.jpeg
NissanConnect Services,Kicks Play e-Power,2026,Platinum,Paquetes,Conveniencia,Borrado remoto de datos,,https://www.nissan.com.mx/content/dam/Nissan/mexico/assets/duenos_nissan/nissan-connect/kicks_play_e-power/nissan-2026-kicks-play-e-power-v1.jpeg
NissanConnect Services,Kicks Play e-Power,2026,Platinum,Paquetes,Conveniencia,Nissan Concierge,,https://www.nissan.com.mx/content/dam/Nissan/mexico/assets/duenos_nissan/nissan-connect/kicks_play_e-power/nissan-2026-kicks-play-e-power-v1.jpeg
NissanConnect Services,Kicks Play e-Power,2026,Platinum,Paquetes,Premium,Paquetes de Seguridad + Conveniencia + Select,,https://www.nissan.com.mx/content/dam/Nissan/mexico/assets/duenos_nissan/nissan-connect/kicks_play_e-power/nissan-2026-kicks-play-e-power-v1.jpeg
NissanConnect Services,Kicks Play e-Power,2026,Platinum,Paquetes,Wi-Fi,Wi-Fi HotSpot,,https://www.nissan.com.mx/content/dam/Nissan/mexico/assets/duenos_nissan/nissan-connect/kicks_play_e-power/nissan-2026-kicks-play-e-power-v1.jpeg
NissanConnect Services,Kicks Play e-Power,2026,Platinum,Manuales y Guías,Pocket Guide,Aprende a configurar y utilizar las funciones conectadas de tu Nissan.,,
NissanConnect Services,Kicks Play e-Power,2026,Platinum,Manuales y Guías,Quick Guide,Conoce algunos de los servicios que ofrece NissanConnect Services y accede a un QR para descargar la App.,,
NissanConnect Services,Kicks Play e-Power,2026,Platinum,Manuales y Guías,Activación de cuenta,Descubre cómo activar tu cuenta de NissanConnect Services,,
NissanConnect Services,Kicks Play e-Power,2026,Platinum,Manuales y Guías,Activación de Wi-Fi ,Descubre cómo activar la prueba gratuita de Wi-Fi Hot Spot incluida en tu Nissan ,,
NissanConnect Finder,Magnite,2025,Advance,Paquetes,Servicios,Localización en tiempo real,,
NissanConnect Finder,Magnite,2025,Advance,Paquetes,Servicios,Activación de bocina,,
NissanConnect Finder,Magnite,2025,Advance,Paquetes,Servicios,Geocercas,,
NissanConnect Finder,Magnite,2025,Advance,Paquetes,Servicios,Ubicación del Vehículo,,
NissanConnect Finder,Magnite,2025,Advance,Paquetes,Servicios,Sígueme,,
NissanConnect Finder,Magnite,2025,Advance,Paquetes,Servicios,Navegación,,
NissanConnect Finder,Magnite,2025,Advance,Paquetes,Servicios,Notificaciones,,
NissanConnect Finder,Magnite,2025,Advance,Paquetes,Servicios,Histórico de Rutas,,
NissanConnect Finder,Magnite,2025,Advance,Paquetes,Servicios,Asistencia de Vehículo Robado ,,
NissanConnect Finder,Magnite,2025,Advance,Paquetes,Servicios,Alerta de Movimiento,,
NissanConnect Finder,Magnite,2025,Advance,Paquetes,Servicios,Alerta de Velocidad,,
NissanConnect Finder,Magnite,2025,Advance,Paquetes,Servicios,Alerta de Arrastre,,
NissanConnect Finder,Magnite,2025,Advance,Paquetes,Servicios,Alerta de Posible Emergencia Vial,,
NissanConnect Finder,Magnite,2025,Advance,Paquetes,Servicios,Conexión a Asistencia Vial Nissan,,
NissanConnect Finder,Magnite,2025,Advance,Paquetes,Servicios,Asistencia NissanConnect® Finder,,
NissanConnect Finder,Magnite,2025,Advance,Paquetes,Servicios,Liga a Página de Citas de Mantenimiento Vehicular,,
NissanConnect Finder,Magnite,2025,Advance,Manuales y Guías,Pocket Guide,Aprende a configurar y utilizar las funciones conectadas de tu Nissan.,,
NissanConnect Finder,Magnite,2025,Advance,Manuales y Guías,Quick Guide,Conoce algunos de los servicios que ofrece NissanConnect Finder y accede a un QR para descargar la App.,,
NissanConnect Finder,Magnite,2025,Exclusive,Paquetes,Servicios,Localización en tiempo real,,
NissanConnect Finder,Magnite,2025,Exclusive,Paquetes,Servicios,Activación de bocina,,
NissanConnect Finder,Magnite,2025,Exclusive,Paquetes,Servicios,Geocercas,,
NissanConnect Finder,Magnite,2025,Exclusive,Paquetes,Servicios,Ubicación del Vehículo,,
NissanConnect Finder,Magnite,2025,Exclusive,Paquetes,Servicios,Sígueme,,
NissanConnect Finder,Magnite,2025,Exclusive,Paquetes,Servicios,Navegación,,
NissanConnect Finder,Magnite,2025,Exclusive,Paquetes,Servicios,Notificaciones,,
NissanConnect Finder,Magnite,2025,Exclusive,Paquetes,Servicios,Histórico de Rutas,,
NissanConnect Finder,Magnite,2025,Exclusive,Paquetes,Servicios,Asistencia de Vehículo Robado ,,
NissanConnect Finder,Magnite,2025,Exclusive,Paquetes,Servicios,Alerta de Movimiento,,
NissanConnect Finder,Magnite,2025,Exclusive,Paquetes,Servicios,Alerta de Velocidad,,
NissanConnect Finder,Magnite,2025,Exclusive,Paquetes,Servicios,Alerta de Arrastre,,
NissanConnect Finder,Magnite,2025,Exclusive,Paquetes,Servicios,Alerta de Posible Emergencia Vial,,
NissanConnect Finder,Magnite,2025,Exclusive,Paquetes,Servicios,Conexión a Asistencia Vial Nissan,,
NissanConnect Finder,Magnite,2025,Exclusive,Paquetes,Servicios,Asistencia NissanConnect® Finder,,
NissanConnect Finder,Magnite,2025,Exclusive,Paquetes,Servicios,Liga a Página de Citas de Mantenimiento Vehicular,,
NissanConnect Finder,Magnite,2025,Exclusive,Manuales y Guías,Pocket Guide,Aprende a configurar y utilizar las funciones conectadas de tu Nissan.,,
NissanConnect Finder,Magnite,2025,Exclusive,Manuales y Guías,Quick Guide,Conoce algunos de los servicios que ofrece NissanConnect Finder y accede a un QR para descargar la App.,,
NissanConnect Finder,Magnite,2026,Advance,Paquetes,Servicios,Localización en tiempo real,,
NissanConnect Finder,Magnite,2026,Advance,Paquetes,Servicios,Activación de bocina,,
NissanConnect Finder,Magnite,2026,Advance,Paquetes,Servicios,Geocercas,,
NissanConnect Finder,Magnite,2026,Advance,Paquetes,Servicios,Ubicación del Vehículo,,
NissanConnect Finder,Magnite,2026,Advance,Paquetes,Servicios,Sígueme,,
NissanConnect Finder,Magnite,2026,Advance,Paquetes,Servicios,Navegación,,
NissanConnect Finder,Magnite,2026,Advance,Paquetes,Servicios,Notificaciones,,
NissanConnect Finder,Magnite,2026,Advance,Paquetes,Servicios,Histórico de Rutas,,
NissanConnect Finder,Magnite,2026,Advance,Paquetes,Servicios,Asistencia de Vehículo Robado ,,
NissanConnect Finder,Magnite,2026,Advance,Paquetes,Servicios,Alerta de Movimiento,,
NissanConnect Finder,Magnite,2026,Advance,Paquetes,Servicios,Alerta de Velocidad,,
NissanConnect Finder,Magnite,2026,Advance,Paquetes,Servicios,Alerta de Arrastre,,
NissanConnect Finder,Magnite,2026,Advance,Paquetes,Servicios,Alerta de Posible Emergencia Vial,,
NissanConnect Finder,Magnite,2026,Advance,Paquetes,Servicios,Conexión a Asistencia Vial Nissan,,
NissanConnect Finder,Magnite,2026,Advance,Paquetes,Servicios,Asistencia NissanConnect® Finder,,
NissanConnect Finder,Magnite,2026,Advance,Paquetes,Servicios,Liga a Página de Citas de Mantenimiento Vehicular,,
NissanConnect Finder,Magnite,2026,Advance,Manuales y Guías,Pocket Guide,Aprende a configurar y utilizar las funciones conectadas de tu Nissan.,,
NissanConnect Finder,Magnite,2026,Advance,Manuales y Guías,Quick Guide,Conoce algunos de los servicios que ofrece NissanConnect Finder y accede a un QR para descargar la App.,,
NissanConnect Finder,Magnite,2026,Exclusive,Paquetes,Servicios,Localización en tiempo real,,
NissanConnect Finder,Magnite,2026,Exclusive,Paquetes,Servicios,Activación de bocina,,
NissanConnect Finder,Magnite,2026,Exclusive,Paquetes,Servicios,Geocercas,,
NissanConnect Finder,Magnite,2026,Exclusive,Paquetes,Servicios,Ubicación del Vehículo,,
NissanConnect Finder,Magnite,2026,Exclusive,Paquetes,Servicios,Sígueme,,
NissanConnect Finder,Magnite,2026,Exclusive,Paquetes,Servicios,Navegación,,
NissanConnect Finder,Magnite,2026,Exclusive,Paquetes,Servicios,Notificaciones,,
NissanConnect Finder,Magnite,2026,Exclusive,Paquetes,Servicios,Histórico de Rutas,,
NissanConnect Finder,Magnite,2026,Exclusive,Paquetes,Servicios,Asistencia de Vehículo Robado ,,
NissanConnect Finder,Magnite,2026,Exclusive,Paquetes,Servicios,Alerta de Movimiento,,
NissanConnect Finder,Magnite,2026,Exclusive,Paquetes,Servicios,Alerta de Velocidad,,
NissanConnect Finder,Magnite,2026,Exclusive,Paquetes,Servicios,Alerta de Arrastre,,
NissanConnect Finder,Magnite,2026,Exclusive,Paquetes,Servicios,Alerta de Posible Emergencia Vial,,
NissanConnect Finder,Magnite,2026,Exclusive,Paquetes,Servicios,Conexión a Asistencia Vial Nissan,,
NissanConnect Finder,Magnite,2026,Exclusive,Paquetes,Servicios,Asistencia NissanConnect® Finder,,
NissanConnect Finder,Magnite,2026,Exclusive,Paquetes,Servicios,Liga a Página de Citas de Mantenimiento Vehicular,,
NissanConnect Finder,Magnite,2026,Exclusive,Manuales y Guías,Pocket Guide,Aprende a configurar y utilizar las funciones conectadas de tu Nissan.,,
NissanConnect Finder,Magnite,2026,Exclusive,Manuales y Guías,Quick Guide,Conoce algunos de los servicios que ofrece NissanConnect Finder y accede a un QR para descargar la App.,,
NissanConnect Finder,Magnite,2027,Advance,Paquetes,Servicios,Localización en tiempo real,,
NissanConnect Finder,Magnite,2027,Advance,Paquetes,Servicios,Activación de bocina,,
NissanConnect Finder,Magnite,2027,Advance,Paquetes,Servicios,Geocercas,,
NissanConnect Finder,Magnite,2027,Advance,Paquetes,Servicios,Ubicación del Vehículo,,
NissanConnect Finder,Magnite,2027,Advance,Paquetes,Servicios,Sígueme,,
NissanConnect Finder,Magnite,2027,Advance,Paquetes,Servicios,Navegación,,
NissanConnect Finder,Magnite,2027,Advance,Paquetes,Servicios,Notificaciones,,
NissanConnect Finder,Magnite,2027,Advance,Paquetes,Servicios,Histórico de Rutas,,
NissanConnect Finder,Magnite,2027,Advance,Paquetes,Servicios,Asistencia de Vehículo Robado ,,
NissanConnect Finder,Magnite,2027,Advance,Paquetes,Servicios,Alerta de Movimiento,,
NissanConnect Finder,Magnite,2027,Advance,Paquetes,Servicios,Alerta de Velocidad,,
NissanConnect Finder,Magnite,2027,Advance,Paquetes,Servicios,Alerta de Arrastre,,
NissanConnect Finder,Magnite,2027,Advance,Paquetes,Servicios,Alerta de Posible Emergencia Vial,,
NissanConnect Finder,Magnite,2027,Advance,Paquetes,Servicios,Conexión a Asistencia Vial Nissan,,
NissanConnect Finder,Magnite,2027,Advance,Paquetes,Servicios,Asistencia NissanConnect® Finder,,
NissanConnect Finder,Magnite,2027,Advance,Paquetes,Servicios,Liga a Página de Citas de Mantenimiento Vehicular,,
NissanConnect Finder,Magnite,2027,Advance,Manuales y Guías,Pocket Guide,Aprende a configurar y utilizar las funciones conectadas de tu Nissan.,,
NissanConnect Finder,Magnite,2027,Advance,Manuales y Guías,Quick Guide,Conoce algunos de los servicios que ofrece NissanConnect Finder y accede a un QR para descargar la App.,,
NissanConnect Finder,Magnite,2027,Exclusive,Paquetes,Servicios,Localización en tiempo real,,
NissanConnect Finder,Magnite,2027,Exclusive,Paquetes,Servicios,Activación de bocina,,
NissanConnect Finder,Magnite,2027,Exclusive,Paquetes,Servicios,Geocercas,,
NissanConnect Finder,Magnite,2027,Exclusive,Paquetes,Servicios,Ubicación del Vehículo,,
NissanConnect Finder,Magnite,2027,Exclusive,Paquetes,Servicios,Sígueme,,
NissanConnect Finder,Magnite,2027,Exclusive,Paquetes,Servicios,Navegación,,
NissanConnect Finder,Magnite,2027,Exclusive,Paquetes,Servicios,Notificaciones,,
NissanConnect Finder,Magnite,2027,Exclusive,Paquetes,Servicios,Histórico de Rutas,,
NissanConnect Finder,Magnite,2027,Exclusive,Paquetes,Servicios,Asistencia de Vehículo Robado ,,
NissanConnect Finder,Magnite,2027,Exclusive,Paquetes,Servicios,Alerta de Movimiento,,
NissanConnect Finder,Magnite,2027,Exclusive,Paquetes,Servicios,Alerta de Velocidad,,
NissanConnect Finder,Magnite,2027,Exclusive,Paquetes,Servicios,Alerta de Arrastre,,
NissanConnect Finder,Magnite,2027,Exclusive,Paquetes,Servicios,Alerta de Posible Emergencia Vial,,
NissanConnect Finder,Magnite,2027,Exclusive,Paquetes,Servicios,Conexión a Asistencia Vial Nissan,,
NissanConnect Finder,Magnite,2027,Exclusive,Paquetes,Servicios,Asistencia NissanConnect® Finder,,
NissanConnect Finder,Magnite,2027,Exclusive,Paquetes,Servicios,Liga a Página de Citas de Mantenimiento Vehicular,,
NissanConnect Finder,Magnite,2027,Exclusive,Manuales y Guías,Pocket Guide,Aprende a configurar y utilizar las funciones conectadas de tu Nissan.,,
NissanConnect Finder,Magnite,2027,Exclusive,Manuales y Guías,Quick Guide,Conoce algunos de los servicios que ofrece NissanConnect Finder y accede a un QR para descargar la App.,,
NissanConnect Finder,March,2021,Exclusive,Paquetes,Servicios,Localización en tiempo real,,
NissanConnect Finder,March,2021,Exclusive,Paquetes,Servicios,Activación de bocina,,
NissanConnect Finder,March,2021,Exclusive,Paquetes,Servicios,Geocercas,,
NissanConnect Finder,March,2021,Exclusive,Paquetes,Servicios,Ubicación del Vehículo,,
NissanConnect Finder,March,2021,Exclusive,Paquetes,Servicios,Sígueme,,
NissanConnect Finder,March,2021,Exclusive,Paquetes,Servicios,Navegación,,
NissanConnect Finder,March,2021,Exclusive,Paquetes,Servicios,Notificaciones,,
NissanConnect Finder,March,2021,Exclusive,Paquetes,Servicios,Histórico de Rutas,,
NissanConnect Finder,March,2021,Exclusive,Paquetes,Servicios,Asistencia de Vehículo Robado ,,
NissanConnect Finder,March,2021,Exclusive,Paquetes,Servicios,Alerta de Movimiento,,
NissanConnect Finder,March,2021,Exclusive,Paquetes,Servicios,Alerta de Velocidad,,
NissanConnect Finder,March,2021,Exclusive,Paquetes,Servicios,Conexión a Asistencia Vial Nissan,,
NissanConnect Finder,March,2021,Exclusive,Paquetes,Servicios,Asistencia NissanConnect® Finder,,
NissanConnect Finder,March,2021,Exclusive,Paquetes,Servicios,Liga a Página de Citas de Mantenimiento Vehicular,,
NissanConnect Finder,March,2022,Exclusive,Paquetes,Servicios,Localización en tiempo real,,
NissanConnect Finder,March,2022,Exclusive,Paquetes,Servicios,Activación de bocina,,
NissanConnect Finder,March,2022,Exclusive,Paquetes,Servicios,Geocercas,,
NissanConnect Finder,March,2022,Exclusive,Paquetes,Servicios,Ubicación del Vehículo,,
NissanConnect Finder,March,2022,Exclusive,Paquetes,Servicios,Sígueme,,
NissanConnect Finder,March,2022,Exclusive,Paquetes,Servicios,Navegación,,
NissanConnect Finder,March,2022,Exclusive,Paquetes,Servicios,Notificaciones,,
NissanConnect Finder,March,2022,Exclusive,Paquetes,Servicios,Histórico de Rutas,,
NissanConnect Finder,March,2022,Exclusive,Paquetes,Servicios,Asistencia de Vehículo Robado ,,
NissanConnect Finder,March,2022,Exclusive,Paquetes,Servicios,Alerta de Movimiento,,
NissanConnect Finder,March,2022,Exclusive,Paquetes,Servicios,Alerta de Velocidad,,
NissanConnect Finder,March,2022,Exclusive,Paquetes,Servicios,Conexión a Asistencia Vial Nissan,,
NissanConnect Finder,March,2022,Exclusive,Paquetes,Servicios,Asistencia NissanConnect® Finder,,
NissanConnect Finder,March,2022,Exclusive,Paquetes,Servicios,Liga a Página de Citas de Mantenimiento Vehicular,,
NissanConnect Finder,March,2023,Exclusive,Paquetes,Servicios,Localización en tiempo real,,
NissanConnect Finder,March,2023,Exclusive,Paquetes,Servicios,Activación de bocina,,
NissanConnect Finder,March,2023,Exclusive,Paquetes,Servicios,Geocercas,,
NissanConnect Finder,March,2023,Exclusive,Paquetes,Servicios,Ubicación del Vehículo,,
NissanConnect Finder,March,2023,Exclusive,Paquetes,Servicios,Sígueme,,
NissanConnect Finder,March,2023,Exclusive,Paquetes,Servicios,Navegación,,
NissanConnect Finder,March,2023,Exclusive,Paquetes,Servicios,Notificaciones,,
NissanConnect Finder,March,2023,Exclusive,Paquetes,Servicios,Histórico de Rutas,,
NissanConnect Finder,March,2023,Exclusive,Paquetes,Servicios,Asistencia de Vehículo Robado ,,
NissanConnect Finder,March,2023,Exclusive,Paquetes,Servicios,Alerta de Movimiento,,
NissanConnect Finder,March,2023,Exclusive,Paquetes,Servicios,Alerta de Velocidad,,
NissanConnect Finder,March,2023,Exclusive,Paquetes,Servicios,Conexión a Asistencia Vial Nissan,,
NissanConnect Finder,March,2023,Exclusive,Paquetes,Servicios,Asistencia NissanConnect® Finder,,
NissanConnect Finder,March,2023,Exclusive,Paquetes,Servicios,Liga a Página de Citas de Mantenimiento Vehicular,,
NissanConnect Finder,March,2024,Exclusive,Paquetes,Servicios,Localización en tiempo real,,
NissanConnect Finder,March,2024,Exclusive,Paquetes,Servicios,Activación de bocina,,
NissanConnect Finder,March,2024,Exclusive,Paquetes,Servicios,Geocercas,,
NissanConnect Finder,March,2024,Exclusive,Paquetes,Servicios,Ubicación del Vehículo,,
NissanConnect Finder,March,2024,Exclusive,Paquetes,Servicios,Sígueme,,
NissanConnect Finder,March,2024,Exclusive,Paquetes,Servicios,Navegación,,
NissanConnect Finder,March,2024,Exclusive,Paquetes,Servicios,Notificaciones,,
NissanConnect Finder,March,2024,Exclusive,Paquetes,Servicios,Histórico de Rutas,,
NissanConnect Finder,March,2024,Exclusive,Paquetes,Servicios,Asistencia de Vehículo Robado ,,
NissanConnect Finder,March,2024,Exclusive,Paquetes,Servicios,Alerta de Movimiento,,
NissanConnect Finder,March,2024,Exclusive,Paquetes,Servicios,Alerta de Velocidad,,
NissanConnect Finder,March,2024,Exclusive,Paquetes,Servicios,Alerta de Arrastre,,
NissanConnect Finder,March,2024,Exclusive,Paquetes,Servicios,Alerta de Posible Emergencia Vial,,
NissanConnect Finder,March,2024,Exclusive,Paquetes,Servicios,Conexión a Asistencia Vial Nissan,,
NissanConnect Finder,March,2024,Exclusive,Paquetes,Servicios,Asistencia NissanConnect® Finder,,
NissanConnect Finder,March,2024,Exclusive,Paquetes,Servicios,Liga a Página de Citas de Mantenimiento Vehicular,,
NissanConnect Finder,Pathfinder,2021,Sense,Paquetes,Servicios,Localización en tiempo real,,
NissanConnect Finder,Pathfinder,2021,Sense,Paquetes,Servicios,Activación de bocina,,
NissanConnect Finder,Pathfinder,2021,Sense,Paquetes,Servicios,Geocercas,,
NissanConnect Finder,Pathfinder,2021,Sense,Paquetes,Servicios,Ubicación del Vehículo,,
NissanConnect Finder,Pathfinder,2021,Sense,Paquetes,Servicios,Sígueme,,
NissanConnect Finder,Pathfinder,2021,Sense,Paquetes,Servicios,Navegación,,
NissanConnect Finder,Pathfinder,2021,Sense,Paquetes,Servicios,Notificaciones,,
NissanConnect Finder,Pathfinder,2021,Sense,Paquetes,Servicios,Histórico de Rutas,,
NissanConnect Finder,Pathfinder,2021,Sense,Paquetes,Servicios,Asistencia de Vehículo Robado ,,
NissanConnect Finder,Pathfinder,2021,Sense,Paquetes,Servicios,Alerta de Movimiento,,
NissanConnect Finder,Pathfinder,2021,Sense,Paquetes,Servicios,Alerta de Velocidad,,
NissanConnect Finder,Pathfinder,2021,Sense,Paquetes,Servicios,Conexión a Asistencia Vial Nissan,,
NissanConnect Finder,Pathfinder,2021,Sense,Paquetes,Servicios,Asistencia NissanConnect® Finder,,
NissanConnect Finder,Pathfinder,2021,Sense,Paquetes,Servicios,Liga a Página de Citas de Mantenimiento Vehicular,,
NissanConnect Finder,Pathfinder,2021,Advance,Paquetes,Servicios,Localización en tiempo real,,
NissanConnect Finder,Pathfinder,2021,Advance,Paquetes,Servicios,Activación de bocina,,
NissanConnect Finder,Pathfinder,2021,Advance,Paquetes,Servicios,Geocercas,,
NissanConnect Finder,Pathfinder,2021,Advance,Paquetes,Servicios,Ubicación del Vehículo,,
NissanConnect Finder,Pathfinder,2021,Advance,Paquetes,Servicios,Sígueme,,
NissanConnect Finder,Pathfinder,2021,Advance,Paquetes,Servicios,Navegación,,
NissanConnect Finder,Pathfinder,2021,Advance,Paquetes,Servicios,Notificaciones,,
NissanConnect Finder,Pathfinder,2021,Advance,Paquetes,Servicios,Histórico de Rutas,,
NissanConnect Finder,Pathfinder,2021,Advance,Paquetes,Servicios,Asistencia de Vehículo Robado ,,
NissanConnect Finder,Pathfinder,2021,Advance,Paquetes,Servicios,Alerta de Movimiento,,
NissanConnect Finder,Pathfinder,2021,Advance,Paquetes,Servicios,Alerta de Velocidad,,
NissanConnect Finder,Pathfinder,2021,Advance,Paquetes,Servicios,Conexión a Asistencia Vial Nissan,,
NissanConnect Finder,Pathfinder,2021,Advance,Paquetes,Servicios,Asistencia NissanConnect® Finder,,
NissanConnect Finder,Pathfinder,2021,Advance,Paquetes,Servicios,Liga a Página de Citas de Mantenimiento Vehicular,,
NissanConnect Finder,Pathfinder,2021,Exclusive,Paquetes,Servicios,Localización en tiempo real,,
NissanConnect Finder,Pathfinder,2021,Exclusive,Paquetes,Servicios,Activación de bocina,,
NissanConnect Finder,Pathfinder,2021,Exclusive,Paquetes,Servicios,Geocercas,,
NissanConnect Finder,Pathfinder,2021,Exclusive,Paquetes,Servicios,Ubicación del Vehículo,,
NissanConnect Finder,Pathfinder,2021,Exclusive,Paquetes,Servicios,Sígueme,,
NissanConnect Finder,Pathfinder,2021,Exclusive,Paquetes,Servicios,Navegación,,
NissanConnect Finder,Pathfinder,2021,Exclusive,Paquetes,Servicios,Notificaciones,,
NissanConnect Finder,Pathfinder,2021,Exclusive,Paquetes,Servicios,Histórico de Rutas,,
NissanConnect Finder,Pathfinder,2021,Exclusive,Paquetes,Servicios,Asistencia de Vehículo Robado ,,
NissanConnect Finder,Pathfinder,2021,Exclusive,Paquetes,Servicios,Alerta de Movimiento,,
NissanConnect Finder,Pathfinder,2021,Exclusive,Paquetes,Servicios,Alerta de Velocidad,,
NissanConnect Finder,Pathfinder,2021,Exclusive,Paquetes,Servicios,Conexión a Asistencia Vial Nissan,,
NissanConnect Finder,Pathfinder,2021,Exclusive,Paquetes,Servicios,Asistencia NissanConnect® Finder,,
NissanConnect Finder,Pathfinder,2021,Exclusive,Paquetes,Servicios,Liga a Página de Citas de Mantenimiento Vehicular,,
NissanConnect Services,Pathfinder,2023,Advance,Paquetes,Select,Bloqueo / desbloqueo remoto de puertas,,
NissanConnect Services,Pathfinder,2023,Advance,Paquetes,Select,Alerta de mantenimiento,,
NissanConnect Services,Pathfinder,2023,Advance,Paquetes,Select,Notificación Mantenimiento Preventivo,,
NissanConnect Services,Pathfinder,2023,Advance,Paquetes,Select,Mensaje enviado al vehículo,,
NissanConnect Services,Pathfinder,2023,Advance,Paquetes,Select,Actualizaciones Over-The-Air,,
NissanConnect Services,Pathfinder,2023,Advance,Paquetes,Select,Llamada de asistencia desde la App,,
NissanConnect Services,Pathfinder,2023,Advance,Paquetes,Select,Vista Mapa,,
NissanConnect Services,Pathfinder,2023,Advance,Paquetes,Select,Vista Satélite,,
NissanConnect Services,Pathfinder,2023,Advance,Paquetes,Select,Destinos by Google,,
NissanConnect Services,Pathfinder,2023,Advance,Paquetes,Select,Búsqueda Conectada,,
NissanConnect Services,Pathfinder,2023,Advance,Paquetes,Select,Actualización de mapas Over-The-Air,,
NissanConnect Services,Pathfinder,2023,Advance,Paquetes,Select,Premium Traffic,,
NissanConnect Services,Pathfinder,2023,Advance,Paquetes,Select,TomTom Weather,,
NissanConnect Services,Pathfinder,2023,Advance,Paquetes,Seguridad,Notificación automática de colisión (ACN),,
NissanConnect Services,Pathfinder,2023,Advance,Paquetes,Seguridad,Llamada de emergencia,,
NissanConnect Services,Pathfinder,2023,Advance,Paquetes,Seguridad,Conexión con asistencia vial,,
NissanConnect Services,Pathfinder,2023,Advance,Paquetes,Seguridad,Notificación de alarma,,
NissanConnect Services,Pathfinder,2023,Advance,Paquetes,Seguridad,Geocercas,,
NissanConnect Services,Pathfinder,2023,Advance,Paquetes,Seguridad,Alerta de Valet,,
NissanConnect Services,Pathfinder,2023,Advance,Paquetes,Seguridad,Alerta de velocidad,,
NissanConnect Services,Pathfinder,2023,Advance,Paquetes,Seguridad,Alerta de movimiento programado,,
NissanConnect Services,Pathfinder,2023,Advance,Paquetes,Seguridad,Asistencia de Vehículo Robado,,
NissanConnect Services,Pathfinder,2023,Advance,Paquetes,Conveniencia,Arranque/ Apagado remoto de motor,,
NissanConnect Services,Pathfinder,2023,Advance,Paquetes,Conveniencia,Luces destelladas y bocina remoto,,
NissanConnect Services,Pathfinder,2023,Advance,Paquetes,Conveniencia,Localizar mi vehículo,,
NissanConnect Services,Pathfinder,2023,Advance,Paquetes,Conveniencia,Estado remoto de mi vehículo,,
NissanConnect Services,Pathfinder,2023,Advance,Paquetes,Conveniencia,Borrado remoto de datos,,
NissanConnect Services,Pathfinder,2023,Advance,Paquetes,Conveniencia,Nissan Concierge,,
NissanConnect Services,Pathfinder,2023,Advance,Paquetes,Conveniencia,Envío de destino al vehículo,,
NissanConnect Services,Pathfinder,2023,Advance,Paquetes,Conveniencia,Asistente de destino,,
NissanConnect Services,Pathfinder,2023,Advance,Paquetes,Conveniencia,Navegación puerta a puerta,,
NissanConnect Services,Pathfinder,2023,Advance,Paquetes,Conveniencia,Planificador de viaje,,
NissanConnect Services,Pathfinder,2023,Advance,Paquetes,Premium,Paquetes de Seguridad + Conveniencia + Select,,
NissanConnect Services,Pathfinder,2023,Advance,Paquetes,Wi-Fi,Wi-Fi HotSpot,,
NissanConnect Services,Pathfinder,2023,Exclusive,Paquetes,Select,Bloqueo / desbloqueo remoto de puertas,,
NissanConnect Services,Pathfinder,2023,Exclusive,Paquetes,Select,Alerta de mantenimiento,,
NissanConnect Services,Pathfinder,2023,Exclusive,Paquetes,Select,Notificación Mantenimiento Preventivo,,
NissanConnect Services,Pathfinder,2023,Exclusive,Paquetes,Select,Mensaje enviado al vehículo,,
NissanConnect Services,Pathfinder,2023,Exclusive,Paquetes,Select,Actualizaciones Over-The-Air,,
NissanConnect Services,Pathfinder,2023,Exclusive,Paquetes,Select,Llamada de asistencia desde la App,,
NissanConnect Services,Pathfinder,2023,Exclusive,Paquetes,Select,Vista Mapa,,
NissanConnect Services,Pathfinder,2023,Exclusive,Paquetes,Select,Vista Satélite,,
NissanConnect Services,Pathfinder,2023,Exclusive,Paquetes,Select,Destinos by Google,,
NissanConnect Services,Pathfinder,2023,Exclusive,Paquetes,Select,Búsqueda Conectada,,
NissanConnect Services,Pathfinder,2023,Exclusive,Paquetes,Select,Actualización de mapas Over-The-Air,,
NissanConnect Services,Pathfinder,2023,Exclusive,Paquetes,Select,Premium Traffic,,
NissanConnect Services,Pathfinder,2023,Exclusive,Paquetes,Select,TomTom Weather,,
NissanConnect Services,Pathfinder,2023,Exclusive,Paquetes,Seguridad,Notificación automática de colisión (ACN),,
NissanConnect Services,Pathfinder,2023,Exclusive,Paquetes,Seguridad,Llamada de emergencia,,
NissanConnect Services,Pathfinder,2023,Exclusive,Paquetes,Seguridad,Conexión con asistencia vial,,
NissanConnect Services,Pathfinder,2023,Exclusive,Paquetes,Seguridad,Notificación de alarma,,
NissanConnect Services,Pathfinder,2023,Exclusive,Paquetes,Seguridad,Geocercas,,
NissanConnect Services,Pathfinder,2023,Exclusive,Paquetes,Seguridad,Alerta de Valet,,
NissanConnect Services,Pathfinder,2023,Exclusive,Paquetes,Seguridad,Alerta de velocidad,,
NissanConnect Services,Pathfinder,2023,Exclusive,Paquetes,Seguridad,Alerta de movimiento programado,,
NissanConnect Services,Pathfinder,2023,Exclusive,Paquetes,Seguridad,Asistencia de Vehículo Robado,,
NissanConnect Services,Pathfinder,2023,Exclusive,Paquetes,Conveniencia,Arranque/ Apagado remoto de motor,,
NissanConnect Services,Pathfinder,2023,Exclusive,Paquetes,Conveniencia,Luces destelladas y bocina remoto,,
NissanConnect Services,Pathfinder,2023,Exclusive,Paquetes,Conveniencia,Localizar mi vehículo,,
NissanConnect Services,Pathfinder,2023,Exclusive,Paquetes,Conveniencia,Estado remoto de mi vehículo,,
NissanConnect Services,Pathfinder,2023,Exclusive,Paquetes,Conveniencia,Borrado remoto de datos,,
NissanConnect Services,Pathfinder,2023,Exclusive,Paquetes,Conveniencia,Nissan Concierge,,
NissanConnect Services,Pathfinder,2023,Exclusive,Paquetes,Conveniencia,Envío de destino al vehículo,,
NissanConnect Services,Pathfinder,2023,Exclusive,Paquetes,Conveniencia,Asistente de destino,,
NissanConnect Services,Pathfinder,2023,Exclusive,Paquetes,Conveniencia,Navegación puerta a puerta,,
NissanConnect Services,Pathfinder,2023,Exclusive,Paquetes,Conveniencia,Planificador de viaje,,
NissanConnect Services,Pathfinder,2023,Exclusive,Paquetes,Premium,Paquetes de Seguridad + Conveniencia + Select,,
NissanConnect Services,Pathfinder,2023,Exclusive,Paquetes,Wi-Fi,Wi-Fi HotSpot,,
NissanConnect Services,Pathfinder,2023,Platinum,Paquetes,Select,Bloqueo / desbloqueo remoto de puertas,,
NissanConnect Services,Pathfinder,2023,Platinum,Paquetes,Select,Alerta de mantenimiento,,
NissanConnect Services,Pathfinder,2023,Platinum,Paquetes,Select,Notificación Mantenimiento Preventivo,,
NissanConnect Services,Pathfinder,2023,Platinum,Paquetes,Select,Mensaje enviado al vehículo,,
NissanConnect Services,Pathfinder,2023,Platinum,Paquetes,Select,Actualizaciones Over-The-Air,,
NissanConnect Services,Pathfinder,2023,Platinum,Paquetes,Select,Llamada de asistencia desde la App,,
NissanConnect Services,Pathfinder,2023,Platinum,Paquetes,Select,Vista Mapa,,
NissanConnect Services,Pathfinder,2023,Platinum,Paquetes,Select,Vista Satélite,,
NissanConnect Services,Pathfinder,2023,Platinum,Paquetes,Select,Destinos by Google,,
NissanConnect Services,Pathfinder,2023,Platinum,Paquetes,Select,Búsqueda Conectada,,
NissanConnect Services,Pathfinder,2023,Platinum,Paquetes,Select,Actualización de mapas Over-The-Air,,
NissanConnect Services,Pathfinder,2023,Platinum,Paquetes,Select,Premium Traffic,,
NissanConnect Services,Pathfinder,2023,Platinum,Paquetes,Select,TomTom Weather,,
NissanConnect Services,Pathfinder,2023,Platinum,Paquetes,Seguridad,Notificación automática de colisión (ACN),,
NissanConnect Services,Pathfinder,2023,Platinum,Paquetes,Seguridad,Llamada de emergencia,,
NissanConnect Services,Pathfinder,2023,Platinum,Paquetes,Seguridad,Conexión con asistencia vial,,
NissanConnect Services,Pathfinder,2023,Platinum,Paquetes,Seguridad,Notificación de alarma,,
NissanConnect Services,Pathfinder,2023,Platinum,Paquetes,Seguridad,Geocercas,,
NissanConnect Services,Pathfinder,2023,Platinum,Paquetes,Seguridad,Alerta de Valet,,
NissanConnect Services,Pathfinder,2023,Platinum,Paquetes,Seguridad,Alerta de velocidad,,
NissanConnect Services,Pathfinder,2023,Platinum,Paquetes,Seguridad,Alerta de movimiento programado,,
NissanConnect Services,Pathfinder,2023,Platinum,Paquetes,Seguridad,Asistencia de Vehículo Robado,,
NissanConnect Services,Pathfinder,2023,Platinum,Paquetes,Conveniencia,Arranque/ Apagado remoto de motor,,
NissanConnect Services,Pathfinder,2023,Platinum,Paquetes,Conveniencia,Luces destelladas y bocina remoto,,
NissanConnect Services,Pathfinder,2023,Platinum,Paquetes,Conveniencia,Localizar mi vehículo,,
NissanConnect Services,Pathfinder,2023,Platinum,Paquetes,Conveniencia,Estado remoto de mi vehículo,,
NissanConnect Services,Pathfinder,2023,Platinum,Paquetes,Conveniencia,Borrado remoto de datos,,
NissanConnect Services,Pathfinder,2023,Platinum,Paquetes,Conveniencia,Nissan Concierge,,
NissanConnect Services,Pathfinder,2023,Platinum,Paquetes,Conveniencia,Envío de destino al vehículo,,
NissanConnect Services,Pathfinder,2023,Platinum,Paquetes,Conveniencia,Asistente de destino,,
NissanConnect Services,Pathfinder,2023,Platinum,Paquetes,Conveniencia,Navegación puerta a puerta,,
NissanConnect Services,Pathfinder,2023,Platinum,Paquetes,Conveniencia,Planificador de viaje,,
NissanConnect Services,Pathfinder,2023,Platinum,Paquetes,Premium,Paquetes de Seguridad + Conveniencia + Select,,
NissanConnect Services,Pathfinder,2023,Platinum,Paquetes,Wi-Fi,Wi-Fi HotSpot,,
NissanConnect Services,Pathfinder,2024,Exclusive,Paquetes,Select,Bloqueo / desbloqueo remoto de puertas,,
NissanConnect Services,Pathfinder,2024,Exclusive,Paquetes,Select,Alerta de mantenimiento,,
NissanConnect Services,Pathfinder,2024,Exclusive,Paquetes,Select,Notificación Mantenimiento Preventivo,,
NissanConnect Services,Pathfinder,2024,Exclusive,Paquetes,Select,Mensaje enviado al vehículo,,
NissanConnect Services,Pathfinder,2024,Exclusive,Paquetes,Select,Actualizaciones Over-The-Air,,
NissanConnect Services,Pathfinder,2024,Exclusive,Paquetes,Select,Llamada de asistencia desde la App,,
NissanConnect Services,Pathfinder,2024,Exclusive,Paquetes,Select,Vista Mapa,,
NissanConnect Services,Pathfinder,2024,Exclusive,Paquetes,Select,Vista Satélite,,
NissanConnect Services,Pathfinder,2024,Exclusive,Paquetes,Select,Destinos by Google,,
NissanConnect Services,Pathfinder,2024,Exclusive,Paquetes,Select,Búsqueda Conectada,,
NissanConnect Services,Pathfinder,2024,Exclusive,Paquetes,Select,Actualización de mapas Over-The-Air,,
NissanConnect Services,Pathfinder,2024,Exclusive,Paquetes,Select,Premium Traffic,,
NissanConnect Services,Pathfinder,2024,Exclusive,Paquetes,Select,TomTom Weather,,
NissanConnect Services,Pathfinder,2024,Exclusive,Paquetes,Seguridad,Notificación automática de colisión (ACN),,
NissanConnect Services,Pathfinder,2024,Exclusive,Paquetes,Seguridad,Llamada de emergencia,,
NissanConnect Services,Pathfinder,2024,Exclusive,Paquetes,Seguridad,Conexión con asistencia vial,,
NissanConnect Services,Pathfinder,2024,Exclusive,Paquetes,Seguridad,Notificación de alarma,,
NissanConnect Services,Pathfinder,2024,Exclusive,Paquetes,Seguridad,Geocercas,,
NissanConnect Services,Pathfinder,2024,Exclusive,Paquetes,Seguridad,Alerta de Valet,,
NissanConnect Services,Pathfinder,2024,Exclusive,Paquetes,Seguridad,Alerta de velocidad,,
NissanConnect Services,Pathfinder,2024,Exclusive,Paquetes,Seguridad,Alerta de movimiento programado,,
NissanConnect Services,Pathfinder,2024,Exclusive,Paquetes,Seguridad,Asistencia de Vehículo Robado,,
NissanConnect Services,Pathfinder,2024,Exclusive,Paquetes,Conveniencia,Arranque/ Apagado remoto de motor,,
NissanConnect Services,Pathfinder,2024,Exclusive,Paquetes,Conveniencia,Luces destelladas y bocina remoto,,
NissanConnect Services,Pathfinder,2024,Exclusive,Paquetes,Conveniencia,Localizar mi vehículo,,
NissanConnect Services,Pathfinder,2024,Exclusive,Paquetes,Conveniencia,Estado remoto de mi vehículo,,
NissanConnect Services,Pathfinder,2024,Exclusive,Paquetes,Conveniencia,Borrado remoto de datos,,
NissanConnect Services,Pathfinder,2024,Exclusive,Paquetes,Conveniencia,Nissan Concierge,,
NissanConnect Services,Pathfinder,2024,Exclusive,Paquetes,Conveniencia,Envío de destino al vehículo,,
NissanConnect Services,Pathfinder,2024,Exclusive,Paquetes,Conveniencia,Asistente de destino,,
NissanConnect Services,Pathfinder,2024,Exclusive,Paquetes,Conveniencia,Navegación puerta a puerta,,
NissanConnect Services,Pathfinder,2024,Exclusive,Paquetes,Conveniencia,Planificador de viaje,,
NissanConnect Services,Pathfinder,2024,Exclusive,Paquetes,Premium,Paquetes de Seguridad + Conveniencia + Select,,
NissanConnect Services,Pathfinder,2024,Exclusive,Paquetes,Wi-Fi,Wi-Fi HotSpot,,
NissanConnect Services,Pathfinder,2024,Platinum,Paquetes,Select,Bloqueo / desbloqueo remoto de puertas,,
NissanConnect Services,Pathfinder,2024,Platinum,Paquetes,Select,Alerta de mantenimiento,,
NissanConnect Services,Pathfinder,2024,Platinum,Paquetes,Select,Notificación Mantenimiento Preventivo,,
NissanConnect Services,Pathfinder,2024,Platinum,Paquetes,Select,Mensaje enviado al vehículo,,
NissanConnect Services,Pathfinder,2024,Platinum,Paquetes,Select,Actualizaciones Over-The-Air,,
NissanConnect Services,Pathfinder,2024,Platinum,Paquetes,Select,Llamada de asistencia desde la App,,
NissanConnect Services,Pathfinder,2024,Platinum,Paquetes,Select,Vista Mapa,,
NissanConnect Services,Pathfinder,2024,Platinum,Paquetes,Select,Vista Satélite,,
NissanConnect Services,Pathfinder,2024,Platinum,Paquetes,Select,Destinos by Google,,
NissanConnect Services,Pathfinder,2024,Platinum,Paquetes,Select,Búsqueda Conectada,,
NissanConnect Services,Pathfinder,2024,Platinum,Paquetes,Select,Actualización de mapas Over-The-Air,,
NissanConnect Services,Pathfinder,2024,Platinum,Paquetes,Select,Premium Traffic,,
NissanConnect Services,Pathfinder,2024,Platinum,Paquetes,Select,TomTom Weather,,
NissanConnect Services,Pathfinder,2024,Platinum,Paquetes,Seguridad,Notificación automática de colisión (ACN),,
NissanConnect Services,Pathfinder,2024,Platinum,Paquetes,Seguridad,Llamada de emergencia,,
NissanConnect Services,Pathfinder,2024,Platinum,Paquetes,Seguridad,Conexión con asistencia vial,,
NissanConnect Services,Pathfinder,2024,Platinum,Paquetes,Seguridad,Notificación de alarma,,
NissanConnect Services,Pathfinder,2024,Platinum,Paquetes,Seguridad,Geocercas,,
NissanConnect Services,Pathfinder,2024,Platinum,Paquetes,Seguridad,Alerta de Valet,,
NissanConnect Services,Pathfinder,2024,Platinum,Paquetes,Seguridad,Alerta de velocidad,,
NissanConnect Services,Pathfinder,2024,Platinum,Paquetes,Seguridad,Alerta de movimiento programado,,
NissanConnect Services,Pathfinder,2024,Platinum,Paquetes,Seguridad,Asistencia de Vehículo Robado,,
NissanConnect Services,Pathfinder,2024,Platinum,Paquetes,Conveniencia,Arranque/ Apagado remoto de motor,,
NissanConnect Services,Pathfinder,2024,Platinum,Paquetes,Conveniencia,Luces destelladas y bocina remoto,,
NissanConnect Services,Pathfinder,2024,Platinum,Paquetes,Conveniencia,Localizar mi vehículo,,
NissanConnect Services,Pathfinder,2024,Platinum,Paquetes,Conveniencia,Estado remoto de mi vehículo,,
NissanConnect Services,Pathfinder,2024,Platinum,Paquetes,Conveniencia,Borrado remoto de datos,,
NissanConnect Services,Pathfinder,2024,Platinum,Paquetes,Conveniencia,Nissan Concierge,,
NissanConnect Services,Pathfinder,2024,Platinum,Paquetes,Conveniencia,Envío de destino al vehículo,,
NissanConnect Services,Pathfinder,2024,Platinum,Paquetes,Conveniencia,Asistente de destino,,
NissanConnect Services,Pathfinder,2024,Platinum,Paquetes,Conveniencia,Navegación puerta a puerta,,
NissanConnect Services,Pathfinder,2024,Platinum,Paquetes,Conveniencia,Planificador de viaje,,
NissanConnect Services,Pathfinder,2024,Platinum,Paquetes,Premium,Paquetes de Seguridad + Conveniencia + Select,,
NissanConnect Services,Pathfinder,2024,Platinum,Paquetes,Wi-Fi,Wi-Fi HotSpot,,
NissanConnect Services,Pathfinder,2025,Exclusive,Paquetes,Select,Bloqueo / desbloqueo remoto de puertas,,
NissanConnect Services,Pathfinder,2025,Exclusive,Paquetes,Select,Alerta de mantenimiento,,
NissanConnect Services,Pathfinder,2025,Exclusive,Paquetes,Select,Notificación Mantenimiento Preventivo,,
NissanConnect Services,Pathfinder,2025,Exclusive,Paquetes,Select,Mensaje enviado al vehículo,,
NissanConnect Services,Pathfinder,2025,Exclusive,Paquetes,Select,Actualizaciones Over-The-Air,,
NissanConnect Services,Pathfinder,2025,Exclusive,Paquetes,Select,Llamada de asistencia desde la App,,
NissanConnect Services,Pathfinder,2025,Exclusive,Paquetes,Select,Vista Mapa,,
NissanConnect Services,Pathfinder,2025,Exclusive,Paquetes,Select,Vista Satélite,,
NissanConnect Services,Pathfinder,2025,Exclusive,Paquetes,Select,Destinos by Google,,
NissanConnect Services,Pathfinder,2025,Exclusive,Paquetes,Select,Búsqueda Conectada,,
NissanConnect Services,Pathfinder,2025,Exclusive,Paquetes,Select,Actualización de mapas Over-The-Air,,
NissanConnect Services,Pathfinder,2025,Exclusive,Paquetes,Select,Premium Traffic,,
NissanConnect Services,Pathfinder,2025,Exclusive,Paquetes,Select,TomTom Weather,,
NissanConnect Services,Pathfinder,2025,Exclusive,Paquetes,Seguridad,Notificación automática de colisión (ACN),,
NissanConnect Services,Pathfinder,2025,Exclusive,Paquetes,Seguridad,Llamada de emergencia,,
NissanConnect Services,Pathfinder,2025,Exclusive,Paquetes,Seguridad,Conexión con asistencia vial,,
NissanConnect Services,Pathfinder,2025,Exclusive,Paquetes,Seguridad,Notificación de alarma,,
NissanConnect Services,Pathfinder,2025,Exclusive,Paquetes,Seguridad,Geocercas,,
NissanConnect Services,Pathfinder,2025,Exclusive,Paquetes,Seguridad,Alerta de Valet,,
NissanConnect Services,Pathfinder,2025,Exclusive,Paquetes,Seguridad,Alerta de velocidad,,
NissanConnect Services,Pathfinder,2025,Exclusive,Paquetes,Seguridad,Alerta de movimiento programado,,
NissanConnect Services,Pathfinder,2025,Exclusive,Paquetes,Seguridad,Asistencia de Vehículo Robado,,
NissanConnect Services,Pathfinder,2025,Exclusive,Paquetes,Conveniencia,Arranque/ Apagado remoto de motor,,
NissanConnect Services,Pathfinder,2025,Exclusive,Paquetes,Conveniencia,Luces destelladas y bocina remoto,,
NissanConnect Services,Pathfinder,2025,Exclusive,Paquetes,Conveniencia,Localizar mi vehículo,,
NissanConnect Services,Pathfinder,2025,Exclusive,Paquetes,Conveniencia,Estado remoto de mi vehículo,,
NissanConnect Services,Pathfinder,2025,Exclusive,Paquetes,Conveniencia,Borrado remoto de datos,,
NissanConnect Services,Pathfinder,2025,Exclusive,Paquetes,Conveniencia,Nissan Concierge,,
NissanConnect Services,Pathfinder,2025,Exclusive,Paquetes,Conveniencia,Envío de destino al vehículo,,
NissanConnect Services,Pathfinder,2025,Exclusive,Paquetes,Conveniencia,Asistente de destino,,
NissanConnect Services,Pathfinder,2025,Exclusive,Paquetes,Conveniencia,Navegación puerta a puerta,,
NissanConnect Services,Pathfinder,2025,Exclusive,Paquetes,Conveniencia,Planificador de viaje,,
NissanConnect Services,Pathfinder,2025,Exclusive,Paquetes,Premium,Paquetes de Seguridad + Conveniencia + Select,,
NissanConnect Services,Pathfinder,2025,Exclusive,Paquetes,Wi-Fi,Wi-Fi HotSpot,,
NissanConnect Services,Pathfinder,2025,Exclusive,Manuales y Guías,Pocket Guide,Aprende a configurar y utilizar las funciones conectadas de tu Nissan.,,
NissanConnect Services,Pathfinder,2025,Exclusive,Manuales y Guías,Quick Guide,Conoce algunos de los servicios que ofrece NissanConnect Services y accede a un QR para descargar la App.,,
NissanConnect Services,Pathfinder,2025,Exclusive,Manuales y Guías,Activación de cuenta,Descubre cómo activar tu cuenta de NissanConnect Services,,
NissanConnect Services,Pathfinder,2025,Exclusive,Manuales y Guías,Activación de Wi-Fi ,Descubre cómo activar la prueba gratuita de Wi-Fi Hot Spot incluida en tu Nissan ,,
NissanConnect Services,Pathfinder,2025,Platinum,Paquetes,Select,Bloqueo / desbloqueo remoto de puertas,,
NissanConnect Services,Pathfinder,2025,Platinum,Paquetes,Select,Alerta de mantenimiento,,
NissanConnect Services,Pathfinder,2025,Platinum,Paquetes,Select,Notificación Mantenimiento Preventivo,,
NissanConnect Services,Pathfinder,2025,Platinum,Paquetes,Select,Mensaje enviado al vehículo,,
NissanConnect Services,Pathfinder,2025,Platinum,Paquetes,Select,Actualizaciones Over-The-Air,,
NissanConnect Services,Pathfinder,2025,Platinum,Paquetes,Select,Llamada de asistencia desde la App,,
NissanConnect Services,Pathfinder,2025,Platinum,Paquetes,Select,Vista Mapa,,
NissanConnect Services,Pathfinder,2025,Platinum,Paquetes,Select,Vista Satélite,,
NissanConnect Services,Pathfinder,2025,Platinum,Paquetes,Select,Destinos by Google,,
NissanConnect Services,Pathfinder,2025,Platinum,Paquetes,Select,Búsqueda Conectada,,
NissanConnect Services,Pathfinder,2025,Platinum,Paquetes,Select,Actualización de mapas Over-The-Air,,
NissanConnect Services,Pathfinder,2025,Platinum,Paquetes,Select,Premium Traffic,,
NissanConnect Services,Pathfinder,2025,Platinum,Paquetes,Select,TomTom Weather,,
NissanConnect Services,Pathfinder,2025,Platinum,Paquetes,Seguridad,Notificación automática de colisión (ACN),,
NissanConnect Services,Pathfinder,2025,Platinum,Paquetes,Seguridad,Llamada de emergencia,,
NissanConnect Services,Pathfinder,2025,Platinum,Paquetes,Seguridad,Conexión con asistencia vial,,
NissanConnect Services,Pathfinder,2025,Platinum,Paquetes,Seguridad,Notificación de alarma,,
NissanConnect Services,Pathfinder,2025,Platinum,Paquetes,Seguridad,Geocercas,,
NissanConnect Services,Pathfinder,2025,Platinum,Paquetes,Seguridad,Alerta de Valet,,
NissanConnect Services,Pathfinder,2025,Platinum,Paquetes,Seguridad,Alerta de velocidad,,
NissanConnect Services,Pathfinder,2025,Platinum,Paquetes,Seguridad,Alerta de movimiento programado,,
NissanConnect Services,Pathfinder,2025,Platinum,Paquetes,Seguridad,Asistencia de Vehículo Robado,,
NissanConnect Services,Pathfinder,2025,Platinum,Paquetes,Conveniencia,Arranque/ Apagado remoto de motor,,
NissanConnect Services,Pathfinder,2025,Platinum,Paquetes,Conveniencia,Luces destelladas y bocina remoto,,
NissanConnect Services,Pathfinder,2025,Platinum,Paquetes,Conveniencia,Localizar mi vehículo,,
NissanConnect Services,Pathfinder,2025,Platinum,Paquetes,Conveniencia,Estado remoto de mi vehículo,,
NissanConnect Services,Pathfinder,2025,Platinum,Paquetes,Conveniencia,Borrado remoto de datos,,
NissanConnect Services,Pathfinder,2025,Platinum,Paquetes,Conveniencia,Nissan Concierge,,
NissanConnect Services,Pathfinder,2025,Platinum,Paquetes,Conveniencia,Envío de destino al vehículo,,
NissanConnect Services,Pathfinder,2025,Platinum,Paquetes,Conveniencia,Asistente de destino,,
NissanConnect Services,Pathfinder,2025,Platinum,Paquetes,Conveniencia,Navegación puerta a puerta,,
NissanConnect Services,Pathfinder,2025,Platinum,Paquetes,Conveniencia,Planificador de viaje,,
NissanConnect Services,Pathfinder,2025,Platinum,Paquetes,Premium,Paquetes de Seguridad + Conveniencia + Select,,
NissanConnect Services,Pathfinder,2025,Platinum,Paquetes,Wi-Fi,Wi-Fi HotSpot,,
NissanConnect Services,Pathfinder,2025,Platinum,Manuales y Guías,Pocket Guide,Aprende a configurar y utilizar las funciones conectadas de tu Nissan.,,
NissanConnect Services,Pathfinder,2025,Platinum,Manuales y Guías,Quick Guide,Conoce algunos de los servicios que ofrece NissanConnect Services y accede a un QR para descargar la App.,,
NissanConnect Services,Pathfinder,2025,Platinum,Manuales y Guías,Activación de cuenta,Descubre cómo activar tu cuenta de NissanConnect Services,,
NissanConnect Services,Pathfinder,2025,Platinum,Manuales y Guías,Activación de Wi-Fi ,Descubre cómo activar la prueba gratuita de Wi-Fi Hot Spot incluida en tu Nissan ,,
NissanConnect Services,Pathfinder,2026,Exclusive,Paquetes,Select,Bloqueo / desbloqueo remoto de puertas,,
NissanConnect Services,Pathfinder,2026,Exclusive,Paquetes,Select,Alerta de mantenimiento,,
NissanConnect Services,Pathfinder,2026,Exclusive,Paquetes,Select,Notificación Mantenimiento Preventivo,,
NissanConnect Services,Pathfinder,2026,Exclusive,Paquetes,Select,Mensaje enviado al vehículo,,
NissanConnect Services,Pathfinder,2026,Exclusive,Paquetes,Select,Actualizaciones Over-The-Air,,
NissanConnect Services,Pathfinder,2026,Exclusive,Paquetes,Select,Llamada de asistencia desde la App,,
NissanConnect Services,Pathfinder,2026,Exclusive,Paquetes,Select,Vista Mapa,,
NissanConnect Services,Pathfinder,2026,Exclusive,Paquetes,Select,Vista Satélite,,
NissanConnect Services,Pathfinder,2026,Exclusive,Paquetes,Select,Destinos by Google,,
NissanConnect Services,Pathfinder,2026,Exclusive,Paquetes,Select,Búsqueda Conectada,,
NissanConnect Services,Pathfinder,2026,Exclusive,Paquetes,Select,Actualización de mapas Over-The-Air,,
NissanConnect Services,Pathfinder,2026,Exclusive,Paquetes,Select,Premium Traffic,,
NissanConnect Services,Pathfinder,2026,Exclusive,Paquetes,Select,TomTom Weather,,
NissanConnect Services,Pathfinder,2026,Exclusive,Paquetes,Select,Conductor adicional,,
NissanConnect Services,Pathfinder,2026,Exclusive,Paquetes,Select,Asistente de Google,,
NissanConnect Services,Pathfinder,2026,Exclusive,Paquetes,Select,Google Play,,
NissanConnect Services,Pathfinder,2026,Exclusive,Paquetes,Select,Google Maps,,
NissanConnect Services,Pathfinder,2026,Exclusive,Paquetes,Select,Recordatorio de bloqueo,,
NissanConnect Services,Pathfinder,2026,Exclusive,Paquetes,Select,Radio híbrido,,
NissanConnect Services,Pathfinder,2026,Exclusive,Paquetes,Seguridad,Notificación automática de colisión (ACN),,
NissanConnect Services,Pathfinder,2026,Exclusive,Paquetes,Seguridad,Llamada de emergencia,,
NissanConnect Services,Pathfinder,2026,Exclusive,Paquetes,Seguridad,Conexión con asistencia vial,,
NissanConnect Services,Pathfinder,2026,Exclusive,Paquetes,Seguridad,Notificación de alarma,,
NissanConnect Services,Pathfinder,2026,Exclusive,Paquetes,Seguridad,Geocercas,,
NissanConnect Services,Pathfinder,2026,Exclusive,Paquetes,Seguridad,Alerta de Valet,,
NissanConnect Services,Pathfinder,2026,Exclusive,Paquetes,Seguridad,Alerta de velocidad,,
NissanConnect Services,Pathfinder,2026,Exclusive,Paquetes,Seguridad,Alerta de movimiento programado,,
NissanConnect Services,Pathfinder,2026,Exclusive,Paquetes,Seguridad,Asistencia de Vehículo Robado,,
NissanConnect Services,Pathfinder,2026,Exclusive,Paquetes,Seguridad,Alerta de Arrastre,,
NissanConnect Services,Pathfinder,2026,Exclusive,Paquetes,Conveniencia,Arranque/ Apagado remoto de motor,,
NissanConnect Services,Pathfinder,2026,Exclusive,Paquetes,Conveniencia,Luces destelladas y bocina remoto,,
NissanConnect Services,Pathfinder,2026,Exclusive,Paquetes,Conveniencia,Localizar mi vehículo,,
NissanConnect Services,Pathfinder,2026,Exclusive,Paquetes,Conveniencia,Estado remoto de mi vehículo,,
NissanConnect Services,Pathfinder,2026,Exclusive,Paquetes,Conveniencia,Borrado remoto de datos,,
NissanConnect Services,Pathfinder,2026,Exclusive,Paquetes,Conveniencia,Nissan Concierge,,
NissanConnect Services,Pathfinder,2026,Exclusive,Paquetes,Conveniencia,Envío de destino al vehículo,,
NissanConnect Services,Pathfinder,2026,Exclusive,Paquetes,Conveniencia,Asistente de destino,,
NissanConnect Services,Pathfinder,2026,Exclusive,Paquetes,Conveniencia,Navegación puerta a puerta,,
NissanConnect Services,Pathfinder,2026,Exclusive,Paquetes,Conveniencia,Planificador de viaje,,
NissanConnect Services,Pathfinder,2026,Exclusive,Paquetes,Conveniencia,Control de clima remoto,,
NissanConnect Services,Pathfinder,2026,Exclusive,Paquetes,Premium,Paquetes de Seguridad + Conveniencia + Select,,
NissanConnect Services,Pathfinder,2026,Exclusive,Paquetes,Wi-Fi,Wi-Fi HotSpot,,
NissanConnect Services,Pathfinder,2026,Exclusive,Manuales y Guías,Pocket Guide,Aprende a configurar y utilizar las funciones conectadas de tu Nissan.,,
NissanConnect Services,Pathfinder,2026,Exclusive,Manuales y Guías,Quick Guide,Conoce algunos de los servicios que ofrece NissanConnect Services y accede a un QR para descargar la App.,,
NissanConnect Services,Pathfinder,2026,Exclusive,Manuales y Guías,Activación de cuenta,Descubre cómo activar tu cuenta de NissanConnect Services,,
NissanConnect Services,Pathfinder,2026,Exclusive,Manuales y Guías,Activación de Wi-Fi ,Descubre cómo activar la prueba gratuita de Wi-Fi Hot Spot incluida en tu Nissan ,,
NissanConnect Services,Pathfinder,2026,Platinum,Paquetes,Select,Bloqueo / desbloqueo remoto de puertas,,
NissanConnect Services,Pathfinder,2026,Platinum,Paquetes,Select,Alerta de mantenimiento,,
NissanConnect Services,Pathfinder,2026,Platinum,Paquetes,Select,Notificación Mantenimiento Preventivo,,
NissanConnect Services,Pathfinder,2026,Platinum,Paquetes,Select,Mensaje enviado al vehículo,,
NissanConnect Services,Pathfinder,2026,Platinum,Paquetes,Select,Actualizaciones Over-The-Air,,
NissanConnect Services,Pathfinder,2026,Platinum,Paquetes,Select,Llamada de asistencia desde la App,,
NissanConnect Services,Pathfinder,2026,Platinum,Paquetes,Select,Vista Mapa,,
NissanConnect Services,Pathfinder,2026,Platinum,Paquetes,Select,Vista Satélite,,
NissanConnect Services,Pathfinder,2026,Platinum,Paquetes,Select,Destinos by Google,,
NissanConnect Services,Pathfinder,2026,Platinum,Paquetes,Select,Búsqueda Conectada,,
NissanConnect Services,Pathfinder,2026,Platinum,Paquetes,Select,Actualización de mapas Over-The-Air,,
NissanConnect Services,Pathfinder,2026,Platinum,Paquetes,Select,Premium Traffic,,
NissanConnect Services,Pathfinder,2026,Platinum,Paquetes,Select,TomTom Weather,,
NissanConnect Services,Pathfinder,2026,Platinum,Paquetes,Select,Conductor adicional,,
NissanConnect Services,Pathfinder,2026,Platinum,Paquetes,Select,Asistente de Google,,
NissanConnect Services,Pathfinder,2026,Platinum,Paquetes,Select,Google Play,,
NissanConnect Services,Pathfinder,2026,Platinum,Paquetes,Select,Google Maps,,
NissanConnect Services,Pathfinder,2026,Platinum,Paquetes,Select,Recordatorio de bloqueo,,
NissanConnect Services,Pathfinder,2026,Platinum,Paquetes,Select,Radio híbrido,,
NissanConnect Services,Pathfinder,2026,Platinum,Paquetes,Seguridad,Notificación automática de colisión (ACN),,
NissanConnect Services,Pathfinder,2026,Platinum,Paquetes,Seguridad,Llamada de emergencia,,
NissanConnect Services,Pathfinder,2026,Platinum,Paquetes,Seguridad,Conexión con asistencia vial,,
NissanConnect Services,Pathfinder,2026,Platinum,Paquetes,Seguridad,Notificación de alarma,,
NissanConnect Services,Pathfinder,2026,Platinum,Paquetes,Seguridad,Geocercas,,
NissanConnect Services,Pathfinder,2026,Platinum,Paquetes,Seguridad,Alerta de Valet,,
NissanConnect Services,Pathfinder,2026,Platinum,Paquetes,Seguridad,Alerta de velocidad,,
NissanConnect Services,Pathfinder,2026,Platinum,Paquetes,Seguridad,Alerta de movimiento programado,,
NissanConnect Services,Pathfinder,2026,Platinum,Paquetes,Seguridad,Asistencia de Vehículo Robado,,
NissanConnect Services,Pathfinder,2026,Platinum,Paquetes,Seguridad,Alerta de Arrastre,,
NissanConnect Services,Pathfinder,2026,Platinum,Paquetes,Conveniencia,Arranque/ Apagado remoto de motor,,
NissanConnect Services,Pathfinder,2026,Platinum,Paquetes,Conveniencia,Luces destelladas y bocina remoto,,
NissanConnect Services,Pathfinder,2026,Platinum,Paquetes,Conveniencia,Localizar mi vehículo,,
NissanConnect Services,Pathfinder,2026,Platinum,Paquetes,Conveniencia,Estado remoto de mi vehículo,,
NissanConnect Services,Pathfinder,2026,Platinum,Paquetes,Conveniencia,Borrado remoto de datos,,
NissanConnect Services,Pathfinder,2026,Platinum,Paquetes,Conveniencia,Nissan Concierge,,
NissanConnect Services,Pathfinder,2026,Platinum,Paquetes,Conveniencia,Envío de destino al vehículo,,
NissanConnect Services,Pathfinder,2026,Platinum,Paquetes,Conveniencia,Asistente de destino,,
NissanConnect Services,Pathfinder,2026,Platinum,Paquetes,Conveniencia,Navegación puerta a puerta,,
NissanConnect Services,Pathfinder,2026,Platinum,Paquetes,Conveniencia,Planificador de viaje,,
NissanConnect Services,Pathfinder,2026,Platinum,Paquetes,Conveniencia,Control de clima remoto,,
NissanConnect Services,Pathfinder,2026,Platinum,Paquetes,Premium,Paquetes de Seguridad + Conveniencia + Select,,
NissanConnect Services,Pathfinder,2026,Platinum,Paquetes,Wi-Fi,Wi-Fi HotSpot,,
NissanConnect Services,Pathfinder,2026,Platinum,Manuales y Guías,Pocket Guide,Aprende a configurar y utilizar las funciones conectadas de tu Nissan.,,
NissanConnect Services,Pathfinder,2026,Platinum,Manuales y Guías,Quick Guide,Conoce algunos de los servicios que ofrece NissanConnect Services y accede a un QR para descargar la App.,,
NissanConnect Services,Pathfinder,2026,Platinum,Manuales y Guías,Activación de cuenta,Descubre cómo activar tu cuenta de NissanConnect Services,,
NissanConnect Services,Pathfinder,2026,Platinum,Manuales y Guías,Activación de Wi-Fi ,Descubre cómo activar la prueba gratuita de Wi-Fi Hot Spot incluida en tu Nissan ,,
NissanConnect Services,Pathfinder,2027,Platinum,Paquetes,Select,Bloqueo / desbloqueo remoto de puertas,,
NissanConnect Services,Pathfinder,2027,Platinum,Paquetes,Select,Alerta de mantenimiento,,
NissanConnect Services,Pathfinder,2027,Platinum,Paquetes,Select,Notificación Mantenimiento Preventivo,,
NissanConnect Services,Pathfinder,2027,Platinum,Paquetes,Select,Mensaje enviado al vehículo,,
NissanConnect Services,Pathfinder,2027,Platinum,Paquetes,Select,Actualizaciones Over-The-Air,,
NissanConnect Services,Pathfinder,2027,Platinum,Paquetes,Select,Llamada de asistencia desde la App,,
NissanConnect Services,Pathfinder,2027,Platinum,Paquetes,Select,Vista Mapa,,
NissanConnect Services,Pathfinder,2027,Platinum,Paquetes,Select,Vista Satélite,,
NissanConnect Services,Pathfinder,2027,Platinum,Paquetes,Select,Destinos by Google,,
NissanConnect Services,Pathfinder,2027,Platinum,Paquetes,Select,Búsqueda Conectada,,
NissanConnect Services,Pathfinder,2027,Platinum,Paquetes,Select,Actualización de mapas Over-The-Air,,
NissanConnect Services,Pathfinder,2027,Platinum,Paquetes,Select,Premium Traffic,,
NissanConnect Services,Pathfinder,2027,Platinum,Paquetes,Select,TomTom Weather,,
NissanConnect Services,Pathfinder,2027,Platinum,Paquetes,Select,Conductor adicional,,
NissanConnect Services,Pathfinder,2027,Platinum,Paquetes,Select,Asistente de Google,,
NissanConnect Services,Pathfinder,2027,Platinum,Paquetes,Select,Google Play,,
NissanConnect Services,Pathfinder,2027,Platinum,Paquetes,Select,Google Maps,,
NissanConnect Services,Pathfinder,2027,Platinum,Paquetes,Select,Recordatorio de bloqueo,,
NissanConnect Services,Pathfinder,2027,Platinum,Paquetes,Select,Radio híbrido,,
NissanConnect Services,Pathfinder,2027,Platinum,Paquetes,Seguridad,Notificación automática de colisión (ACN),,
NissanConnect Services,Pathfinder,2027,Platinum,Paquetes,Seguridad,Llamada de emergencia,,
NissanConnect Services,Pathfinder,2027,Platinum,Paquetes,Seguridad,Conexión con asistencia vial,,
NissanConnect Services,Pathfinder,2027,Platinum,Paquetes,Seguridad,Notificación de alarma,,
NissanConnect Services,Pathfinder,2027,Platinum,Paquetes,Seguridad,Geocercas,,
NissanConnect Services,Pathfinder,2027,Platinum,Paquetes,Seguridad,Alerta de Valet,,
NissanConnect Services,Pathfinder,2027,Platinum,Paquetes,Seguridad,Alerta de velocidad,,
NissanConnect Services,Pathfinder,2027,Platinum,Paquetes,Seguridad,Alerta de movimiento programado,,
NissanConnect Services,Pathfinder,2027,Platinum,Paquetes,Seguridad,Asistencia de Vehículo Robado,,
NissanConnect Services,Pathfinder,2027,Platinum,Paquetes,Seguridad,Alerta de Arrastre,,
NissanConnect Services,Pathfinder,2027,Platinum,Paquetes,Conveniencia,Arranque/ Apagado remoto de motor,,
NissanConnect Services,Pathfinder,2027,Platinum,Paquetes,Conveniencia,Luces destelladas y bocina remoto,,
NissanConnect Services,Pathfinder,2027,Platinum,Paquetes,Conveniencia,Localizar mi vehículo,,
NissanConnect Services,Pathfinder,2027,Platinum,Paquetes,Conveniencia,Estado remoto de mi vehículo,,
NissanConnect Services,Pathfinder,2027,Platinum,Paquetes,Conveniencia,Borrado remoto de datos,,
NissanConnect Services,Pathfinder,2027,Platinum,Paquetes,Conveniencia,Nissan Concierge,,
NissanConnect Services,Pathfinder,2027,Platinum,Paquetes,Conveniencia,Envío de destino al vehículo,,
NissanConnect Services,Pathfinder,2027,Platinum,Paquetes,Conveniencia,Asistente de destino,,
NissanConnect Services,Pathfinder,2027,Platinum,Paquetes,Conveniencia,Navegación puerta a puerta,,
NissanConnect Services,Pathfinder,2027,Platinum,Paquetes,Conveniencia,Planificador de viaje,,
NissanConnect Services,Pathfinder,2027,Platinum,Paquetes,Conveniencia,Control de clima remoto,,
NissanConnect Services,Pathfinder,2027,Platinum,Paquetes,Premium,Paquetes de Seguridad + Conveniencia + Select,,
NissanConnect Services,Pathfinder,2027,Platinum,Paquetes,Wi-Fi,Wi-Fi HotSpot,,
NissanConnect Services,Pathfinder,2027,Platinum,Manuales y Guías,Pocket Guide,Aprende a configurar y utilizar las funciones conectadas de tu Nissan.,,
NissanConnect Services,Pathfinder,2027,Platinum,Manuales y Guías,Quick Guide,Conoce algunos de los servicios que ofrece NissanConnect Services y accede a un QR para descargar la App.,,
NissanConnect Services,Pathfinder,2027,Platinum,Manuales y Guías,Activación de cuenta,Descubre cómo activar tu cuenta de NissanConnect Services,,
NissanConnect Services,Pathfinder,2027,Platinum,Manuales y Guías,Activación de Wi-Fi ,Descubre cómo activar la prueba gratuita de Wi-Fi Hot Spot incluida en tu Nissan ,,
NissanConnect Finder,Sentra ,2021,Sense,Paquetes,Servicios,Localización en tiempo real,,
NissanConnect Finder,Sentra ,2021,Sense,Paquetes,Servicios,Activación de bocina,,
NissanConnect Finder,Sentra ,2021,Sense,Paquetes,Servicios,Geocercas,,
NissanConnect Finder,Sentra ,2021,Sense,Paquetes,Servicios,Ubicación del Vehículo,,
NissanConnect Finder,Sentra ,2021,Sense,Paquetes,Servicios,Sígueme,,
NissanConnect Finder,Sentra ,2021,Sense,Paquetes,Servicios,Navegación,,
NissanConnect Finder,Sentra ,2021,Sense,Paquetes,Servicios,Notificaciones,,
NissanConnect Finder,Sentra ,2021,Sense,Paquetes,Servicios,Histórico de Rutas,,
NissanConnect Finder,Sentra ,2021,Sense,Paquetes,Servicios,Asistencia de Vehículo Robado ,,
NissanConnect Finder,Sentra ,2021,Sense,Paquetes,Servicios,Alerta de Movimiento,,
NissanConnect Finder,Sentra ,2021,Sense,Paquetes,Servicios,Alerta de Velocidad,,
NissanConnect Finder,Sentra ,2021,Sense,Paquetes,Servicios,Conexión a Asistencia Vial Nissan,,
NissanConnect Finder,Sentra ,2021,Sense,Paquetes,Servicios,Asistencia NissanConnect® Finder,,
NissanConnect Finder,Sentra ,2021,Sense,Paquetes,Servicios,Liga a Página de Citas de Mantenimiento Vehicular,,
NissanConnect Finder,Sentra ,2021,Advance,Paquetes,Servicios,Localización en tiempo real,,
NissanConnect Finder,Sentra ,2021,Advance,Paquetes,Servicios,Activación de bocina,,
NissanConnect Finder,Sentra ,2021,Advance,Paquetes,Servicios,Geocercas,,
NissanConnect Finder,Sentra ,2021,Advance,Paquetes,Servicios,Ubicación del Vehículo,,
NissanConnect Finder,Sentra ,2021,Advance,Paquetes,Servicios,Sígueme,,
NissanConnect Finder,Sentra ,2021,Advance,Paquetes,Servicios,Navegación,,
NissanConnect Finder,Sentra ,2021,Advance,Paquetes,Servicios,Notificaciones,,
NissanConnect Finder,Sentra ,2021,Advance,Paquetes,Servicios,Histórico de Rutas,,
NissanConnect Finder,Sentra ,2021,Advance,Paquetes,Servicios,Asistencia de Vehículo Robado ,,
NissanConnect Finder,Sentra ,2021,Advance,Paquetes,Servicios,Alerta de Movimiento,,
NissanConnect Finder,Sentra ,2021,Advance,Paquetes,Servicios,Alerta de Velocidad,,
NissanConnect Finder,Sentra ,2021,Advance,Paquetes,Servicios,Conexión a Asistencia Vial Nissan,,
NissanConnect Finder,Sentra ,2021,Advance,Paquetes,Servicios,Asistencia NissanConnect® Finder,,
NissanConnect Finder,Sentra ,2021,Advance,Paquetes,Servicios,Liga a Página de Citas de Mantenimiento Vehicular,,
NissanConnect Finder,Sentra ,2021,SR,Paquetes,Servicios,Localización en tiempo real,,
NissanConnect Finder,Sentra ,2021,SR,Paquetes,Servicios,Activación de bocina,,
NissanConnect Finder,Sentra ,2021,SR,Paquetes,Servicios,Geocercas,,
NissanConnect Finder,Sentra ,2021,SR,Paquetes,Servicios,Ubicación del Vehículo,,
NissanConnect Finder,Sentra ,2021,SR,Paquetes,Servicios,Sígueme,,
NissanConnect Finder,Sentra ,2021,SR,Paquetes,Servicios,Navegación,,
NissanConnect Finder,Sentra ,2021,SR,Paquetes,Servicios,Notificaciones,,
NissanConnect Finder,Sentra ,2021,SR,Paquetes,Servicios,Histórico de Rutas,,
NissanConnect Finder,Sentra ,2021,SR,Paquetes,Servicios,Asistencia de Vehículo Robado ,,
NissanConnect Finder,Sentra ,2021,SR,Paquetes,Servicios,Alerta de Movimiento,,
NissanConnect Finder,Sentra ,2021,SR,Paquetes,Servicios,Alerta de Velocidad,,
NissanConnect Finder,Sentra ,2021,SR,Paquetes,Servicios,Conexión a Asistencia Vial Nissan,,
NissanConnect Finder,Sentra ,2021,SR,Paquetes,Servicios,Asistencia NissanConnect® Finder,,
NissanConnect Finder,Sentra ,2021,SR,Paquetes,Servicios,Liga a Página de Citas de Mantenimiento Vehicular,,
NissanConnect Finder,Sentra ,2022,Sense,Paquetes,Servicios,Localización en tiempo real,,
NissanConnect Finder,Sentra ,2022,Sense,Paquetes,Servicios,Activación de bocina,,
NissanConnect Finder,Sentra ,2022,Sense,Paquetes,Servicios,Geocercas,,
NissanConnect Finder,Sentra ,2022,Sense,Paquetes,Servicios,Ubicación del Vehículo,,
NissanConnect Finder,Sentra ,2022,Sense,Paquetes,Servicios,Sígueme,,
NissanConnect Finder,Sentra ,2022,Sense,Paquetes,Servicios,Navegación,,
NissanConnect Finder,Sentra ,2022,Sense,Paquetes,Servicios,Notificaciones,,
NissanConnect Finder,Sentra ,2022,Sense,Paquetes,Servicios,Histórico de Rutas,,
NissanConnect Finder,Sentra ,2022,Sense,Paquetes,Servicios,Asistencia de Vehículo Robado ,,
NissanConnect Finder,Sentra ,2022,Sense,Paquetes,Servicios,Alerta de Movimiento,,
NissanConnect Finder,Sentra ,2022,Sense,Paquetes,Servicios,Alerta de Velocidad,,
NissanConnect Finder,Sentra ,2022,Sense,Paquetes,Servicios,Conexión a Asistencia Vial Nissan,,
NissanConnect Finder,Sentra ,2022,Sense,Paquetes,Servicios,Asistencia NissanConnect® Finder,,
NissanConnect Finder,Sentra ,2022,Sense,Paquetes,Servicios,Liga a Página de Citas de Mantenimiento Vehicular,,
NissanConnect Finder,Sentra ,2022,Advance,Paquetes,Servicios,Localización en tiempo real,,
NissanConnect Finder,Sentra ,2022,Advance,Paquetes,Servicios,Activación de bocina,,
NissanConnect Finder,Sentra ,2022,Advance,Paquetes,Servicios,Geocercas,,
NissanConnect Finder,Sentra ,2022,Advance,Paquetes,Servicios,Ubicación del Vehículo,,
NissanConnect Finder,Sentra ,2022,Advance,Paquetes,Servicios,Sígueme,,
NissanConnect Finder,Sentra ,2022,Advance,Paquetes,Servicios,Navegación,,
NissanConnect Finder,Sentra ,2022,Advance,Paquetes,Servicios,Notificaciones,,
NissanConnect Finder,Sentra ,2022,Advance,Paquetes,Servicios,Histórico de Rutas,,
NissanConnect Finder,Sentra ,2022,Advance,Paquetes,Servicios,Asistencia de Vehículo Robado ,,
NissanConnect Finder,Sentra ,2022,Advance,Paquetes,Servicios,Alerta de Movimiento,,
NissanConnect Finder,Sentra ,2022,Advance,Paquetes,Servicios,Alerta de Velocidad,,
NissanConnect Finder,Sentra ,2022,Advance,Paquetes,Servicios,Conexión a Asistencia Vial Nissan,,
NissanConnect Finder,Sentra ,2022,Advance,Paquetes,Servicios,Asistencia NissanConnect® Finder,,
NissanConnect Finder,Sentra ,2022,Advance,Paquetes,Servicios,Liga a Página de Citas de Mantenimiento Vehicular,,
NissanConnect Finder,Sentra ,2022,SR,Paquetes,Servicios,Localización en tiempo real,,
NissanConnect Finder,Sentra ,2022,SR,Paquetes,Servicios,Activación de bocina,,
NissanConnect Finder,Sentra ,2022,SR,Paquetes,Servicios,Geocercas,,
NissanConnect Finder,Sentra ,2022,SR,Paquetes,Servicios,Ubicación del Vehículo,,
NissanConnect Finder,Sentra ,2022,SR,Paquetes,Servicios,Sígueme,,
NissanConnect Finder,Sentra ,2022,SR,Paquetes,Servicios,Navegación,,
NissanConnect Finder,Sentra ,2022,SR,Paquetes,Servicios,Notificaciones,,
NissanConnect Finder,Sentra ,2022,SR,Paquetes,Servicios,Histórico de Rutas,,
NissanConnect Finder,Sentra ,2022,SR,Paquetes,Servicios,Asistencia de Vehículo Robado ,,
NissanConnect Finder,Sentra ,2022,SR,Paquetes,Servicios,Alerta de Movimiento,,
NissanConnect Finder,Sentra ,2022,SR,Paquetes,Servicios,Alerta de Velocidad,,
NissanConnect Finder,Sentra ,2022,SR,Paquetes,Servicios,Conexión a Asistencia Vial Nissan,,
NissanConnect Finder,Sentra ,2022,SR,Paquetes,Servicios,Asistencia NissanConnect® Finder,,
NissanConnect Finder,Sentra ,2022,SR,Paquetes,Servicios,Liga a Página de Citas de Mantenimiento Vehicular,,
NissanConnect Finder,Sentra ,2023,Sense,Paquetes,Servicios,Localización en tiempo real,,
NissanConnect Finder,Sentra ,2023,Sense,Paquetes,Servicios,Activación de bocina,,
NissanConnect Finder,Sentra ,2023,Sense,Paquetes,Servicios,Geocercas,,
NissanConnect Finder,Sentra ,2023,Sense,Paquetes,Servicios,Ubicación del Vehículo,,
NissanConnect Finder,Sentra ,2023,Sense,Paquetes,Servicios,Sígueme,,
NissanConnect Finder,Sentra ,2023,Sense,Paquetes,Servicios,Navegación,,
NissanConnect Finder,Sentra ,2023,Sense,Paquetes,Servicios,Notificaciones,,
NissanConnect Finder,Sentra ,2023,Sense,Paquetes,Servicios,Histórico de Rutas,,
NissanConnect Finder,Sentra ,2023,Sense,Paquetes,Servicios,Asistencia de Vehículo Robado ,,
NissanConnect Finder,Sentra ,2023,Sense,Paquetes,Servicios,Alerta de Movimiento,,
NissanConnect Finder,Sentra ,2023,Sense,Paquetes,Servicios,Alerta de Velocidad,,
NissanConnect Finder,Sentra ,2023,Sense,Paquetes,Servicios,Conexión a Asistencia Vial Nissan,,
NissanConnect Finder,Sentra ,2023,Sense,Paquetes,Servicios,Asistencia NissanConnect® Finder,,
NissanConnect Finder,Sentra ,2023,Sense,Paquetes,Servicios,Liga a Página de Citas de Mantenimiento Vehicular,,
NissanConnect Finder,Sentra ,2023,Advance,Paquetes,Servicios,Localización en tiempo real,,
NissanConnect Finder,Sentra ,2023,Advance,Paquetes,Servicios,Activación de bocina,,
NissanConnect Finder,Sentra ,2023,Advance,Paquetes,Servicios,Geocercas,,
NissanConnect Finder,Sentra ,2023,Advance,Paquetes,Servicios,Ubicación del Vehículo,,
NissanConnect Finder,Sentra ,2023,Advance,Paquetes,Servicios,Sígueme,,
NissanConnect Finder,Sentra ,2023,Advance,Paquetes,Servicios,Navegación,,
NissanConnect Finder,Sentra ,2023,Advance,Paquetes,Servicios,Notificaciones,,
NissanConnect Finder,Sentra ,2023,Advance,Paquetes,Servicios,Histórico de Rutas,,
NissanConnect Finder,Sentra ,2023,Advance,Paquetes,Servicios,Asistencia de Vehículo Robado ,,
NissanConnect Finder,Sentra ,2023,Advance,Paquetes,Servicios,Alerta de Movimiento,,
NissanConnect Finder,Sentra ,2023,Advance,Paquetes,Servicios,Alerta de Velocidad,,
NissanConnect Finder,Sentra ,2023,Advance,Paquetes,Servicios,Conexión a Asistencia Vial Nissan,,
NissanConnect Finder,Sentra ,2023,Advance,Paquetes,Servicios,Asistencia NissanConnect® Finder,,
NissanConnect Finder,Sentra ,2023,Advance,Paquetes,Servicios,Liga a Página de Citas de Mantenimiento Vehicular,,
NissanConnect Finder,Sentra ,2023,SR,Paquetes,Servicios,Localización en tiempo real,,
NissanConnect Finder,Sentra ,2023,SR,Paquetes,Servicios,Activación de bocina,,
NissanConnect Finder,Sentra ,2023,SR,Paquetes,Servicios,Geocercas,,
NissanConnect Finder,Sentra ,2023,SR,Paquetes,Servicios,Ubicación del Vehículo,,
NissanConnect Finder,Sentra ,2023,SR,Paquetes,Servicios,Sígueme,,
NissanConnect Finder,Sentra ,2023,SR,Paquetes,Servicios,Navegación,,
NissanConnect Finder,Sentra ,2023,SR,Paquetes,Servicios,Notificaciones,,
NissanConnect Finder,Sentra ,2023,SR,Paquetes,Servicios,Histórico de Rutas,,
NissanConnect Finder,Sentra ,2023,SR,Paquetes,Servicios,Asistencia de Vehículo Robado ,,
NissanConnect Finder,Sentra ,2023,SR,Paquetes,Servicios,Alerta de Movimiento,,
NissanConnect Finder,Sentra ,2023,SR,Paquetes,Servicios,Alerta de Velocidad,,
NissanConnect Finder,Sentra ,2023,SR,Paquetes,Servicios,Conexión a Asistencia Vial Nissan,,
NissanConnect Finder,Sentra ,2023,SR,Paquetes,Servicios,Asistencia NissanConnect® Finder,,
NissanConnect Finder,Sentra ,2023,SR,Paquetes,Servicios,Liga a Página de Citas de Mantenimiento Vehicular,,
NissanConnect Finder,Sentra ,2024,Sense,Paquetes,Servicios,Localización en tiempo real,,
NissanConnect Finder,Sentra ,2024,Sense,Paquetes,Servicios,Activación de bocina,,
NissanConnect Finder,Sentra ,2024,Sense,Paquetes,Servicios,Geocercas,,
NissanConnect Finder,Sentra ,2024,Sense,Paquetes,Servicios,Ubicación del Vehículo,,
NissanConnect Finder,Sentra ,2024,Sense,Paquetes,Servicios,Sígueme,,
NissanConnect Finder,Sentra ,2024,Sense,Paquetes,Servicios,Navegación,,
NissanConnect Finder,Sentra ,2024,Sense,Paquetes,Servicios,Notificaciones,,
NissanConnect Finder,Sentra ,2024,Sense,Paquetes,Servicios,Histórico de Rutas,,
NissanConnect Finder,Sentra ,2024,Sense,Paquetes,Servicios,Asistencia de Vehículo Robado ,,
NissanConnect Finder,Sentra ,2024,Sense,Paquetes,Servicios,Alerta de Movimiento,,
NissanConnect Finder,Sentra ,2024,Sense,Paquetes,Servicios,Alerta de Velocidad,,
NissanConnect Finder,Sentra ,2024,Sense,Paquetes,Servicios,Alerta de Arrastre,,
NissanConnect Finder,Sentra ,2024,Sense,Paquetes,Servicios,Alerta de Posible Emergencia Vial,,
NissanConnect Finder,Sentra ,2024,Sense,Paquetes,Servicios,Conexión a Asistencia Vial Nissan,,
NissanConnect Finder,Sentra ,2024,Sense,Paquetes,Servicios,Asistencia NissanConnect® Finder,,
NissanConnect Finder,Sentra ,2024,Sense,Paquetes,Servicios,Liga a Página de Citas de Mantenimiento Vehicular,,
NissanConnect Finder,Sentra ,2024,Advance,Paquetes,Servicios,Localización en tiempo real,,
NissanConnect Finder,Sentra ,2024,Advance,Paquetes,Servicios,Activación de bocina,,
NissanConnect Finder,Sentra ,2024,Advance,Paquetes,Servicios,Geocercas,,
NissanConnect Finder,Sentra ,2024,Advance,Paquetes,Servicios,Ubicación del Vehículo,,
NissanConnect Finder,Sentra ,2024,Advance,Paquetes,Servicios,Sígueme,,
NissanConnect Finder,Sentra ,2024,Advance,Paquetes,Servicios,Navegación,,
NissanConnect Finder,Sentra ,2024,Advance,Paquetes,Servicios,Notificaciones,,
NissanConnect Finder,Sentra ,2024,Advance,Paquetes,Servicios,Histórico de Rutas,,
NissanConnect Finder,Sentra ,2024,Advance,Paquetes,Servicios,Asistencia de Vehículo Robado ,,
NissanConnect Finder,Sentra ,2024,Advance,Paquetes,Servicios,Alerta de Movimiento,,
NissanConnect Finder,Sentra ,2024,Advance,Paquetes,Servicios,Alerta de Velocidad,,
NissanConnect Finder,Sentra ,2024,Advance,Paquetes,Servicios,Alerta de Arrastre,,
NissanConnect Finder,Sentra ,2024,Advance,Paquetes,Servicios,Alerta de Posible Emergencia Vial,,
NissanConnect Finder,Sentra ,2024,Advance,Paquetes,Servicios,Conexión a Asistencia Vial Nissan,,
NissanConnect Finder,Sentra ,2024,Advance,Paquetes,Servicios,Asistencia NissanConnect® Finder,,
NissanConnect Finder,Sentra ,2024,Advance,Paquetes,Servicios,Liga a Página de Citas de Mantenimiento Vehicular,,
NissanConnect Finder,Sentra ,2025,Sense,Paquetes,Servicios,Localización en tiempo real,,
NissanConnect Finder,Sentra ,2025,Sense,Paquetes,Servicios,Activación de bocina,,
NissanConnect Finder,Sentra ,2025,Sense,Paquetes,Servicios,Geocercas,,
NissanConnect Finder,Sentra ,2025,Sense,Paquetes,Servicios,Ubicación del Vehículo,,
NissanConnect Finder,Sentra ,2025,Sense,Paquetes,Servicios,Sígueme,,
NissanConnect Finder,Sentra ,2025,Sense,Paquetes,Servicios,Navegación,,
NissanConnect Finder,Sentra ,2025,Sense,Paquetes,Servicios,Notificaciones,,
NissanConnect Finder,Sentra ,2025,Sense,Paquetes,Servicios,Histórico de Rutas,,
NissanConnect Finder,Sentra ,2025,Sense,Paquetes,Servicios,Asistencia de Vehículo Robado ,,
NissanConnect Finder,Sentra ,2025,Sense,Paquetes,Servicios,Alerta de Movimiento,,
NissanConnect Finder,Sentra ,2025,Sense,Paquetes,Servicios,Alerta de Velocidad,,
NissanConnect Finder,Sentra ,2025,Sense,Paquetes,Servicios,Alerta de Arrastre,,
NissanConnect Finder,Sentra ,2025,Sense,Paquetes,Servicios,Alerta de Posible Emergencia Vial,,
NissanConnect Finder,Sentra ,2025,Sense,Paquetes,Servicios,Conexión a Asistencia Vial Nissan,,
NissanConnect Finder,Sentra ,2025,Sense,Paquetes,Servicios,Asistencia NissanConnect® Finder,,
NissanConnect Finder,Sentra ,2025,Sense,Paquetes,Servicios,Liga a Página de Citas de Mantenimiento Vehicular,,
NissanConnect Finder,Sentra ,2025,Advance,Paquetes,Servicios,Localización en tiempo real,,
NissanConnect Finder,Sentra ,2025,Advance,Paquetes,Servicios,Activación de bocina,,
NissanConnect Finder,Sentra ,2025,Advance,Paquetes,Servicios,Geocercas,,
NissanConnect Finder,Sentra ,2025,Advance,Paquetes,Servicios,Ubicación del Vehículo,,
NissanConnect Finder,Sentra ,2025,Advance,Paquetes,Servicios,Sígueme,,
NissanConnect Finder,Sentra ,2025,Advance,Paquetes,Servicios,Navegación,,
NissanConnect Finder,Sentra ,2025,Advance,Paquetes,Servicios,Notificaciones,,
NissanConnect Finder,Sentra ,2025,Advance,Paquetes,Servicios,Histórico de Rutas,,
NissanConnect Finder,Sentra ,2025,Advance,Paquetes,Servicios,Asistencia de Vehículo Robado ,,
NissanConnect Finder,Sentra ,2025,Advance,Paquetes,Servicios,Alerta de Movimiento,,
NissanConnect Finder,Sentra ,2025,Advance,Paquetes,Servicios,Alerta de Velocidad,,
NissanConnect Finder,Sentra ,2025,Advance,Paquetes,Servicios,Alerta de Arrastre,,
NissanConnect Finder,Sentra ,2025,Advance,Paquetes,Servicios,Alerta de Posible Emergencia Vial,,
NissanConnect Finder,Sentra ,2025,Advance,Paquetes,Servicios,Conexión a Asistencia Vial Nissan,,
NissanConnect Finder,Sentra ,2025,Advance,Paquetes,Servicios,Asistencia NissanConnect® Finder,,
NissanConnect Finder,Sentra ,2025,Advance,Paquetes,Servicios,Liga a Página de Citas de Mantenimiento Vehicular,,
NissanConnect Finder,Sentra ,2026,Sense,Paquetes,Servicios,Localización en tiempo real,,
NissanConnect Finder,Sentra ,2026,Sense,Paquetes,Servicios,Activación de bocina,,
NissanConnect Finder,Sentra ,2026,Sense,Paquetes,Servicios,Geocercas,,
NissanConnect Finder,Sentra ,2026,Sense,Paquetes,Servicios,Ubicación del Vehículo,,
NissanConnect Finder,Sentra ,2026,Sense,Paquetes,Servicios,Sígueme,,
NissanConnect Finder,Sentra ,2026,Sense,Paquetes,Servicios,Navegación,,
NissanConnect Finder,Sentra ,2026,Sense,Paquetes,Servicios,Notificaciones,,
NissanConnect Finder,Sentra ,2026,Sense,Paquetes,Servicios,Histórico de Rutas,,
NissanConnect Finder,Sentra ,2026,Sense,Paquetes,Servicios,Asistencia de Vehículo Robado ,,
NissanConnect Finder,Sentra ,2026,Sense,Paquetes,Servicios,Alerta de Movimiento,,
NissanConnect Finder,Sentra ,2026,Sense,Paquetes,Servicios,Alerta de Velocidad,,
NissanConnect Finder,Sentra ,2026,Sense,Paquetes,Servicios,Alerta de Arrastre,,
NissanConnect Finder,Sentra ,2026,Sense,Paquetes,Servicios,Alerta de Posible Emergencia Vial,,
NissanConnect Finder,Sentra ,2026,Sense,Paquetes,Servicios,Conexión a Asistencia Vial Nissan,,
NissanConnect Finder,Sentra ,2026,Sense,Paquetes,Servicios,Asistencia NissanConnect® Finder,,
NissanConnect Finder,Sentra ,2026,Sense,Paquetes,Servicios,Liga a Página de Citas de Mantenimiento Vehicular,,
NissanConnect Finder,Sentra ,2026,Sense,Manuales y Guías,Pocket Guide,Aprende a configurar y utilizar las funciones conectadas de tu Nissan.,,
NissanConnect Finder,Sentra ,2026,Sense,Manuales y Guías,Quick Guide,Conoce algunos de los servicios que ofrece NissanConnect Finder y accede a un QR para descargar la App.,,
NissanConnect Finder,Sentra ,2026,Advance,Paquetes,Servicios,Localización en tiempo real,,
NissanConnect Finder,Sentra ,2026,Advance,Paquetes,Servicios,Activación de bocina,,
NissanConnect Finder,Sentra ,2026,Advance,Paquetes,Servicios,Geocercas,,
NissanConnect Finder,Sentra ,2026,Advance,Paquetes,Servicios,Ubicación del Vehículo,,
NissanConnect Finder,Sentra ,2026,Advance,Paquetes,Servicios,Sígueme,,
NissanConnect Finder,Sentra ,2026,Advance,Paquetes,Servicios,Navegación,,
NissanConnect Finder,Sentra ,2026,Advance,Paquetes,Servicios,Notificaciones,,
NissanConnect Finder,Sentra ,2026,Advance,Paquetes,Servicios,Histórico de Rutas,,
NissanConnect Finder,Sentra ,2026,Advance,Paquetes,Servicios,Asistencia de Vehículo Robado ,,
NissanConnect Finder,Sentra ,2026,Advance,Paquetes,Servicios,Alerta de Movimiento,,
NissanConnect Finder,Sentra ,2026,Advance,Paquetes,Servicios,Alerta de Velocidad,,
NissanConnect Finder,Sentra ,2026,Advance,Paquetes,Servicios,Conexión a Asistencia Vial Nissan,,
NissanConnect Finder,Sentra ,2026,Advance,Paquetes,Servicios,Alerta de Arrastre,,
NissanConnect Finder,Sentra ,2026,Advance,Paquetes,Servicios,Alerta de Posible Emergencia Vial,,
NissanConnect Finder,Sentra ,2026,Advance,Paquetes,Servicios,Asistencia NissanConnect® Finder,,
NissanConnect Finder,Sentra ,2026,Advance,Paquetes,Servicios,Liga a Página de Citas de Mantenimiento Vehicular,,
NissanConnect Finder,Sentra ,2026,Advance,Manuales y Guías,Pocket Guide,Aprende a configurar y utilizar las funciones conectadas de tu Nissan.,,
NissanConnect Finder,Sentra ,2026,Advance,Manuales y Guías,Quick Guide,Conoce algunos de los servicios que ofrece NissanConnect Finder y accede a un QR para descargar la App.,,
NissanConnect Finder,Sentra ,2026,SR,Paquetes,Servicios,Localización en tiempo real,,
NissanConnect Finder,Sentra ,2026,SR,Paquetes,Servicios,Activación de bocina,,
NissanConnect Finder,Sentra ,2026,SR,Paquetes,Servicios,Geocercas,,
NissanConnect Finder,Sentra ,2026,SR,Paquetes,Servicios,Ubicación del Vehículo,,
NissanConnect Finder,Sentra ,2026,SR,Paquetes,Servicios,Sígueme,,
NissanConnect Finder,Sentra ,2026,SR,Paquetes,Servicios,Navegación,,
NissanConnect Finder,Sentra ,2026,SR,Paquetes,Servicios,Notificaciones,,
NissanConnect Finder,Sentra ,2026,SR,Paquetes,Servicios,Histórico de Rutas,,
NissanConnect Finder,Sentra ,2026,SR,Paquetes,Servicios,Asistencia de Vehículo Robado ,,
NissanConnect Finder,Sentra ,2026,SR,Paquetes,Servicios,Alerta de Movimiento,,
NissanConnect Finder,Sentra ,2026,SR,Paquetes,Servicios,Alerta de Velocidad,,
NissanConnect Finder,Sentra ,2026,SR,Paquetes,Servicios,Alerta de Arrastre,,
NissanConnect Finder,Sentra ,2026,SR,Paquetes,Servicios,Alerta de Posible Emergencia Vial,,
NissanConnect Finder,Sentra ,2026,SR,Paquetes,Servicios,Asistencia NissanConnect® Finder,,
NissanConnect Finder,Sentra ,2026,SR,Paquetes,Servicios,Liga a Página de Citas de Mantenimiento Vehicular,,
NissanConnect Finder,Sentra ,2026,SR,Manuales y Guías,Pocket Guide,Aprende a configurar y utilizar las funciones conectadas de tu Nissan.,,
NissanConnect Finder,Sentra ,2026,SR,Manuales y Guías,Quick Guide,Conoce algunos de los servicios que ofrece NissanConnect Finder y accede a un QR para descargar la App.,,
NissanConnect Finder,Sentra ,2027,Sense,Paquetes,Servicios,Localización en tiempo real,,
NissanConnect Finder,Sentra ,2027,Sense,Paquetes,Servicios,Activación de bocina,,
NissanConnect Finder,Sentra ,2027,Sense,Paquetes,Servicios,Geocercas,,
NissanConnect Finder,Sentra ,2027,Sense,Paquetes,Servicios,Ubicación del Vehículo,,
NissanConnect Finder,Sentra ,2027,Sense,Paquetes,Servicios,Sígueme,,
NissanConnect Finder,Sentra ,2027,Sense,Paquetes,Servicios,Navegación,,
NissanConnect Finder,Sentra ,2027,Sense,Paquetes,Servicios,Notificaciones,,
NissanConnect Finder,Sentra ,2027,Sense,Paquetes,Servicios,Histórico de Rutas,,
NissanConnect Finder,Sentra ,2027,Sense,Paquetes,Servicios,Asistencia de Vehículo Robado ,,
NissanConnect Finder,Sentra ,2027,Sense,Paquetes,Servicios,Alerta de Movimiento,,
NissanConnect Finder,Sentra ,2027,Sense,Paquetes,Servicios,Alerta de Velocidad,,
NissanConnect Finder,Sentra ,2027,Sense,Paquetes,Servicios,Alerta de Arrastre,,
NissanConnect Finder,Sentra ,2027,Sense,Paquetes,Servicios,Alerta de Posible Emergencia Vial,,
NissanConnect Finder,Sentra ,2027,Sense,Paquetes,Servicios,Conexión a Asistencia Vial Nissan,,
NissanConnect Finder,Sentra ,2027,Sense,Paquetes,Servicios,Asistencia NissanConnect® Finder,,
NissanConnect Finder,Sentra ,2027,Sense,Paquetes,Servicios,Liga a Página de Citas de Mantenimiento Vehicular,,
NissanConnect Finder,Sentra ,2027,Sense,Manuales y Guías,Pocket Guide,Aprende a configurar y utilizar las funciones conectadas de tu Nissan.,,
NissanConnect Finder,Sentra ,2027,Sense,Manuales y Guías,Quick Guide,Conoce algunos de los servicios que ofrece NissanConnect Finder y accede a un QR para descargar la App.,,
NissanConnect Finder,Sentra ,2027,Advance,Paquetes,Servicios,Localización en tiempo real,,
NissanConnect Finder,Sentra ,2027,Advance,Paquetes,Servicios,Activación de bocina,,
NissanConnect Finder,Sentra ,2027,Advance,Paquetes,Servicios,Geocercas,,
NissanConnect Finder,Sentra ,2027,Advance,Paquetes,Servicios,Ubicación del Vehículo,,
NissanConnect Finder,Sentra ,2027,Advance,Paquetes,Servicios,Sígueme,,
NissanConnect Finder,Sentra ,2027,Advance,Paquetes,Servicios,Navegación,,
NissanConnect Finder,Sentra ,2027,Advance,Paquetes,Servicios,Notificaciones,,
NissanConnect Finder,Sentra ,2027,Advance,Paquetes,Servicios,Histórico de Rutas,,
NissanConnect Finder,Sentra ,2027,Advance,Paquetes,Servicios,Asistencia de Vehículo Robado ,,
NissanConnect Finder,Sentra ,2027,Advance,Paquetes,Servicios,Alerta de Movimiento,,
NissanConnect Finder,Sentra ,2027,Advance,Paquetes,Servicios,Alerta de Velocidad,,
NissanConnect Finder,Sentra ,2027,Advance,Paquetes,Servicios,Alerta de Arrastre,,
NissanConnect Finder,Sentra ,2027,Advance,Paquetes,Servicios,Alerta de Posible Emergencia Vial,,
NissanConnect Finder,Sentra ,2027,Advance,Paquetes,Servicios,Conexión a Asistencia Vial Nissan,,
NissanConnect Finder,Sentra ,2027,Advance,Paquetes,Servicios,Asistencia NissanConnect® Finder,,
NissanConnect Finder,Sentra ,2027,Advance,Paquetes,Servicios,Liga a Página de Citas de Mantenimiento Vehicular,,
NissanConnect Finder,Sentra ,2027,Advance,Manuales y Guías,Pocket Guide,Aprende a configurar y utilizar las funciones conectadas de tu Nissan.,,
NissanConnect Finder,Sentra ,2027,Advance,Manuales y Guías,Quick Guide,Conoce algunos de los servicios que ofrece NissanConnect Finder y accede a un QR para descargar la App.,,
NissanConnect Finder,Sentra ,2027,SR,Paquetes,Servicios,Localización en tiempo real,,
NissanConnect Finder,Sentra ,2027,SR,Paquetes,Servicios,Activación de bocina,,
NissanConnect Finder,Sentra ,2027,SR,Paquetes,Servicios,Geocercas,,
NissanConnect Finder,Sentra ,2027,SR,Paquetes,Servicios,Ubicación del Vehículo,,
NissanConnect Finder,Sentra ,2027,SR,Paquetes,Servicios,Sígueme,,
NissanConnect Finder,Sentra ,2027,SR,Paquetes,Servicios,Navegación,,
NissanConnect Finder,Sentra ,2027,SR,Paquetes,Servicios,Notificaciones,,
NissanConnect Finder,Sentra ,2027,SR,Paquetes,Servicios,Histórico de Rutas,,
NissanConnect Finder,Sentra ,2027,SR,Paquetes,Servicios,Asistencia de Vehículo Robado ,,
NissanConnect Finder,Sentra ,2027,SR,Paquetes,Servicios,Alerta de Movimiento,,
NissanConnect Finder,Sentra ,2027,SR,Paquetes,Servicios,Alerta de Velocidad,,
NissanConnect Finder,Sentra ,2027,SR,Paquetes,Servicios,Alerta de Arrastre,,
NissanConnect Finder,Sentra ,2027,SR,Paquetes,Servicios,Alerta de Posible Emergencia Vial,,
NissanConnect Finder,Sentra ,2027,SR,Paquetes,Servicios,Conexión a Asistencia Vial Nissan,,
NissanConnect Finder,Sentra ,2027,SR,Paquetes,Servicios,Asistencia NissanConnect® Finder,,
NissanConnect Finder,Sentra ,2027,SR,Paquetes,Servicios,Liga a Página de Citas de Mantenimiento Vehicular,,
NissanConnect Finder,Sentra ,2027,SR,Manuales y Guías,Pocket Guide,Aprende a configurar y utilizar las funciones conectadas de tu Nissan.,,
NissanConnect Finder,Sentra ,2027,SR,Manuales y Guías,Quick Guide,Conoce algunos de los servicios que ofrece NissanConnect Finder y accede a un QR para descargar la App.,,
NissanConnect Finder,Sentra ,2027,SR,Manuales y Guías,Pocket Guide,Aprende a configurar y utilizar las funciones conectadas de tu Nissan.,,
NissanConnect Finder,Sentra ,2027,SR,Manuales y Guías,Quick Guide,Conoce algunos de los servicios que ofrece NissanConnect Finder y accede a un QR para descargar la App.,,
NissanConnect Services,Sentra ,2021,Exclusive / Exclusive Bi-Tono,Paquetes,Select,Bloqueo / desbloqueo remoto de puertas,,
NissanConnect Services,Sentra ,2021,Exclusive / Exclusive Bi-Tono,Paquetes,Select,Alerta de mantenimiento,,
NissanConnect Services,Sentra ,2021,Exclusive / Exclusive Bi-Tono,Paquetes,Select,Notificación Mantenimiento Preventivo,,
NissanConnect Services,Sentra ,2021,Exclusive / Exclusive Bi-Tono,Paquetes,Select,Mensaje enviado al vehículo,,
NissanConnect Services,Sentra ,2021,Exclusive / Exclusive Bi-Tono,Paquetes,Select,Actualizaciones Over-The-Air,,
NissanConnect Services,Sentra ,2021,Exclusive / Exclusive Bi-Tono,Paquetes,Select,Llamada de asistencia desde la App,,
NissanConnect Services,Sentra ,2021,Exclusive / Exclusive Bi-Tono,Paquetes,Select,Vista Mapa,,
NissanConnect Services,Sentra ,2021,Exclusive / Exclusive Bi-Tono,Paquetes,Select,Vista Satélite,,
NissanConnect Services,Sentra ,2021,Exclusive / Exclusive Bi-Tono,Paquetes,Select,Destinos by Google,,
NissanConnect Services,Sentra ,2021,Exclusive / Exclusive Bi-Tono,Paquetes,Select,Búsqueda Conectada,,
NissanConnect Services,Sentra ,2021,Exclusive / Exclusive Bi-Tono,Paquetes,Select,Actualización de mapas Over-The-Air,,
NissanConnect Services,Sentra ,2021,Exclusive / Exclusive Bi-Tono,Paquetes,Select,Premium Traffic,,
NissanConnect Services,Sentra ,2021,Exclusive / Exclusive Bi-Tono,Paquetes,Select,TomTom Weather,,
NissanConnect Services,Sentra ,2021,Exclusive / Exclusive Bi-Tono,Paquetes,Seguridad,Notificación automática de colisión (ACN),,
NissanConnect Services,Sentra ,2021,Exclusive / Exclusive Bi-Tono,Paquetes,Seguridad,Llamada de emergencia,,
NissanConnect Services,Sentra ,2021,Exclusive / Exclusive Bi-Tono,Paquetes,Seguridad,Conexión con asistencia vial,,
NissanConnect Services,Sentra ,2021,Exclusive / Exclusive Bi-Tono,Paquetes,Seguridad,Notificación de alarma,,
NissanConnect Services,Sentra ,2021,Exclusive / Exclusive Bi-Tono,Paquetes,Seguridad,Geocercas,,
NissanConnect Services,Sentra ,2021,Exclusive / Exclusive Bi-Tono,Paquetes,Seguridad,Alerta de Valet,,
NissanConnect Services,Sentra ,2021,Exclusive / Exclusive Bi-Tono,Paquetes,Seguridad,Alerta de velocidad,,
NissanConnect Services,Sentra ,2021,Exclusive / Exclusive Bi-Tono,Paquetes,Seguridad,Alerta de movimiento programado,,
NissanConnect Services,Sentra ,2021,Exclusive / Exclusive Bi-Tono,Paquetes,Seguridad,Asistencia de Vehículo Robado,,
NissanConnect Services,Sentra ,2021,Exclusive / Exclusive Bi-Tono,Paquetes,Conveniencia,Arranque/ Apagado remoto de motor,,
NissanConnect Services,Sentra ,2021,Exclusive / Exclusive Bi-Tono,Paquetes,Conveniencia,Luces destelladas y bocina remoto,,
NissanConnect Services,Sentra ,2021,Exclusive / Exclusive Bi-Tono,Paquetes,Conveniencia,Localizar mi vehículo,,
NissanConnect Services,Sentra ,2021,Exclusive / Exclusive Bi-Tono,Paquetes,Conveniencia,Estado remoto de mi vehículo,,
NissanConnect Services,Sentra ,2021,Exclusive / Exclusive Bi-Tono,Paquetes,Conveniencia,Borrado remoto de datos,,
NissanConnect Services,Sentra ,2021,Exclusive / Exclusive Bi-Tono,Paquetes,Conveniencia,Nissan Concierge,,
NissanConnect Services,Sentra ,2021,Exclusive / Exclusive Bi-Tono,Paquetes,Conveniencia,Envío de destino al vehículo,,
NissanConnect Services,Sentra ,2021,Exclusive / Exclusive Bi-Tono,Paquetes,Conveniencia,Asistente de destino,,
NissanConnect Services,Sentra ,2021,Exclusive / Exclusive Bi-Tono,Paquetes,Conveniencia,Navegación puerta a puerta,,
NissanConnect Services,Sentra ,2021,Exclusive / Exclusive Bi-Tono,Paquetes,Conveniencia,Planificador de viaje,,
NissanConnect Services,Sentra ,2021,Exclusive / Exclusive Bi-Tono,Paquetes,Premium,Paquetes de Seguridad + Conveniencia + Select,,
NissanConnect Services,Sentra ,2021,Exclusive / Exclusive Bi-Tono,Paquetes,Wi-Fi,Wi-Fi HotSpot,,
NissanConnect Services,Sentra ,2022,SR Platinum / SR Platinum Bi-Tono,Paquetes,Select,Bloqueo / desbloqueo remoto de puertas,,
NissanConnect Services,Sentra ,2022,SR Platinum / SR Platinum Bi-Tono,Paquetes,Select,Alerta de mantenimiento,,
NissanConnect Services,Sentra ,2022,SR Platinum / SR Platinum Bi-Tono,Paquetes,Select,Notificación Mantenimiento Preventivo,,
NissanConnect Services,Sentra ,2022,SR Platinum / SR Platinum Bi-Tono,Paquetes,Select,Mensaje enviado al vehículo,,
NissanConnect Services,Sentra ,2022,SR Platinum / SR Platinum Bi-Tono,Paquetes,Select,Actualizaciones Over-The-Air,,
NissanConnect Services,Sentra ,2022,SR Platinum / SR Platinum Bi-Tono,Paquetes,Select,Llamada de asistencia desde la App,,
NissanConnect Services,Sentra ,2022,SR Platinum / SR Platinum Bi-Tono,Paquetes,Select,Vista Mapa,,
NissanConnect Services,Sentra ,2022,SR Platinum / SR Platinum Bi-Tono,Paquetes,Select,Vista Satélite,,
NissanConnect Services,Sentra ,2022,SR Platinum / SR Platinum Bi-Tono,Paquetes,Select,Destinos by Google,,
NissanConnect Services,Sentra ,2022,SR Platinum / SR Platinum Bi-Tono,Paquetes,Select,Búsqueda Conectada,,
NissanConnect Services,Sentra ,2022,SR Platinum / SR Platinum Bi-Tono,Paquetes,Select,Actualización de mapas Over-The-Air,,
NissanConnect Services,Sentra ,2022,SR Platinum / SR Platinum Bi-Tono,Paquetes,Select,Premium Traffic,,
NissanConnect Services,Sentra ,2022,SR Platinum / SR Platinum Bi-Tono,Paquetes,Select,TomTom Weather,,
NissanConnect Services,Sentra ,2022,SR Platinum / SR Platinum Bi-Tono,Paquetes,Seguridad,Notificación automática de colisión (ACN),,
NissanConnect Services,Sentra ,2022,SR Platinum / SR Platinum Bi-Tono,Paquetes,Seguridad,Llamada de emergencia,,
NissanConnect Services,Sentra ,2022,SR Platinum / SR Platinum Bi-Tono,Paquetes,Seguridad,Conexión con asistencia vial,,
NissanConnect Services,Sentra ,2022,SR Platinum / SR Platinum Bi-Tono,Paquetes,Seguridad,Notificación de alarma,,
NissanConnect Services,Sentra ,2022,SR Platinum / SR Platinum Bi-Tono,Paquetes,Seguridad,Geocercas,,
NissanConnect Services,Sentra ,2022,SR Platinum / SR Platinum Bi-Tono,Paquetes,Seguridad,Alerta de Valet,,
NissanConnect Services,Sentra ,2022,SR Platinum / SR Platinum Bi-Tono,Paquetes,Seguridad,Alerta de velocidad,,
NissanConnect Services,Sentra ,2022,SR Platinum / SR Platinum Bi-Tono,Paquetes,Seguridad,Alerta de movimiento programado,,
NissanConnect Services,Sentra ,2022,SR Platinum / SR Platinum Bi-Tono,Paquetes,Seguridad,Asistencia de Vehículo Robado,,
NissanConnect Services,Sentra ,2022,SR Platinum / SR Platinum Bi-Tono,Paquetes,Conveniencia,Arranque/ Apagado remoto de motor,,
NissanConnect Services,Sentra ,2022,SR Platinum / SR Platinum Bi-Tono,Paquetes,Conveniencia,Luces destelladas y bocina remoto,,
NissanConnect Services,Sentra ,2022,SR Platinum / SR Platinum Bi-Tono,Paquetes,Conveniencia,Localizar mi vehículo,,
NissanConnect Services,Sentra ,2022,SR Platinum / SR Platinum Bi-Tono,Paquetes,Conveniencia,Estado remoto de mi vehículo,,
NissanConnect Services,Sentra ,2022,SR Platinum / SR Platinum Bi-Tono,Paquetes,Conveniencia,Borrado remoto de datos,,
NissanConnect Services,Sentra ,2022,SR Platinum / SR Platinum Bi-Tono,Paquetes,Conveniencia,Nissan Concierge,,
NissanConnect Services,Sentra ,2022,SR Platinum / SR Platinum Bi-Tono,Paquetes,Conveniencia,Envío de destino al vehículo,,
NissanConnect Services,Sentra ,2022,SR Platinum / SR Platinum Bi-Tono,Paquetes,Conveniencia,Asistente de destino,,
NissanConnect Services,Sentra ,2022,SR Platinum / SR Platinum Bi-Tono,Paquetes,Conveniencia,Navegación puerta a puerta,,
NissanConnect Services,Sentra ,2022,SR Platinum / SR Platinum Bi-Tono,Paquetes,Conveniencia,Planificador de viaje,,
NissanConnect Services,Sentra ,2022,SR Platinum / SR Platinum Bi-Tono,Paquetes,Premium,Paquetes de Seguridad + Conveniencia + Select,,
NissanConnect Services,Sentra ,2022,SR Platinum / SR Platinum Bi-Tono,Paquetes,Wi-Fi,Wi-Fi HotSpot,,
NissanConnect Services,Sentra ,2023,SR Platinum / SR Platinum Bi-Tono,Paquetes,Select,Bloqueo / desbloqueo remoto de puertas,,
NissanConnect Services,Sentra ,2023,SR Platinum / SR Platinum Bi-Tono,Paquetes,Select,Alerta de mantenimiento,,
NissanConnect Services,Sentra ,2023,SR Platinum / SR Platinum Bi-Tono,Paquetes,Select,Notificación Mantenimiento Preventivo,,
NissanConnect Services,Sentra ,2023,SR Platinum / SR Platinum Bi-Tono,Paquetes,Select,Mensaje enviado al vehículo,,
NissanConnect Services,Sentra ,2023,SR Platinum / SR Platinum Bi-Tono,Paquetes,Select,Actualizaciones Over-The-Air,,
NissanConnect Services,Sentra ,2023,SR Platinum / SR Platinum Bi-Tono,Paquetes,Select,Llamada de asistencia desde la App,,
NissanConnect Services,Sentra ,2023,SR Platinum / SR Platinum Bi-Tono,Paquetes,Select,Vista Mapa,,
NissanConnect Services,Sentra ,2023,SR Platinum / SR Platinum Bi-Tono,Paquetes,Select,Vista Satélite,,
NissanConnect Services,Sentra ,2023,SR Platinum / SR Platinum Bi-Tono,Paquetes,Select,Destinos by Google,,
NissanConnect Services,Sentra ,2023,SR Platinum / SR Platinum Bi-Tono,Paquetes,Select,Búsqueda Conectada,,
NissanConnect Services,Sentra ,2023,SR Platinum / SR Platinum Bi-Tono,Paquetes,Select,Actualización de mapas Over-The-Air,,
NissanConnect Services,Sentra ,2023,SR Platinum / SR Platinum Bi-Tono,Paquetes,Select,Premium Traffic,,
NissanConnect Services,Sentra ,2023,SR Platinum / SR Platinum Bi-Tono,Paquetes,Select,TomTom Weather,,
NissanConnect Services,Sentra ,2023,SR Platinum / SR Platinum Bi-Tono,Paquetes,Seguridad,Notificación automática de colisión (ACN),,
NissanConnect Services,Sentra ,2023,SR Platinum / SR Platinum Bi-Tono,Paquetes,Seguridad,Llamada de emergencia,,
NissanConnect Services,Sentra ,2023,SR Platinum / SR Platinum Bi-Tono,Paquetes,Seguridad,Conexión con asistencia vial,,
NissanConnect Services,Sentra ,2023,SR Platinum / SR Platinum Bi-Tono,Paquetes,Seguridad,Notificación de alarma,,
NissanConnect Services,Sentra ,2023,SR Platinum / SR Platinum Bi-Tono,Paquetes,Seguridad,Geocercas,,
NissanConnect Services,Sentra ,2023,SR Platinum / SR Platinum Bi-Tono,Paquetes,Seguridad,Alerta de Valet,,
NissanConnect Services,Sentra ,2023,SR Platinum / SR Platinum Bi-Tono,Paquetes,Seguridad,Alerta de velocidad,,
NissanConnect Services,Sentra ,2023,SR Platinum / SR Platinum Bi-Tono,Paquetes,Seguridad,Alerta de movimiento programado,,
NissanConnect Services,Sentra ,2023,SR Platinum / SR Platinum Bi-Tono,Paquetes,Seguridad,Asistencia de Vehículo Robado,,
NissanConnect Services,Sentra ,2023,SR Platinum / SR Platinum Bi-Tono,Paquetes,Conveniencia,Arranque/ Apagado remoto de motor,,
NissanConnect Services,Sentra ,2023,SR Platinum / SR Platinum Bi-Tono,Paquetes,Conveniencia,Luces destelladas y bocina remoto,,
NissanConnect Services,Sentra ,2023,SR Platinum / SR Platinum Bi-Tono,Paquetes,Conveniencia,Localizar mi vehículo,,
NissanConnect Services,Sentra ,2023,SR Platinum / SR Platinum Bi-Tono,Paquetes,Conveniencia,Estado remoto de mi vehículo,,
NissanConnect Services,Sentra ,2023,SR Platinum / SR Platinum Bi-Tono,Paquetes,Conveniencia,Borrado remoto de datos,,
NissanConnect Services,Sentra ,2023,SR Platinum / SR Platinum Bi-Tono,Paquetes,Conveniencia,Nissan Concierge,,
NissanConnect Services,Sentra ,2023,SR Platinum / SR Platinum Bi-Tono,Paquetes,Conveniencia,Envío de destino al vehículo,,
NissanConnect Services,Sentra ,2023,SR Platinum / SR Platinum Bi-Tono,Paquetes,Conveniencia,Asistente de destino,,
NissanConnect Services,Sentra ,2023,SR Platinum / SR Platinum Bi-Tono,Paquetes,Conveniencia,Navegación puerta a puerta,,
NissanConnect Services,Sentra ,2023,SR Platinum / SR Platinum Bi-Tono,Paquetes,Conveniencia,Planificador de viaje,,
NissanConnect Services,Sentra ,2023,SR Platinum / SR Platinum Bi-Tono,Paquetes,Premium,Paquetes de Seguridad + Conveniencia + Select,,
NissanConnect Services,Sentra ,2023,SR Platinum / SR Platinum Bi-Tono,Paquetes,Wi-Fi,Wi-Fi HotSpot,,
NissanConnect Services,Sentra ,2024,SR,Paquetes,Select,Bloqueo / desbloqueo remoto de puertas,,
NissanConnect Services,Sentra ,2024,SR,Paquetes,Select,Alerta de mantenimiento,,
NissanConnect Services,Sentra ,2024,SR,Paquetes,Select,Mensaje enviado al vehículo,,
NissanConnect Services,Sentra ,2024,SR,Paquetes,Select,Actualizaciones Over-The-Air,,
NissanConnect Services,Sentra ,2024,SR,Paquetes,Select,Llamada de asistencia desde la App,,
NissanConnect Services,Sentra ,2024,SR,Paquetes,Seguridad,Notificación automática de colisión (ACN),,
NissanConnect Services,Sentra ,2024,SR,Paquetes,Seguridad,Llamada de emergencia,,
NissanConnect Services,Sentra ,2024,SR,Paquetes,Seguridad,Conexión con asistencia vial,,
NissanConnect Services,Sentra ,2024,SR,Paquetes,Seguridad,Notificación de alarma,,
NissanConnect Services,Sentra ,2024,SR,Paquetes,Seguridad,Geocercas,,
NissanConnect Services,Sentra ,2024,SR,Paquetes,Seguridad,Alerta de Valet,,
NissanConnect Services,Sentra ,2024,SR,Paquetes,Seguridad,Alerta de velocidad,,
NissanConnect Services,Sentra ,2024,SR,Paquetes,Seguridad,Alerta de movimiento programado,,
NissanConnect Services,Sentra ,2024,SR,Paquetes,Seguridad,Asistencia de Vehículo Robado,,
NissanConnect Services,Sentra ,2024,SR,Paquetes,Conveniencia,Arranque/ Apagado remoto de motor,,
NissanConnect Services,Sentra ,2024,SR,Paquetes,Conveniencia,Luces destelladas y bocina remoto,,
NissanConnect Services,Sentra ,2024,SR,Paquetes,Conveniencia,Localizar mi vehículo,,
NissanConnect Services,Sentra ,2024,SR,Paquetes,Conveniencia,Estado remoto de mi vehículo,,
NissanConnect Services,Sentra ,2024,SR,Paquetes,Conveniencia,Borrado remoto de datos,,
NissanConnect Services,Sentra ,2024,SR,Paquetes,Conveniencia,Nissan Concierge,,
NissanConnect Services,Sentra ,2024,SR,Paquetes,Premium,Paquetes de Seguridad + Conveniencia + Select,,
NissanConnect Services,Sentra ,2024,SR,Paquetes,Wi-Fi,Wi-Fi HotSpot,,
NissanConnect Services,Sentra ,2024,SR Platinum / SR Platinum Bi-Tono,Paquetes,Select,Bloqueo / desbloqueo remoto de puertas,,
NissanConnect Services,Sentra ,2024,SR Platinum / SR Platinum Bi-Tono,Paquetes,Select,Alerta de mantenimiento,,
NissanConnect Services,Sentra ,2024,SR Platinum / SR Platinum Bi-Tono,Paquetes,Select,Mensaje enviado al vehículo,,
NissanConnect Services,Sentra ,2024,SR Platinum / SR Platinum Bi-Tono,Paquetes,Select,Actualizaciones Over-The-Air,,
NissanConnect Services,Sentra ,2024,SR Platinum / SR Platinum Bi-Tono,Paquetes,Select,Llamada de asistencia desde la App,,
NissanConnect Services,Sentra ,2024,SR Platinum / SR Platinum Bi-Tono,Paquetes,Seguridad,Notificación automática de colisión (ACN),,
NissanConnect Services,Sentra ,2024,SR Platinum / SR Platinum Bi-Tono,Paquetes,Seguridad,Llamada de emergencia,,
NissanConnect Services,Sentra ,2024,SR Platinum / SR Platinum Bi-Tono,Paquetes,Seguridad,Conexión con asistencia vial,,
NissanConnect Services,Sentra ,2024,SR Platinum / SR Platinum Bi-Tono,Paquetes,Seguridad,Notificación de alarma,,
NissanConnect Services,Sentra ,2024,SR Platinum / SR Platinum Bi-Tono,Paquetes,Seguridad,Geocercas,,
NissanConnect Services,Sentra ,2024,SR Platinum / SR Platinum Bi-Tono,Paquetes,Seguridad,Alerta de Valet,,
NissanConnect Services,Sentra ,2024,SR Platinum / SR Platinum Bi-Tono,Paquetes,Seguridad,Alerta de velocidad,,
NissanConnect Services,Sentra ,2024,SR Platinum / SR Platinum Bi-Tono,Paquetes,Seguridad,Alerta de movimiento programado,,
NissanConnect Services,Sentra ,2024,SR Platinum / SR Platinum Bi-Tono,Paquetes,Seguridad,Asistencia de Vehículo Robado,,
NissanConnect Services,Sentra ,2024,SR Platinum / SR Platinum Bi-Tono,Paquetes,Conveniencia,Arranque/ Apagado remoto de motor,,
NissanConnect Services,Sentra ,2024,SR Platinum / SR Platinum Bi-Tono,Paquetes,Conveniencia,Luces destelladas y bocina remoto,,
NissanConnect Services,Sentra ,2024,SR Platinum / SR Platinum Bi-Tono,Paquetes,Conveniencia,Localizar mi vehículo,,
NissanConnect Services,Sentra ,2024,SR Platinum / SR Platinum Bi-Tono,Paquetes,Conveniencia,Estado remoto de mi vehículo,,
NissanConnect Services,Sentra ,2024,SR Platinum / SR Platinum Bi-Tono,Paquetes,Conveniencia,Borrado remoto de datos,,
NissanConnect Services,Sentra ,2024,SR Platinum / SR Platinum Bi-Tono,Paquetes,Conveniencia,Nissan Concierge,,
NissanConnect Services,Sentra ,2024,SR Platinum / SR Platinum Bi-Tono,Paquetes,Premium,Paquetes de Seguridad + Conveniencia + Select,,
NissanConnect Services,Sentra ,2024,SR Platinum / SR Platinum Bi-Tono,Paquetes,Wi-Fi,Wi-Fi HotSpot,,
NissanConnect Services,Sentra ,2025,SR,Paquetes,Select,Bloqueo / desbloqueo remoto de puertas,,
NissanConnect Services,Sentra ,2025,SR,Paquetes,Select,Alerta de mantenimiento,,
NissanConnect Services,Sentra ,2025,SR,Paquetes,Select,Mensaje enviado al vehículo,,
NissanConnect Services,Sentra ,2025,SR,Paquetes,Select,Actualizaciones Over-The-Air,,
NissanConnect Services,Sentra ,2025,SR,Paquetes,Select,Llamada de asistencia desde la App,,
NissanConnect Services,Sentra ,2025,SR,Paquetes,Seguridad,Notificación automática de colisión (ACN),,
NissanConnect Services,Sentra ,2025,SR,Paquetes,Seguridad,Llamada de emergencia,,
NissanConnect Services,Sentra ,2025,SR,Paquetes,Seguridad,Conexión con asistencia vial,,
NissanConnect Services,Sentra ,2025,SR,Paquetes,Seguridad,Notificación de alarma,,
NissanConnect Services,Sentra ,2025,SR,Paquetes,Seguridad,Geocercas,,
NissanConnect Services,Sentra ,2025,SR,Paquetes,Seguridad,Alerta de Valet,,
NissanConnect Services,Sentra ,2025,SR,Paquetes,Seguridad,Alerta de velocidad,,
NissanConnect Services,Sentra ,2025,SR,Paquetes,Seguridad,Alerta de movimiento programado,,
NissanConnect Services,Sentra ,2025,SR,Paquetes,Seguridad,Asistencia de Vehículo Robado,,
NissanConnect Services,Sentra ,2025,SR,Paquetes,Conveniencia,Arranque/ Apagado remoto de motor,,
NissanConnect Services,Sentra ,2025,SR,Paquetes,Conveniencia,Luces destelladas y bocina remoto,,
NissanConnect Services,Sentra ,2025,SR,Paquetes,Conveniencia,Localizar mi vehículo,,
NissanConnect Services,Sentra ,2025,SR,Paquetes,Conveniencia,Estado remoto de mi vehículo,,
NissanConnect Services,Sentra ,2025,SR,Paquetes,Conveniencia,Borrado remoto de datos,,
NissanConnect Services,Sentra ,2025,SR,Paquetes,Conveniencia,Nissan Concierge,,
NissanConnect Services,Sentra ,2025,SR,Paquetes,Premium,Paquetes de Seguridad + Conveniencia + Select,,
NissanConnect Services,Sentra ,2025,SR,Paquetes,Wi-Fi,Wi-Fi HotSpot,,
NissanConnect Services,Sentra ,2025,SR,Manuales y Guías,Pocket Guide,Aprende a configurar y utilizar las funciones conectadas de tu Nissan.,,
NissanConnect Services,Sentra ,2025,SR,Manuales y Guías,Quick Guide,Conoce algunos de los servicios que ofrece NissanConnect Services y accede a un QR para descargar la App.,,
NissanConnect Services,Sentra ,2025,SR,Manuales y Guías,Activación de cuenta,Descubre cómo activar tu cuenta de NissanConnect Services,,
NissanConnect Services,Sentra ,2025,SR,Manuales y Guías,Activación de Wi-Fi ,Descubre cómo activar la prueba gratuita de Wi-Fi Hot Spot incluida en tu Nissan ,,
NissanConnect Services,Sentra ,2025,SR Platinum / SR Platinum Bi-Tono,Paquetes,Select,Bloqueo / desbloqueo remoto de puertas,,
NissanConnect Services,Sentra ,2025,SR Platinum / SR Platinum Bi-Tono,Paquetes,Select,Alerta de mantenimiento,,
NissanConnect Services,Sentra ,2025,SR Platinum / SR Platinum Bi-Tono,Paquetes,Select,Mensaje enviado al vehículo,,
NissanConnect Services,Sentra ,2025,SR Platinum / SR Platinum Bi-Tono,Paquetes,Select,Actualizaciones Over-The-Air,,
NissanConnect Services,Sentra ,2025,SR Platinum / SR Platinum Bi-Tono,Paquetes,Select,Llamada de asistencia desde la App,,
NissanConnect Services,Sentra ,2025,SR Platinum / SR Platinum Bi-Tono,Paquetes,Seguridad,Notificación automática de colisión (ACN),,
NissanConnect Services,Sentra ,2025,SR Platinum / SR Platinum Bi-Tono,Paquetes,Seguridad,Llamada de emergencia,,
NissanConnect Services,Sentra ,2025,SR Platinum / SR Platinum Bi-Tono,Paquetes,Seguridad,Conexión con asistencia vial,,
NissanConnect Services,Sentra ,2025,SR Platinum / SR Platinum Bi-Tono,Paquetes,Seguridad,Notificación de alarma,,
NissanConnect Services,Sentra ,2025,SR Platinum / SR Platinum Bi-Tono,Paquetes,Seguridad,Geocercas,,
NissanConnect Services,Sentra ,2025,SR Platinum / SR Platinum Bi-Tono,Paquetes,Seguridad,Alerta de Valet,,
NissanConnect Services,Sentra ,2025,SR Platinum / SR Platinum Bi-Tono,Paquetes,Seguridad,Alerta de velocidad,,
NissanConnect Services,Sentra ,2025,SR Platinum / SR Platinum Bi-Tono,Paquetes,Seguridad,Alerta de movimiento programado,,
NissanConnect Services,Sentra ,2025,SR Platinum / SR Platinum Bi-Tono,Paquetes,Seguridad,Asistencia de Vehículo Robado,,
NissanConnect Services,Sentra ,2025,SR Platinum / SR Platinum Bi-Tono,Paquetes,Conveniencia,Arranque/ Apagado remoto de motor,,
NissanConnect Services,Sentra ,2025,SR Platinum / SR Platinum Bi-Tono,Paquetes,Conveniencia,Luces destelladas y bocina remoto,,
NissanConnect Services,Sentra ,2025,SR Platinum / SR Platinum Bi-Tono,Paquetes,Conveniencia,Localizar mi vehículo,,
NissanConnect Services,Sentra ,2025,SR Platinum / SR Platinum Bi-Tono,Paquetes,Conveniencia,Estado remoto de mi vehículo,,
NissanConnect Services,Sentra ,2025,SR Platinum / SR Platinum Bi-Tono,Paquetes,Conveniencia,Borrado remoto de datos,,
NissanConnect Services,Sentra ,2025,SR Platinum / SR Platinum Bi-Tono,Paquetes,Conveniencia,Nissan Concierge,,
NissanConnect Services,Sentra ,2025,SR Platinum / SR Platinum Bi-Tono,Paquetes,Premium,Paquetes de Seguridad + Conveniencia + Select,,
NissanConnect Services,Sentra ,2025,SR Platinum / SR Platinum Bi-Tono,Paquetes,Wi-Fi,Wi-Fi HotSpot,,
NissanConnect Services,Sentra ,2025,SR Platinum / SR Platinum Bi-Tono,Manuales y Guías,Pocket Guide,Aprende a configurar y utilizar las funciones conectadas de tu Nissan.,,
NissanConnect Services,Sentra ,2025,SR Platinum / SR Platinum Bi-Tono,Manuales y Guías,Quick Guide,Conoce algunos de los servicios que ofrece NissanConnect Services y accede a un QR para descargar la App.,,
NissanConnect Services,Sentra ,2025,SR Platinum / SR Platinum Bi-Tono,Manuales y Guías,Activación de cuenta,Descubre cómo activar tu cuenta de NissanConnect Services,,
NissanConnect Services,Sentra ,2025,SR Platinum / SR Platinum Bi-Tono,Manuales y Guías,Activación de Wi-Fi ,Descubre cómo activar la prueba gratuita de Wi-Fi Hot Spot incluida en tu Nissan ,,
NissanConnect Services,Sentra ,2026,SR Platinum / SR Platinum Bi-Tono,Paquetes,Select,Bloqueo / desbloqueo remoto de puertas,,
NissanConnect Services,Sentra ,2026,SR Platinum / SR Platinum Bi-Tono,Paquetes,Select,Alerta de mantenimiento,,
NissanConnect Services,Sentra ,2026,SR Platinum / SR Platinum Bi-Tono,Paquetes,Select,Notificación Mantenimiento Preventivo,,
NissanConnect Services,Sentra ,2026,SR Platinum / SR Platinum Bi-Tono,Paquetes,Select,Mensaje enviado al vehículo,,
NissanConnect Services,Sentra ,2026,SR Platinum / SR Platinum Bi-Tono,Paquetes,Select,Actualizaciones Over-The-Air,,
NissanConnect Services,Sentra ,2026,SR Platinum / SR Platinum Bi-Tono,Paquetes,Select,Llamada de asistencia desde la App,,
NissanConnect Services,Sentra ,2026,SR Platinum / SR Platinum Bi-Tono,Paquetes,Select,Conductor adicional,,
NissanConnect Services,Sentra ,2026,SR Platinum / SR Platinum Bi-Tono,Paquetes,Select,Recordatorio de bloqueo,,
NissanConnect Services,Sentra ,2026,SR Platinum / SR Platinum Bi-Tono,Paquetes,Select,Radio híbrido,,
NissanConnect Services,Sentra ,2026,SR Platinum / SR Platinum Bi-Tono,Paquetes,Seguridad,Notificación automática de colisión (ACN),,
NissanConnect Services,Sentra ,2026,SR Platinum / SR Platinum Bi-Tono,Paquetes,Seguridad,Llamada de emergencia,,
NissanConnect Services,Sentra ,2026,SR Platinum / SR Platinum Bi-Tono,Paquetes,Seguridad,Conexión con asistencia vial,,
NissanConnect Services,Sentra ,2026,SR Platinum / SR Platinum Bi-Tono,Paquetes,Seguridad,Notificación de alarma,,
NissanConnect Services,Sentra ,2026,SR Platinum / SR Platinum Bi-Tono,Paquetes,Seguridad,Geocercas,,
NissanConnect Services,Sentra ,2026,SR Platinum / SR Platinum Bi-Tono,Paquetes,Seguridad,Alerta de Valet,,
NissanConnect Services,Sentra ,2026,SR Platinum / SR Platinum Bi-Tono,Paquetes,Seguridad,Alerta de velocidad,,
NissanConnect Services,Sentra ,2026,SR Platinum / SR Platinum Bi-Tono,Paquetes,Seguridad,Alerta de movimiento programado,,
NissanConnect Services,Sentra ,2026,SR Platinum / SR Platinum Bi-Tono,Paquetes,Seguridad,Asistencia de Vehículo Robado,,
NissanConnect Services,Sentra ,2026,SR Platinum / SR Platinum Bi-Tono,Paquetes,Seguridad,Alerta de Arrastre,,
NissanConnect Services,Sentra ,2026,SR Platinum / SR Platinum Bi-Tono,Paquetes,Conveniencia,Arranque/ Apagado remoto de motor,,
NissanConnect Services,Sentra ,2026,SR Platinum / SR Platinum Bi-Tono,Paquetes,Conveniencia,Luces destelladas y bocina remoto,,
NissanConnect Services,Sentra ,2026,SR Platinum / SR Platinum Bi-Tono,Paquetes,Conveniencia,Localizar mi vehículo,,
NissanConnect Services,Sentra ,2026,SR Platinum / SR Platinum Bi-Tono,Paquetes,Conveniencia,Estado remoto de mi vehículo,,
NissanConnect Services,Sentra ,2026,SR Platinum / SR Platinum Bi-Tono,Paquetes,Conveniencia,Borrado remoto de datos,,
NissanConnect Services,Sentra ,2026,SR Platinum / SR Platinum Bi-Tono,Paquetes,Conveniencia,Nissan Concierge,,
NissanConnect Services,Sentra ,2026,SR Platinum / SR Platinum Bi-Tono,Paquetes,Conveniencia,Control de clima remoto,,
NissanConnect Services,Sentra ,2026,SR Platinum / SR Platinum Bi-Tono,Paquetes,Premium,Paquetes de Seguridad + Conveniencia + Select,,
NissanConnect Services,Sentra ,2026,SR Platinum / SR Platinum Bi-Tono,Paquetes,Wi-Fi,Wi-Fi HotSpot,,
NissanConnect Services,Sentra ,2026,SR Platinum / SR Platinum Bi-Tono,Manuales y Guías,Pocket Guide,Aprende a configurar y utilizar las funciones conectadas de tu Nissan.,,
NissanConnect Services,Sentra ,2026,SR Platinum / SR Platinum Bi-Tono,Manuales y Guías,Quick Guide,Conoce algunos de los servicios que ofrece NissanConnect Services y accede a un QR para descargar la App.,,
NissanConnect Services,Sentra ,2026,SR Platinum / SR Platinum Bi-Tono,Manuales y Guías,Activación de cuenta,Descubre cómo activar tu cuenta de NissanConnect Services,,
NissanConnect Services,Sentra ,2026,SR Platinum / SR Platinum Bi-Tono,Manuales y Guías,Activación de Wi-Fi ,Descubre cómo activar la prueba gratuita de Wi-Fi Hot Spot incluida en tu Nissan ,,
NissanConnect Services,Sentra ,2027,SR Platinum / SR Platinum Bi-Tono,Paquetes,Select,Bloqueo / desbloqueo remoto de puertas,,
NissanConnect Services,Sentra ,2027,SR Platinum / SR Platinum Bi-Tono,Paquetes,Select,Alerta de mantenimiento,,
NissanConnect Services,Sentra ,2027,SR Platinum / SR Platinum Bi-Tono,Paquetes,Select,Notificación Mantenimiento Preventivo,,
NissanConnect Services,Sentra ,2027,SR Platinum / SR Platinum Bi-Tono,Paquetes,Select,Mensaje enviado al vehículo,,
NissanConnect Services,Sentra ,2027,SR Platinum / SR Platinum Bi-Tono,Paquetes,Select,Actualizaciones Over-The-Air,,
NissanConnect Services,Sentra ,2027,SR Platinum / SR Platinum Bi-Tono,Paquetes,Select,Llamada de asistencia desde la App,,
NissanConnect Services,Sentra ,2027,SR Platinum / SR Platinum Bi-Tono,Paquetes,Select,Conductor adicional,,
NissanConnect Services,Sentra ,2027,SR Platinum / SR Platinum Bi-Tono,Paquetes,Select,Recordatorio de bloqueo,,
NissanConnect Services,Sentra ,2027,SR Platinum / SR Platinum Bi-Tono,Paquetes,Select,Radio híbrido,,
NissanConnect Services,Sentra ,2027,SR Platinum / SR Platinum Bi-Tono,Paquetes,Seguridad,Notificación automática de colisión (ACN),,
NissanConnect Services,Sentra ,2027,SR Platinum / SR Platinum Bi-Tono,Paquetes,Seguridad,Llamada de emergencia,,
NissanConnect Services,Sentra ,2027,SR Platinum / SR Platinum Bi-Tono,Paquetes,Seguridad,Conexión con asistencia vial,,
NissanConnect Services,Sentra ,2027,SR Platinum / SR Platinum Bi-Tono,Paquetes,Seguridad,Notificación de alarma,,
NissanConnect Services,Sentra ,2027,SR Platinum / SR Platinum Bi-Tono,Paquetes,Seguridad,Geocercas,,
NissanConnect Services,Sentra ,2027,SR Platinum / SR Platinum Bi-Tono,Paquetes,Seguridad,Alerta de Valet,,
NissanConnect Services,Sentra ,2027,SR Platinum / SR Platinum Bi-Tono,Paquetes,Seguridad,Alerta de velocidad,,
NissanConnect Services,Sentra ,2027,SR Platinum / SR Platinum Bi-Tono,Paquetes,Seguridad,Alerta de movimiento programado,,
NissanConnect Services,Sentra ,2027,SR Platinum / SR Platinum Bi-Tono,Paquetes,Seguridad,Asistencia de Vehículo Robado,,
NissanConnect Services,Sentra ,2027,SR Platinum / SR Platinum Bi-Tono,Paquetes,Seguridad,Alerta de Arrastre,,
NissanConnect Services,Sentra ,2027,SR Platinum / SR Platinum Bi-Tono,Paquetes,Conveniencia,Arranque/ Apagado remoto de motor,,
NissanConnect Services,Sentra ,2027,SR Platinum / SR Platinum Bi-Tono,Paquetes,Conveniencia,Luces destelladas y bocina remoto,,
NissanConnect Services,Sentra ,2027,SR Platinum / SR Platinum Bi-Tono,Paquetes,Conveniencia,Localizar mi vehículo,,
NissanConnect Services,Sentra ,2027,SR Platinum / SR Platinum Bi-Tono,Paquetes,Conveniencia,Estado remoto de mi vehículo,,
NissanConnect Services,Sentra ,2027,SR Platinum / SR Platinum Bi-Tono,Paquetes,Conveniencia,Borrado remoto de datos,,
NissanConnect Services,Sentra ,2027,SR Platinum / SR Platinum Bi-Tono,Paquetes,Conveniencia,Nissan Concierge,,
NissanConnect Services,Sentra ,2027,SR Platinum / SR Platinum Bi-Tono,Paquetes,Conveniencia,Control de clima remoto,,
NissanConnect Services,Sentra ,2027,SR Platinum / SR Platinum Bi-Tono,Paquetes,Premium,Paquetes de Seguridad + Conveniencia + Select,,
NissanConnect Services,Sentra ,2027,SR Platinum / SR Platinum Bi-Tono,Paquetes,Wi-Fi,Wi-Fi HotSpot,,
NissanConnect Services,Sentra ,2027,SR Platinum / SR Platinum Bi-Tono,Manuales y Guías,Pocket Guide,Aprende a configurar y utilizar las funciones conectadas de tu Nissan.,,
NissanConnect Services,Sentra ,2027,SR Platinum / SR Platinum Bi-Tono,Manuales y Guías,Quick Guide,Conoce algunos de los servicios que ofrece NissanConnect Services y accede a un QR para descargar la App.,,
NissanConnect Services,Sentra ,2027,SR Platinum / SR Platinum Bi-Tono,Manuales y Guías,Activación de cuenta,Descubre cómo activar tu cuenta de NissanConnect Services,,
NissanConnect Services,Sentra ,2027,SR Platinum / SR Platinum Bi-Tono,Manuales y Guías,Activación de Wi-Fi ,Descubre cómo activar la prueba gratuita de Wi-Fi Hot Spot incluida en tu Nissan ,,
NissanConnect Finder,V-Drive,2026,Sense,Paquetes,Servicios,Localización en tiempo real,,
NissanConnect Finder,V-Drive,2026,Sense,Paquetes,Servicios,Activación de bocina,,
NissanConnect Finder,V-Drive,2026,Sense,Paquetes,Servicios,Geocercas,,
NissanConnect Finder,V-Drive,2026,Sense,Paquetes,Servicios,Ubicación del Vehículo,,
NissanConnect Finder,V-Drive,2026,Sense,Paquetes,Servicios,Sígueme,,
NissanConnect Finder,V-Drive,2026,Sense,Paquetes,Servicios,Navegación,,
NissanConnect Finder,V-Drive,2026,Sense,Paquetes,Servicios,Notificaciones,,
NissanConnect Finder,V-Drive,2026,Sense,Paquetes,Servicios,Histórico de Rutas,,
NissanConnect Finder,V-Drive,2026,Sense,Paquetes,Servicios,Asistencia de Vehículo Robado ,,
NissanConnect Finder,V-Drive,2026,Sense,Paquetes,Servicios,Alerta de Movimiento,,
NissanConnect Finder,V-Drive,2026,Sense,Paquetes,Servicios,Alerta de Velocidad,,
NissanConnect Finder,V-Drive,2026,Sense,Paquetes,Servicios,Alerta de Arrastre,,
NissanConnect Finder,V-Drive,2026,Sense,Paquetes,Servicios,Alerta de Posible Emergencia Vial,,
NissanConnect Finder,V-Drive,2026,Sense,Paquetes,Servicios,Conexión a Asistencia Vial Nissan,,
NissanConnect Finder,V-Drive,2026,Sense,Paquetes,Servicios,Asistencia NissanConnect® Finder,,
NissanConnect Finder,V-Drive,2026,Sense,Paquetes,Servicios,Liga a Página de Citas de Mantenimiento Vehicular,,
NissanConnect Finder,V-Drive,2026,Sense,Manuales y Guías,Pocket Guide,Aprende a configurar y utilizar las funciones conectadas de tu Nissan.,,
NissanConnect Finder,V-Drive,2026,Sense,Manuales y Guías,Quick Guide,Conoce algunos de los servicios que ofrece NissanConnect Finder y accede a un QR para descargar la App.,,
NissanConnect Finder,Versa,2021,Sense,Paquetes,Servicios,Localización en tiempo real,,
NissanConnect Finder,Versa,2021,Sense,Paquetes,Servicios,Activación de bocina,,
NissanConnect Finder,Versa,2021,Sense,Paquetes,Servicios,Geocercas,,
NissanConnect Finder,Versa,2021,Sense,Paquetes,Servicios,Ubicación del Vehículo,,
NissanConnect Finder,Versa,2021,Sense,Paquetes,Servicios,Sígueme,,
NissanConnect Finder,Versa,2021,Sense,Paquetes,Servicios,Navegación,,
NissanConnect Finder,Versa,2021,Sense,Paquetes,Servicios,Notificaciones,,
NissanConnect Finder,Versa,2021,Sense,Paquetes,Servicios,Histórico de Rutas,,
NissanConnect Finder,Versa,2021,Sense,Paquetes,Servicios,Asistencia de Vehículo Robado ,,
NissanConnect Finder,Versa,2021,Sense,Paquetes,Servicios,Alerta de Movimiento,,
NissanConnect Finder,Versa,2021,Sense,Paquetes,Servicios,Alerta de Velocidad,,
NissanConnect Finder,Versa,2021,Sense,Paquetes,Servicios,Conexión a Asistencia Vial Nissan,,
NissanConnect Finder,Versa,2021,Sense,Paquetes,Servicios,Asistencia NissanConnect® Finder,,
NissanConnect Finder,Versa,2021,Sense,Paquetes,Servicios,Liga a Página de Citas de Mantenimiento Vehicular,,
NissanConnect Finder,Versa,2021,Advance,Paquetes,Servicios,Localización en tiempo real,,
NissanConnect Finder,Versa,2021,Advance,Paquetes,Servicios,Activación de bocina,,
NissanConnect Finder,Versa,2021,Advance,Paquetes,Servicios,Geocercas,,
NissanConnect Finder,Versa,2021,Advance,Paquetes,Servicios,Ubicación del Vehículo,,
NissanConnect Finder,Versa,2021,Advance,Paquetes,Servicios,Sígueme,,
NissanConnect Finder,Versa,2021,Advance,Paquetes,Servicios,Navegación,,
NissanConnect Finder,Versa,2021,Advance,Paquetes,Servicios,Notificaciones,,
NissanConnect Finder,Versa,2021,Advance,Paquetes,Servicios,Histórico de Rutas,,
NissanConnect Finder,Versa,2021,Advance,Paquetes,Servicios,Asistencia de Vehículo Robado ,,
NissanConnect Finder,Versa,2021,Advance,Paquetes,Servicios,Alerta de Movimiento,,
NissanConnect Finder,Versa,2021,Advance,Paquetes,Servicios,Alerta de Velocidad,,
NissanConnect Finder,Versa,2021,Advance,Paquetes,Servicios,Conexión a Asistencia Vial Nissan,,
NissanConnect Finder,Versa,2021,Advance,Paquetes,Servicios,Asistencia NissanConnect® Finder,,
NissanConnect Finder,Versa,2021,Advance,Paquetes,Servicios,Liga a Página de Citas de Mantenimiento Vehicular,,
NissanConnect Finder,Versa,2021,Exclusive,Paquetes,Servicios,Localización en tiempo real,,
NissanConnect Finder,Versa,2021,Exclusive,Paquetes,Servicios,Activación de bocina,,
NissanConnect Finder,Versa,2021,Exclusive,Paquetes,Servicios,Geocercas,,
NissanConnect Finder,Versa,2021,Exclusive,Paquetes,Servicios,Ubicación del Vehículo,,
NissanConnect Finder,Versa,2021,Exclusive,Paquetes,Servicios,Sígueme,,
NissanConnect Finder,Versa,2021,Exclusive,Paquetes,Servicios,Navegación,,
NissanConnect Finder,Versa,2021,Exclusive,Paquetes,Servicios,Notificaciones,,
NissanConnect Finder,Versa,2021,Exclusive,Paquetes,Servicios,Histórico de Rutas,,
NissanConnect Finder,Versa,2021,Exclusive,Paquetes,Servicios,Asistencia de Vehículo Robado ,,
NissanConnect Finder,Versa,2021,Exclusive,Paquetes,Servicios,Alerta de Movimiento,,
NissanConnect Finder,Versa,2021,Exclusive,Paquetes,Servicios,Alerta de Velocidad,,
NissanConnect Finder,Versa,2021,Exclusive,Paquetes,Servicios,Conexión a Asistencia Vial Nissan,,
NissanConnect Finder,Versa,2021,Exclusive,Paquetes,Servicios,Asistencia NissanConnect® Finder,,
NissanConnect Finder,Versa,2021,Exclusive,Paquetes,Servicios,Liga a Página de Citas de Mantenimiento Vehicular,,
NissanConnect Finder,Versa,2021,Platinum,Paquetes,Servicios,Localización en tiempo real,,
NissanConnect Finder,Versa,2021,Platinum,Paquetes,Servicios,Activación de bocina,,
NissanConnect Finder,Versa,2021,Platinum,Paquetes,Servicios,Geocercas,,
NissanConnect Finder,Versa,2021,Platinum,Paquetes,Servicios,Ubicación del Vehículo,,
NissanConnect Finder,Versa,2021,Platinum,Paquetes,Servicios,Sígueme,,
NissanConnect Finder,Versa,2021,Platinum,Paquetes,Servicios,Navegación,,
NissanConnect Finder,Versa,2021,Platinum,Paquetes,Servicios,Notificaciones,,
NissanConnect Finder,Versa,2021,Platinum,Paquetes,Servicios,Histórico de Rutas,,
NissanConnect Finder,Versa,2021,Platinum,Paquetes,Servicios,Asistencia de Vehículo Robado ,,
NissanConnect Finder,Versa,2021,Platinum,Paquetes,Servicios,Alerta de Movimiento,,
NissanConnect Finder,Versa,2021,Platinum,Paquetes,Servicios,Alerta de Velocidad,,
NissanConnect Finder,Versa,2021,Platinum,Paquetes,Servicios,Conexión a Asistencia Vial Nissan,,
NissanConnect Finder,Versa,2021,Platinum,Paquetes,Servicios,Asistencia NissanConnect® Finder,,
NissanConnect Finder,Versa,2021,Platinum,Paquetes,Servicios,Liga a Página de Citas de Mantenimiento Vehicular,,
NissanConnect Finder,Versa,2022,Sense,Paquetes,Servicios,Localización en tiempo real,,
NissanConnect Finder,Versa,2022,Sense,Paquetes,Servicios,Activación de bocina,,
NissanConnect Finder,Versa,2022,Sense,Paquetes,Servicios,Geocercas,,
NissanConnect Finder,Versa,2022,Sense,Paquetes,Servicios,Ubicación del Vehículo,,
NissanConnect Finder,Versa,2022,Sense,Paquetes,Servicios,Sígueme,,
NissanConnect Finder,Versa,2022,Sense,Paquetes,Servicios,Navegación,,
NissanConnect Finder,Versa,2022,Sense,Paquetes,Servicios,Notificaciones,,
NissanConnect Finder,Versa,2022,Sense,Paquetes,Servicios,Histórico de Rutas,,
NissanConnect Finder,Versa,2022,Sense,Paquetes,Servicios,Asistencia de Vehículo Robado ,,
NissanConnect Finder,Versa,2022,Sense,Paquetes,Servicios,Alerta de Movimiento,,
NissanConnect Finder,Versa,2022,Sense,Paquetes,Servicios,Alerta de Velocidad,,
NissanConnect Finder,Versa,2022,Sense,Paquetes,Servicios,Conexión a Asistencia Vial Nissan,,
NissanConnect Finder,Versa,2022,Sense,Paquetes,Servicios,Asistencia NissanConnect® Finder,,
NissanConnect Finder,Versa,2022,Sense,Paquetes,Servicios,Liga a Página de Citas de Mantenimiento Vehicular,,
NissanConnect Finder,Versa,2022,Advance,Paquetes,Servicios,Localización en tiempo real,,
NissanConnect Finder,Versa,2022,Advance,Paquetes,Servicios,Activación de bocina,,
NissanConnect Finder,Versa,2022,Advance,Paquetes,Servicios,Geocercas,,
NissanConnect Finder,Versa,2022,Advance,Paquetes,Servicios,Ubicación del Vehículo,,
NissanConnect Finder,Versa,2022,Advance,Paquetes,Servicios,Sígueme,,
NissanConnect Finder,Versa,2022,Advance,Paquetes,Servicios,Navegación,,
NissanConnect Finder,Versa,2022,Advance,Paquetes,Servicios,Notificaciones,,
NissanConnect Finder,Versa,2022,Advance,Paquetes,Servicios,Histórico de Rutas,,
NissanConnect Finder,Versa,2022,Advance,Paquetes,Servicios,Asistencia de Vehículo Robado ,,
NissanConnect Finder,Versa,2022,Advance,Paquetes,Servicios,Alerta de Movimiento,,
NissanConnect Finder,Versa,2022,Advance,Paquetes,Servicios,Alerta de Velocidad,,
NissanConnect Finder,Versa,2022,Advance,Paquetes,Servicios,Conexión a Asistencia Vial Nissan,,
NissanConnect Finder,Versa,2022,Advance,Paquetes,Servicios,Asistencia NissanConnect® Finder,,
NissanConnect Finder,Versa,2022,Advance,Paquetes,Servicios,Liga a Página de Citas de Mantenimiento Vehicular,,
NissanConnect Finder,Versa,2022,Exclusive,Paquetes,Servicios,Localización en tiempo real,,
NissanConnect Finder,Versa,2022,Exclusive,Paquetes,Servicios,Activación de bocina,,
NissanConnect Finder,Versa,2022,Exclusive,Paquetes,Servicios,Geocercas,,
NissanConnect Finder,Versa,2022,Exclusive,Paquetes,Servicios,Ubicación del Vehículo,,
NissanConnect Finder,Versa,2022,Exclusive,Paquetes,Servicios,Sígueme,,
NissanConnect Finder,Versa,2022,Exclusive,Paquetes,Servicios,Navegación,,
NissanConnect Finder,Versa,2022,Exclusive,Paquetes,Servicios,Notificaciones,,
NissanConnect Finder,Versa,2022,Exclusive,Paquetes,Servicios,Histórico de Rutas,,
NissanConnect Finder,Versa,2022,Exclusive,Paquetes,Servicios,Asistencia de Vehículo Robado ,,
NissanConnect Finder,Versa,2022,Exclusive,Paquetes,Servicios,Alerta de Movimiento,,
NissanConnect Finder,Versa,2022,Exclusive,Paquetes,Servicios,Alerta de Velocidad,,
NissanConnect Finder,Versa,2022,Exclusive,Paquetes,Servicios,Conexión a Asistencia Vial Nissan,,
NissanConnect Finder,Versa,2022,Exclusive,Paquetes,Servicios,Asistencia NissanConnect® Finder,,
NissanConnect Finder,Versa,2022,Exclusive,Paquetes,Servicios,Liga a Página de Citas de Mantenimiento Vehicular,,
NissanConnect Finder,Versa,2022,Platinum,Paquetes,Servicios,Localización en tiempo real,,
NissanConnect Finder,Versa,2022,Platinum,Paquetes,Servicios,Activación de bocina,,
NissanConnect Finder,Versa,2022,Platinum,Paquetes,Servicios,Geocercas,,
NissanConnect Finder,Versa,2022,Platinum,Paquetes,Servicios,Ubicación del Vehículo,,
NissanConnect Finder,Versa,2022,Platinum,Paquetes,Servicios,Sígueme,,
NissanConnect Finder,Versa,2022,Platinum,Paquetes,Servicios,Navegación,,
NissanConnect Finder,Versa,2022,Platinum,Paquetes,Servicios,Notificaciones,,
NissanConnect Finder,Versa,2022,Platinum,Paquetes,Servicios,Histórico de Rutas,,
NissanConnect Finder,Versa,2022,Platinum,Paquetes,Servicios,Asistencia de Vehículo Robado ,,
NissanConnect Finder,Versa,2022,Platinum,Paquetes,Servicios,Alerta de Movimiento,,
NissanConnect Finder,Versa,2022,Platinum,Paquetes,Servicios,Alerta de Velocidad,,
NissanConnect Finder,Versa,2022,Platinum,Paquetes,Servicios,Conexión a Asistencia Vial Nissan,,
NissanConnect Finder,Versa,2022,Platinum,Paquetes,Servicios,Asistencia NissanConnect® Finder,,
NissanConnect Finder,Versa,2022,Platinum,Paquetes,Servicios,Liga a Página de Citas de Mantenimiento Vehicular,,
NissanConnect Finder,Versa,2023,Sense,Paquetes,Servicios,Localización en tiempo real,,
NissanConnect Finder,Versa,2023,Sense,Paquetes,Servicios,Activación de bocina,,
NissanConnect Finder,Versa,2023,Sense,Paquetes,Servicios,Geocercas,,
NissanConnect Finder,Versa,2023,Sense,Paquetes,Servicios,Ubicación del Vehículo,,
NissanConnect Finder,Versa,2023,Sense,Paquetes,Servicios,Sígueme,,
NissanConnect Finder,Versa,2023,Sense,Paquetes,Servicios,Navegación,,
NissanConnect Finder,Versa,2023,Sense,Paquetes,Servicios,Notificaciones,,
NissanConnect Finder,Versa,2023,Sense,Paquetes,Servicios,Histórico de Rutas,,
NissanConnect Finder,Versa,2023,Sense,Paquetes,Servicios,Asistencia de Vehículo Robado ,,
NissanConnect Finder,Versa,2023,Sense,Paquetes,Servicios,Alerta de Movimiento,,
NissanConnect Finder,Versa,2023,Sense,Paquetes,Servicios,Alerta de Velocidad,,
NissanConnect Finder,Versa,2023,Sense,Paquetes,Servicios,Conexión a Asistencia Vial Nissan,,
NissanConnect Finder,Versa,2023,Sense,Paquetes,Servicios,Asistencia NissanConnect® Finder,,
NissanConnect Finder,Versa,2023,Sense,Paquetes,Servicios,Liga a Página de Citas de Mantenimiento Vehicular,,
NissanConnect Finder,Versa,2023,Advance,Paquetes,Servicios,Localización en tiempo real,,
NissanConnect Finder,Versa,2023,Advance,Paquetes,Servicios,Activación de bocina,,
NissanConnect Finder,Versa,2023,Advance,Paquetes,Servicios,Geocercas,,
NissanConnect Finder,Versa,2023,Advance,Paquetes,Servicios,Ubicación del Vehículo,,
NissanConnect Finder,Versa,2023,Advance,Paquetes,Servicios,Sígueme,,
NissanConnect Finder,Versa,2023,Advance,Paquetes,Servicios,Navegación,,
NissanConnect Finder,Versa,2023,Advance,Paquetes,Servicios,Notificaciones,,
NissanConnect Finder,Versa,2023,Advance,Paquetes,Servicios,Histórico de Rutas,,
NissanConnect Finder,Versa,2023,Advance,Paquetes,Servicios,Asistencia de Vehículo Robado ,,
NissanConnect Finder,Versa,2023,Advance,Paquetes,Servicios,Alerta de Movimiento,,
NissanConnect Finder,Versa,2023,Advance,Paquetes,Servicios,Alerta de Velocidad,,
NissanConnect Finder,Versa,2023,Advance,Paquetes,Servicios,Conexión a Asistencia Vial Nissan,,
NissanConnect Finder,Versa,2023,Advance,Paquetes,Servicios,Asistencia NissanConnect® Finder,,
NissanConnect Finder,Versa,2023,Advance,Paquetes,Servicios,Liga a Página de Citas de Mantenimiento Vehicular,,
NissanConnect Finder,Versa,2023,SR,Paquetes,Servicios,Localización en tiempo real,,
NissanConnect Finder,Versa,2023,SR,Paquetes,Servicios,Activación de bocina,,
NissanConnect Finder,Versa,2023,SR,Paquetes,Servicios,Geocercas,,
NissanConnect Finder,Versa,2023,SR,Paquetes,Servicios,Ubicación del Vehículo,,
NissanConnect Finder,Versa,2023,SR,Paquetes,Servicios,Sígueme,,
NissanConnect Finder,Versa,2023,SR,Paquetes,Servicios,Navegación,,
NissanConnect Finder,Versa,2023,SR,Paquetes,Servicios,Notificaciones,,
NissanConnect Finder,Versa,2023,SR,Paquetes,Servicios,Histórico de Rutas,,
NissanConnect Finder,Versa,2023,SR,Paquetes,Servicios,Asistencia de Vehículo Robado ,,
NissanConnect Finder,Versa,2023,SR,Paquetes,Servicios,Alerta de Movimiento,,
NissanConnect Finder,Versa,2023,SR,Paquetes,Servicios,Alerta de Velocidad,,
NissanConnect Finder,Versa,2023,SR,Paquetes,Servicios,Conexión a Asistencia Vial Nissan,,
NissanConnect Finder,Versa,2023,SR,Paquetes,Servicios,Asistencia NissanConnect® Finder,,
NissanConnect Finder,Versa,2023,SR,Paquetes,Servicios,Liga a Página de Citas de Mantenimiento Vehicular,,
NissanConnect Finder,Versa,2024,Sense,Paquetes,Servicios,Localización en tiempo real,,
NissanConnect Finder,Versa,2024,Sense,Paquetes,Servicios,Activación de bocina,,
NissanConnect Finder,Versa,2024,Sense,Paquetes,Servicios,Geocercas,,
NissanConnect Finder,Versa,2024,Sense,Paquetes,Servicios,Ubicación del Vehículo,,
NissanConnect Finder,Versa,2024,Sense,Paquetes,Servicios,Sígueme,,
NissanConnect Finder,Versa,2024,Sense,Paquetes,Servicios,Navegación,,
NissanConnect Finder,Versa,2024,Sense,Paquetes,Servicios,Notificaciones,,
NissanConnect Finder,Versa,2024,Sense,Paquetes,Servicios,Histórico de Rutas,,
NissanConnect Finder,Versa,2024,Sense,Paquetes,Servicios,Asistencia de Vehículo Robado ,,
NissanConnect Finder,Versa,2024,Sense,Paquetes,Servicios,Alerta de Movimiento,,
NissanConnect Finder,Versa,2024,Sense,Paquetes,Servicios,Alerta de Velocidad,,
NissanConnect Finder,Versa,2024,Sense,Paquetes,Servicios,Alerta de Arrastre,,
NissanConnect Finder,Versa,2024,Sense,Paquetes,Servicios,Alerta de Posible Emergencia Vial,,
NissanConnect Finder,Versa,2024,Sense,Paquetes,Servicios,Conexión a Asistencia Vial Nissan,,
NissanConnect Finder,Versa,2024,Sense,Paquetes,Servicios,Asistencia NissanConnect® Finder,,
NissanConnect Finder,Versa,2024,Sense,Paquetes,Servicios,Liga a Página de Citas de Mantenimiento Vehicular,,
NissanConnect Finder,Versa,2024,Advance,Paquetes,Servicios,Localización en tiempo real,,
NissanConnect Finder,Versa,2024,Advance,Paquetes,Servicios,Activación de bocina,,
NissanConnect Finder,Versa,2024,Advance,Paquetes,Servicios,Geocercas,,
NissanConnect Finder,Versa,2024,Advance,Paquetes,Servicios,Ubicación del Vehículo,,
NissanConnect Finder,Versa,2024,Advance,Paquetes,Servicios,Sígueme,,
NissanConnect Finder,Versa,2024,Advance,Paquetes,Servicios,Navegación,,
NissanConnect Finder,Versa,2024,Advance,Paquetes,Servicios,Notificaciones,,
NissanConnect Finder,Versa,2024,Advance,Paquetes,Servicios,Histórico de Rutas,,
NissanConnect Finder,Versa,2024,Advance,Paquetes,Servicios,Asistencia de Vehículo Robado ,,
NissanConnect Finder,Versa,2024,Advance,Paquetes,Servicios,Alerta de Movimiento,,
NissanConnect Finder,Versa,2024,Advance,Paquetes,Servicios,Alerta de Velocidad,,
NissanConnect Finder,Versa,2024,Advance,Paquetes,Servicios,Alerta de Arrastre,,
NissanConnect Finder,Versa,2024,Advance,Paquetes,Servicios,Alerta de Posible Emergencia Vial,,
NissanConnect Finder,Versa,2024,Advance,Paquetes,Servicios,Conexión a Asistencia Vial Nissan,,
NissanConnect Finder,Versa,2024,Advance,Paquetes,Servicios,Asistencia NissanConnect® Finder,,
NissanConnect Finder,Versa,2024,Advance,Paquetes,Servicios,Liga a Página de Citas de Mantenimiento Vehicular,,
NissanConnect Finder,Versa,2024,SR,Paquetes,Servicios,Localización en tiempo real,,
NissanConnect Finder,Versa,2024,SR,Paquetes,Servicios,Activación de bocina,,
NissanConnect Finder,Versa,2024,SR,Paquetes,Servicios,Geocercas,,
NissanConnect Finder,Versa,2024,SR,Paquetes,Servicios,Ubicación del Vehículo,,
NissanConnect Finder,Versa,2024,SR,Paquetes,Servicios,Sígueme,,
NissanConnect Finder,Versa,2024,SR,Paquetes,Servicios,Navegación,,
NissanConnect Finder,Versa,2024,SR,Paquetes,Servicios,Notificaciones,,
NissanConnect Finder,Versa,2024,SR,Paquetes,Servicios,Histórico de Rutas,,
NissanConnect Finder,Versa,2024,SR,Paquetes,Servicios,Asistencia de Vehículo Robado ,,
NissanConnect Finder,Versa,2024,SR,Paquetes,Servicios,Alerta de Movimiento,,
NissanConnect Finder,Versa,2024,SR,Paquetes,Servicios,Alerta de Velocidad,,
NissanConnect Finder,Versa,2024,SR,Paquetes,Servicios,Alerta de Arrastre,,
NissanConnect Finder,Versa,2024,SR,Paquetes,Servicios,Alerta de Posible Emergencia Vial,,
NissanConnect Finder,Versa,2024,SR,Paquetes,Servicios,Conexión a Asistencia Vial Nissan,,
NissanConnect Finder,Versa,2024,SR,Paquetes,Servicios,Asistencia NissanConnect® Finder,,
NissanConnect Finder,Versa,2024,SR,Paquetes,Servicios,Liga a Página de Citas de Mantenimiento Vehicular,,
NissanConnect Finder,Versa,2025,Sense,Paquetes,Servicios,Localización en tiempo real,,
NissanConnect Finder,Versa,2025,Sense,Paquetes,Servicios,Activación de bocina,,
NissanConnect Finder,Versa,2025,Sense,Paquetes,Servicios,Geocercas,,
NissanConnect Finder,Versa,2025,Sense,Paquetes,Servicios,Ubicación del Vehículo,,
NissanConnect Finder,Versa,2025,Sense,Paquetes,Servicios,Sígueme,,
NissanConnect Finder,Versa,2025,Sense,Paquetes,Servicios,Navegación,,
NissanConnect Finder,Versa,2025,Sense,Paquetes,Servicios,Notificaciones,,
NissanConnect Finder,Versa,2025,Sense,Paquetes,Servicios,Histórico de Rutas,,
NissanConnect Finder,Versa,2025,Sense,Paquetes,Servicios,Asistencia de Vehículo Robado ,,
NissanConnect Finder,Versa,2025,Sense,Paquetes,Servicios,Alerta de Movimiento,,
NissanConnect Finder,Versa,2025,Sense,Paquetes,Servicios,Alerta de Velocidad,,
NissanConnect Finder,Versa,2025,Sense,Paquetes,Servicios,Alerta de Arrastre,,
NissanConnect Finder,Versa,2025,Sense,Paquetes,Servicios,Alerta de Posible Emergencia Vial,,
NissanConnect Finder,Versa,2025,Sense,Paquetes,Servicios,Conexión a Asistencia Vial Nissan,,
NissanConnect Finder,Versa,2025,Sense,Paquetes,Servicios,Asistencia NissanConnect® Finder,,
NissanConnect Finder,Versa,2025,Sense,Paquetes,Servicios,Liga a Página de Citas de Mantenimiento Vehicular,,
NissanConnect Finder,Versa,2025,Advance,Paquetes,Servicios,Localización en tiempo real,,
NissanConnect Finder,Versa,2025,Advance,Paquetes,Servicios,Activación de bocina,,
NissanConnect Finder,Versa,2025,Advance,Paquetes,Servicios,Geocercas,,
NissanConnect Finder,Versa,2025,Advance,Paquetes,Servicios,Ubicación del Vehículo,,
NissanConnect Finder,Versa,2025,Advance,Paquetes,Servicios,Sígueme,,
NissanConnect Finder,Versa,2025,Advance,Paquetes,Servicios,Navegación,,
NissanConnect Finder,Versa,2025,Advance,Paquetes,Servicios,Notificaciones,,
NissanConnect Finder,Versa,2025,Advance,Paquetes,Servicios,Histórico de Rutas,,
NissanConnect Finder,Versa,2025,Advance,Paquetes,Servicios,Asistencia de Vehículo Robado ,,
NissanConnect Finder,Versa,2025,Advance,Paquetes,Servicios,Alerta de Movimiento,,
NissanConnect Finder,Versa,2025,Advance,Paquetes,Servicios,Alerta de Velocidad,,
NissanConnect Finder,Versa,2025,Advance,Paquetes,Servicios,Alerta de Arrastre,,
NissanConnect Finder,Versa,2025,Advance,Paquetes,Servicios,Alerta de Posible Emergencia Vial,,
NissanConnect Finder,Versa,2025,Advance,Paquetes,Servicios,Conexión a Asistencia Vial Nissan,,
NissanConnect Finder,Versa,2025,Advance,Paquetes,Servicios,Asistencia NissanConnect® Finder,,
NissanConnect Finder,Versa,2025,Advance,Paquetes,Servicios,Liga a Página de Citas de Mantenimiento Vehicular,,
NissanConnect Finder,Versa,2025,SR,Paquetes,Servicios,Localización en tiempo real,,
NissanConnect Finder,Versa,2025,SR,Paquetes,Servicios,Activación de bocina,,
NissanConnect Finder,Versa,2025,SR,Paquetes,Servicios,Geocercas,,
NissanConnect Finder,Versa,2025,SR,Paquetes,Servicios,Ubicación del Vehículo,,
NissanConnect Finder,Versa,2025,SR,Paquetes,Servicios,Sígueme,,
NissanConnect Finder,Versa,2025,SR,Paquetes,Servicios,Navegación,,
NissanConnect Finder,Versa,2025,SR,Paquetes,Servicios,Notificaciones,,
NissanConnect Finder,Versa,2025,SR,Paquetes,Servicios,Histórico de Rutas,,
NissanConnect Finder,Versa,2025,SR,Paquetes,Servicios,Asistencia de Vehículo Robado ,,
NissanConnect Finder,Versa,2025,SR,Paquetes,Servicios,Alerta de Movimiento,,
NissanConnect Finder,Versa,2025,SR,Paquetes,Servicios,Alerta de Velocidad,,
NissanConnect Finder,Versa,2025,SR,Paquetes,Servicios,Alerta de Arrastre,,
NissanConnect Finder,Versa,2025,SR,Paquetes,Servicios,Alerta de Posible Emergencia Vial,,
NissanConnect Finder,Versa,2025,SR,Paquetes,Servicios,Conexión a Asistencia Vial Nissan,,
NissanConnect Finder,Versa,2025,SR,Paquetes,Servicios,Asistencia NissanConnect® Finder,,
NissanConnect Finder,Versa,2025,SR,Paquetes,Servicios,Liga a Página de Citas de Mantenimiento Vehicular,,
NissanConnect Finder,Versa,2026,Sense,Paquetes,Servicios,Localización en tiempo real,,
NissanConnect Finder,Versa,2026,Sense,Paquetes,Servicios,Activación de bocina,,
NissanConnect Finder,Versa,2026,Sense,Paquetes,Servicios,Geocercas,,
NissanConnect Finder,Versa,2026,Sense,Paquetes,Servicios,Ubicación del Vehículo,,
NissanConnect Finder,Versa,2026,Sense,Paquetes,Servicios,Sígueme,,
NissanConnect Finder,Versa,2026,Sense,Paquetes,Servicios,Navegación,,
NissanConnect Finder,Versa,2026,Sense,Paquetes,Servicios,Notificaciones,,
NissanConnect Finder,Versa,2026,Sense,Paquetes,Servicios,Histórico de Rutas,,
NissanConnect Finder,Versa,2026,Sense,Paquetes,Servicios,Asistencia de Vehículo Robado ,,
NissanConnect Finder,Versa,2026,Sense,Paquetes,Servicios,Alerta de Movimiento,,
NissanConnect Finder,Versa,2026,Sense,Paquetes,Servicios,Alerta de Velocidad,,
NissanConnect Finder,Versa,2026,Sense,Paquetes,Servicios,Alerta de Arrastre,,
NissanConnect Finder,Versa,2026,Sense,Paquetes,Servicios,Alerta de Posible Emergencia Vial,,
NissanConnect Finder,Versa,2026,Sense,Paquetes,Servicios,Conexión a Asistencia Vial Nissan,,
NissanConnect Finder,Versa,2026,Sense,Paquetes,Servicios,Asistencia NissanConnect® Finder,,
NissanConnect Finder,Versa,2026,Sense,Paquetes,Servicios,Liga a Página de Citas de Mantenimiento Vehicular,,
NissanConnect Finder,Versa,2026,Sense,Manuales y Guías,Pocket Guide,Aprende a configurar y utilizar las funciones conectadas de tu Nissan.,,
NissanConnect Finder,Versa,2026,Sense,Manuales y Guías,Quick Guide,Conoce algunos de los servicios que ofrece NissanConnect Finder y accede a un QR para descargar la App.,,
NissanConnect Finder,Versa,2026,Advance,Paquetes,Servicios,Localización en tiempo real,,
NissanConnect Finder,Versa,2026,Advance,Paquetes,Servicios,Activación de bocina,,
NissanConnect Finder,Versa,2026,Advance,Paquetes,Servicios,Geocercas,,
NissanConnect Finder,Versa,2026,Advance,Paquetes,Servicios,Ubicación del Vehículo,,
NissanConnect Finder,Versa,2026,Advance,Paquetes,Servicios,Sígueme,,
NissanConnect Finder,Versa,2026,Advance,Paquetes,Servicios,Navegación,,
NissanConnect Finder,Versa,2026,Advance,Paquetes,Servicios,Notificaciones,,
NissanConnect Finder,Versa,2026,Advance,Paquetes,Servicios,Histórico de Rutas,,
NissanConnect Finder,Versa,2026,Advance,Paquetes,Servicios,Asistencia de Vehículo Robado ,,
NissanConnect Finder,Versa,2026,Advance,Paquetes,Servicios,Alerta de Movimiento,,
NissanConnect Finder,Versa,2026,Advance,Paquetes,Servicios,Alerta de Velocidad,,
NissanConnect Finder,Versa,2026,Advance,Paquetes,Servicios,Alerta de Arrastre,,
NissanConnect Finder,Versa,2026,Advance,Paquetes,Servicios,Alerta de Posible Emergencia Vial,,
NissanConnect Finder,Versa,2026,Advance,Paquetes,Servicios,Conexión a Asistencia Vial Nissan,,
NissanConnect Finder,Versa,2026,Advance,Paquetes,Servicios,Asistencia NissanConnect® Finder,,
NissanConnect Finder,Versa,2026,Advance,Paquetes,Servicios,Liga a Página de Citas de Mantenimiento Vehicular,,
NissanConnect Finder,Versa,2026,Advance,Manuales y Guías,Pocket Guide,Aprende a configurar y utilizar las funciones conectadas de tu Nissan.,,
NissanConnect Finder,Versa,2026,Advance,Manuales y Guías,Quick Guide,Conoce algunos de los servicios que ofrece NissanConnect Finder y accede a un QR para descargar la App.,,
NissanConnect Finder,Versa,2026,Exclusive,Paquetes,Servicios,Localización en tiempo real,,
NissanConnect Finder,Versa,2026,Exclusive,Paquetes,Servicios,Activación de bocina,,
NissanConnect Finder,Versa,2026,Exclusive,Paquetes,Servicios,Geocercas,,
NissanConnect Finder,Versa,2026,Exclusive,Paquetes,Servicios,Ubicación del Vehículo,,
NissanConnect Finder,Versa,2026,Exclusive,Paquetes,Servicios,Sígueme,,
NissanConnect Finder,Versa,2026,Exclusive,Paquetes,Servicios,Navegación,,
NissanConnect Finder,Versa,2026,Exclusive,Paquetes,Servicios,Notificaciones,,
NissanConnect Finder,Versa,2026,Exclusive,Paquetes,Servicios,Histórico de Rutas,,
NissanConnect Finder,Versa,2026,Exclusive,Paquetes,Servicios,Asistencia de Vehículo Robado ,,
NissanConnect Finder,Versa,2026,Exclusive,Paquetes,Servicios,Alerta de Movimiento,,
NissanConnect Finder,Versa,2026,Exclusive,Paquetes,Servicios,Alerta de Velocidad,,
NissanConnect Finder,Versa,2026,Exclusive,Paquetes,Servicios,Alerta de Arrastre,,
NissanConnect Finder,Versa,2026,Exclusive,Paquetes,Servicios,Alerta de Posible Emergencia Vial,,
NissanConnect Finder,Versa,2026,Exclusive,Paquetes,Servicios,Conexión a Asistencia Vial Nissan,,
NissanConnect Finder,Versa,2026,Exclusive,Paquetes,Servicios,Asistencia NissanConnect® Finder,,
NissanConnect Finder,Versa,2026,Exclusive,Paquetes,Servicios,Liga a Página de Citas de Mantenimiento Vehicular,,
NissanConnect Finder,Versa,2026,Exclusive,Manuales y Guías,Pocket Guide,Aprende a configurar y utilizar las funciones conectadas de tu Nissan.,,
NissanConnect Finder,Versa,2026,Exclusive,Manuales y Guías,Quick Guide,Conoce algunos de los servicios que ofrece NissanConnect Finder y accede a un QR para descargar la App.,,
NissanConnect Finder,Versa,2027,Sense,Paquetes,Servicios,Localización en tiempo real,,
NissanConnect Finder,Versa,2027,Sense,Paquetes,Servicios,Activación de bocina,,
NissanConnect Finder,Versa,2027,Sense,Paquetes,Servicios,Geocercas,,
NissanConnect Finder,Versa,2027,Sense,Paquetes,Servicios,Ubicación del Vehículo,,
NissanConnect Finder,Versa,2027,Sense,Paquetes,Servicios,Sígueme,,
NissanConnect Finder,Versa,2027,Sense,Paquetes,Servicios,Navegación,,
NissanConnect Finder,Versa,2027,Sense,Paquetes,Servicios,Notificaciones,,
NissanConnect Finder,Versa,2027,Sense,Paquetes,Servicios,Histórico de Rutas,,
NissanConnect Finder,Versa,2027,Sense,Paquetes,Servicios,Asistencia de Vehículo Robado ,,
NissanConnect Finder,Versa,2027,Sense,Paquetes,Servicios,Alerta de Movimiento,,
NissanConnect Finder,Versa,2027,Sense,Paquetes,Servicios,Alerta de Velocidad,,
NissanConnect Finder,Versa,2027,Sense,Paquetes,Servicios,Alerta de Arrastre,,
NissanConnect Finder,Versa,2027,Sense,Paquetes,Servicios,Alerta de Posible Emergencia Vial,,
NissanConnect Finder,Versa,2027,Sense,Paquetes,Servicios,Conexión a Asistencia Vial Nissan,,
NissanConnect Finder,Versa,2027,Sense,Paquetes,Servicios,Asistencia NissanConnect® Finder,,
NissanConnect Finder,Versa,2027,Sense,Paquetes,Servicios,Liga a Página de Citas de Mantenimiento Vehicular,,
NissanConnect Finder,Versa,2027,Sense,Manuales y Guías,Pocket Guide,Aprende a configurar y utilizar las funciones conectadas de tu Nissan.,,
NissanConnect Finder,Versa,2027,Sense,Manuales y Guías,Quick Guide,Conoce algunos de los servicios que ofrece NissanConnect Finder y accede a un QR para descargar la App.,,
NissanConnect Finder,Versa,2027,Advance,Paquetes,Servicios,Localización en tiempo real,,
NissanConnect Finder,Versa,2027,Advance,Paquetes,Servicios,Activación de bocina,,
NissanConnect Finder,Versa,2027,Advance,Paquetes,Servicios,Geocercas,,
NissanConnect Finder,Versa,2027,Advance,Paquetes,Servicios,Ubicación del Vehículo,,
NissanConnect Finder,Versa,2027,Advance,Paquetes,Servicios,Sígueme,,
NissanConnect Finder,Versa,2027,Advance,Paquetes,Servicios,Navegación,,
NissanConnect Finder,Versa,2027,Advance,Paquetes,Servicios,Notificaciones,,
NissanConnect Finder,Versa,2027,Advance,Paquetes,Servicios,Histórico de Rutas,,
NissanConnect Finder,Versa,2027,Advance,Paquetes,Servicios,Asistencia de Vehículo Robado ,,
NissanConnect Finder,Versa,2027,Advance,Paquetes,Servicios,Alerta de Movimiento,,
NissanConnect Finder,Versa,2027,Advance,Paquetes,Servicios,Alerta de Velocidad,,
NissanConnect Finder,Versa,2027,Advance,Paquetes,Servicios,Alerta de Arrastre,,
NissanConnect Finder,Versa,2027,Advance,Paquetes,Servicios,Alerta de Posible Emergencia Vial,,
NissanConnect Finder,Versa,2027,Advance,Paquetes,Servicios,Conexión a Asistencia Vial Nissan,,
NissanConnect Finder,Versa,2027,Advance,Paquetes,Servicios,Asistencia NissanConnect® Finder,,
NissanConnect Finder,Versa,2027,Advance,Paquetes,Servicios,Liga a Página de Citas de Mantenimiento Vehicular,,
NissanConnect Finder,Versa,2027,Advance,Manuales y Guías,Pocket Guide,Aprende a configurar y utilizar las funciones conectadas de tu Nissan.,,
NissanConnect Finder,Versa,2027,Advance,Manuales y Guías,Quick Guide,Conoce algunos de los servicios que ofrece NissanConnect Finder y accede a un QR para descargar la App.,,
NissanConnect Finder,Versa,2027,Exclusive,Paquetes,Servicios,Localización en tiempo real,,
NissanConnect Finder,Versa,2027,Exclusive,Paquetes,Servicios,Activación de bocina,,
NissanConnect Finder,Versa,2027,Exclusive,Paquetes,Servicios,Geocercas,,
NissanConnect Finder,Versa,2027,Exclusive,Paquetes,Servicios,Ubicación del Vehículo,,
NissanConnect Finder,Versa,2027,Exclusive,Paquetes,Servicios,Sígueme,,
NissanConnect Finder,Versa,2027,Exclusive,Paquetes,Servicios,Navegación,,
NissanConnect Finder,Versa,2027,Exclusive,Paquetes,Servicios,Notificaciones,,
NissanConnect Finder,Versa,2027,Exclusive,Paquetes,Servicios,Histórico de Rutas,,
NissanConnect Finder,Versa,2027,Exclusive,Paquetes,Servicios,Asistencia de Vehículo Robado ,,
NissanConnect Finder,Versa,2027,Exclusive,Paquetes,Servicios,Alerta de Movimiento,,
NissanConnect Finder,Versa,2027,Exclusive,Paquetes,Servicios,Alerta de Velocidad,,
NissanConnect Finder,Versa,2027,Exclusive,Paquetes,Servicios,Alerta de Arrastre,,
NissanConnect Finder,Versa,2027,Exclusive,Paquetes,Servicios,Alerta de Posible Emergencia Vial,,
NissanConnect Finder,Versa,2027,Exclusive,Paquetes,Servicios,Conexión a Asistencia Vial Nissan,,
NissanConnect Finder,Versa,2027,Exclusive,Paquetes,Servicios,Asistencia NissanConnect® Finder,,
NissanConnect Finder,Versa,2027,Exclusive,Paquetes,Servicios,Liga a Página de Citas de Mantenimiento Vehicular,,
NissanConnect Finder,Versa,2027,Exclusive,Manuales y Guías,Pocket Guide,Aprende a configurar y utilizar las funciones conectadas de tu Nissan.,,
NissanConnect Finder,Versa,2027,Exclusive,Manuales y Guías,Quick Guide,Conoce algunos de los servicios que ofrece NissanConnect Finder y accede a un QR para descargar la App.,,
NissanConnect Services,Versa,2023,Exclusive,Paquetes,Select,Bloqueo / desbloqueo remoto de puertas,,
NissanConnect Services,Versa,2023,Exclusive,Paquetes,Select,Alerta de mantenimiento,,
NissanConnect Services,Versa,2023,Exclusive,Paquetes,Select,Notificación Mantenimiento Preventivo,,
NissanConnect Services,Versa,2023,Exclusive,Paquetes,Select,Actualizaciones Over-The-Air,,
NissanConnect Services,Versa,2023,Exclusive,Paquetes,Select,Llamada de asistencia desde la App,,
NissanConnect Services,Versa,2023,Exclusive,Paquetes,Seguridad,Notificación automática de colisión (ACN),,
NissanConnect Services,Versa,2023,Exclusive,Paquetes,Seguridad,Llamada de emergencia,,
NissanConnect Services,Versa,2023,Exclusive,Paquetes,Seguridad,Conexión con asistencia vial,,
NissanConnect Services,Versa,2023,Exclusive,Paquetes,Seguridad,Notificación de alarma,,
NissanConnect Services,Versa,2023,Exclusive,Paquetes,Seguridad,Geocercas,,
NissanConnect Services,Versa,2023,Exclusive,Paquetes,Seguridad,Alerta de Valet,,
NissanConnect Services,Versa,2023,Exclusive,Paquetes,Seguridad,Alerta de velocidad,,
NissanConnect Services,Versa,2023,Exclusive,Paquetes,Seguridad,Alerta de movimiento programado,,
NissanConnect Services,Versa,2023,Exclusive,Paquetes,Seguridad,Asistencia de Vehículo Robado,,
NissanConnect Services,Versa,2023,Exclusive,Paquetes,Conveniencia,Luces destelladas y bocina remoto,,
NissanConnect Services,Versa,2023,Exclusive,Paquetes,Conveniencia,Localizar mi vehículo,,
NissanConnect Services,Versa,2023,Exclusive,Paquetes,Conveniencia,Estado remoto de mi vehículo,,
NissanConnect Services,Versa,2023,Exclusive,Paquetes,Conveniencia,Borrado remoto de datos,,
NissanConnect Services,Versa,2023,Exclusive,Paquetes,Conveniencia,Nissan Concierge,,
NissanConnect Services,Versa,2023,Exclusive,Paquetes,Premium,Paquetes de Seguridad + Conveniencia + Select,,
NissanConnect Services,Versa,2024,Exclusive,Paquetes,Select,Bloqueo / desbloqueo remoto de puertas,,
NissanConnect Services,Versa,2024,Exclusive,Paquetes,Select,Alerta de mantenimiento,,
NissanConnect Services,Versa,2024,Exclusive,Paquetes,Select,Notificación Mantenimiento Preventivo,,
NissanConnect Services,Versa,2024,Exclusive,Paquetes,Select,Actualizaciones Over-The-Air,,
NissanConnect Services,Versa,2024,Exclusive,Paquetes,Select,Llamada de asistencia desde la App,,
NissanConnect Services,Versa,2024,Exclusive,Paquetes,Seguridad,Notificación automática de colisión (ACN),,
NissanConnect Services,Versa,2024,Exclusive,Paquetes,Seguridad,Llamada de emergencia,,
NissanConnect Services,Versa,2024,Exclusive,Paquetes,Seguridad,Conexión con asistencia vial,,
NissanConnect Services,Versa,2024,Exclusive,Paquetes,Seguridad,Notificación de alarma,,
NissanConnect Services,Versa,2024,Exclusive,Paquetes,Seguridad,Geocercas,,
NissanConnect Services,Versa,2024,Exclusive,Paquetes,Seguridad,Alerta de Valet,,
NissanConnect Services,Versa,2024,Exclusive,Paquetes,Seguridad,Alerta de velocidad,,
NissanConnect Services,Versa,2024,Exclusive,Paquetes,Seguridad,Alerta de movimiento programado,,
NissanConnect Services,Versa,2024,Exclusive,Paquetes,Seguridad,Asistencia de Vehículo Robado,,
NissanConnect Services,Versa,2024,Exclusive,Paquetes,Conveniencia,Luces destelladas y bocina remoto,,
NissanConnect Services,Versa,2024,Exclusive,Paquetes,Conveniencia,Localizar mi vehículo,,
NissanConnect Services,Versa,2024,Exclusive,Paquetes,Conveniencia,Estado remoto de mi vehículo,,
NissanConnect Services,Versa,2024,Exclusive,Paquetes,Conveniencia,Borrado remoto de datos,,
NissanConnect Services,Versa,2024,Exclusive,Paquetes,Conveniencia,Nissan Concierge,,
NissanConnect Services,Versa,2024,Exclusive,Paquetes,Premium,Paquetes de Seguridad + Conveniencia + Select,,
NissanConnect Services,Versa,2025,Exclusive,Paquetes,Select,Bloqueo / desbloqueo remoto de puertas,,
NissanConnect Services,Versa,2025,Exclusive,Paquetes,Select,Alerta de mantenimiento,,
NissanConnect Services,Versa,2025,Exclusive,Paquetes,Select,Notificación Mantenimiento Preventivo,,
NissanConnect Services,Versa,2025,Exclusive,Paquetes,Select,Actualizaciones Over-The-Air,,
NissanConnect Services,Versa,2025,Exclusive,Paquetes,Select,Llamada de asistencia desde la App,,
NissanConnect Services,Versa,2025,Exclusive,Paquetes,Seguridad,Notificación automática de colisión (ACN),,
NissanConnect Services,Versa,2025,Exclusive,Paquetes,Seguridad,Llamada de emergencia,,
NissanConnect Services,Versa,2025,Exclusive,Paquetes,Seguridad,Conexión con asistencia vial,,
NissanConnect Services,Versa,2025,Exclusive,Paquetes,Seguridad,Notificación de alarma,,
NissanConnect Services,Versa,2025,Exclusive,Paquetes,Seguridad,Geocercas,,
NissanConnect Services,Versa,2025,Exclusive,Paquetes,Seguridad,Alerta de Valet,,
NissanConnect Services,Versa,2025,Exclusive,Paquetes,Seguridad,Alerta de velocidad,,
NissanConnect Services,Versa,2025,Exclusive,Paquetes,Seguridad,Alerta de movimiento programado,,
NissanConnect Services,Versa,2025,Exclusive,Paquetes,Seguridad,Asistencia de Vehículo Robado,,
NissanConnect Services,Versa,2025,Exclusive,Paquetes,Conveniencia,Luces destelladas y bocina remoto,,
NissanConnect Services,Versa,2025,Exclusive,Paquetes,Conveniencia,Localizar mi vehículo,,
NissanConnect Services,Versa,2025,Exclusive,Paquetes,Conveniencia,Estado remoto de mi vehículo,,
NissanConnect Services,Versa,2025,Exclusive,Paquetes,Conveniencia,Borrado remoto de datos,,
NissanConnect Services,Versa,2025,Exclusive,Paquetes,Conveniencia,Nissan Concierge,,
NissanConnect Services,Versa,2025,Exclusive,Paquetes,Premium,Paquetes de Seguridad + Conveniencia + Select,,
NissanConnect Services,Versa,2025,Exclusive,Paquetes,Wi-Fi,Wi-Fi HotSpot,,
NissanConnect Services,Versa,2025,Exclusive,Manuales y Guías,Pocket Guide,Aprende a configurar y utilizar las funciones conectadas de tu Nissan.,,
NissanConnect Services,Versa,2025,Exclusive,Manuales y Guías,Quick Guide,Conoce algunos de los servicios que ofrece NissanConnect Services y accede a un QR para descargar la App.,,
NissanConnect Services,Versa,2025,Exclusive,Manuales y Guías,Activación de cuenta,Descubre cómo activar tu cuenta de NissanConnect Services,,
NissanConnect Services,Versa,2025,Exclusive,Manuales y Guías,Activación de Wi-Fi ,Descubre cómo activar la prueba gratuita de Wi-Fi Hot Spot incluida en tu Nissan ,,
NissanConnect Finder,X-Trail,2021,Sense,Paquetes,Servicios,Localización en tiempo real,,
NissanConnect Finder,X-Trail,2021,Sense,Paquetes,Servicios,Activación de bocina,,
NissanConnect Finder,X-Trail,2021,Sense,Paquetes,Servicios,Geocercas,,
NissanConnect Finder,X-Trail,2021,Sense,Paquetes,Servicios,Ubicación del Vehículo,,
NissanConnect Finder,X-Trail,2021,Sense,Paquetes,Servicios,Sígueme,,
NissanConnect Finder,X-Trail,2021,Sense,Paquetes,Servicios,Navegación,,
NissanConnect Finder,X-Trail,2021,Sense,Paquetes,Servicios,Notificaciones,,
NissanConnect Finder,X-Trail,2021,Sense,Paquetes,Servicios,Histórico de Rutas,,
NissanConnect Finder,X-Trail,2021,Sense,Paquetes,Servicios,Asistencia de Vehículo Robado ,,
NissanConnect Finder,X-Trail,2021,Sense,Paquetes,Servicios,Alerta de Movimiento,,
NissanConnect Finder,X-Trail,2021,Sense,Paquetes,Servicios,Alerta de Velocidad,,
NissanConnect Finder,X-Trail,2021,Sense,Paquetes,Servicios,Conexión a Asistencia Vial Nissan,,
NissanConnect Finder,X-Trail,2021,Sense,Paquetes,Servicios,Asistencia NissanConnect® Finder,,
NissanConnect Finder,X-Trail,2021,Sense,Paquetes,Servicios,Liga a Página de Citas de Mantenimiento Vehicular,,
NissanConnect Finder,X-Trail,2021,Advance,Paquetes,Servicios,Localización en tiempo real,,
NissanConnect Finder,X-Trail,2021,Advance,Paquetes,Servicios,Activación de bocina,,
NissanConnect Finder,X-Trail,2021,Advance,Paquetes,Servicios,Geocercas,,
NissanConnect Finder,X-Trail,2021,Advance,Paquetes,Servicios,Ubicación del Vehículo,,
NissanConnect Finder,X-Trail,2021,Advance,Paquetes,Servicios,Sígueme,,
NissanConnect Finder,X-Trail,2021,Advance,Paquetes,Servicios,Navegación,,
NissanConnect Finder,X-Trail,2021,Advance,Paquetes,Servicios,Notificaciones,,
NissanConnect Finder,X-Trail,2021,Advance,Paquetes,Servicios,Histórico de Rutas,,
NissanConnect Finder,X-Trail,2021,Advance,Paquetes,Servicios,Asistencia de Vehículo Robado ,,
NissanConnect Finder,X-Trail,2021,Advance,Paquetes,Servicios,Alerta de Movimiento,,
NissanConnect Finder,X-Trail,2021,Advance,Paquetes,Servicios,Alerta de Velocidad,,
NissanConnect Finder,X-Trail,2021,Advance,Paquetes,Servicios,Conexión a Asistencia Vial Nissan,,
NissanConnect Finder,X-Trail,2021,Advance,Paquetes,Servicios,Asistencia NissanConnect® Finder,,
NissanConnect Finder,X-Trail,2021,Advance,Paquetes,Servicios,Liga a Página de Citas de Mantenimiento Vehicular,,
NissanConnect Finder,X-Trail,2021,Exclusive,Paquetes,Servicios,Localización en tiempo real,,
NissanConnect Finder,X-Trail,2021,Exclusive,Paquetes,Servicios,Activación de bocina,,
NissanConnect Finder,X-Trail,2021,Exclusive,Paquetes,Servicios,Geocercas,,
NissanConnect Finder,X-Trail,2021,Exclusive,Paquetes,Servicios,Ubicación del Vehículo,,
NissanConnect Finder,X-Trail,2021,Exclusive,Paquetes,Servicios,Sígueme,,
NissanConnect Finder,X-Trail,2021,Exclusive,Paquetes,Servicios,Navegación,,
NissanConnect Finder,X-Trail,2021,Exclusive,Paquetes,Servicios,Notificaciones,,
NissanConnect Finder,X-Trail,2021,Exclusive,Paquetes,Servicios,Histórico de Rutas,,
NissanConnect Finder,X-Trail,2021,Exclusive,Paquetes,Servicios,Asistencia de Vehículo Robado ,,
NissanConnect Finder,X-Trail,2021,Exclusive,Paquetes,Servicios,Alerta de Movimiento,,
NissanConnect Finder,X-Trail,2021,Exclusive,Paquetes,Servicios,Alerta de Velocidad,,
NissanConnect Finder,X-Trail,2021,Exclusive,Paquetes,Servicios,Conexión a Asistencia Vial Nissan,,
NissanConnect Finder,X-Trail,2021,Exclusive,Paquetes,Servicios,Asistencia NissanConnect® Finder,,
NissanConnect Finder,X-Trail,2021,Exclusive,Paquetes,Servicios,Liga a Página de Citas de Mantenimiento Vehicular,,
NissanConnect Finder,X-Trail,2021,Exclusive Hybrid,Paquetes,Servicios,Localización en tiempo real,,
NissanConnect Finder,X-Trail,2021,Exclusive Hybrid,Paquetes,Servicios,Activación de bocina,,
NissanConnect Finder,X-Trail,2021,Exclusive Hybrid,Paquetes,Servicios,Geocercas,,
NissanConnect Finder,X-Trail,2021,Exclusive Hybrid,Paquetes,Servicios,Ubicación del Vehículo,,
NissanConnect Finder,X-Trail,2021,Exclusive Hybrid,Paquetes,Servicios,Sígueme,,
NissanConnect Finder,X-Trail,2021,Exclusive Hybrid,Paquetes,Servicios,Navegación,,
NissanConnect Finder,X-Trail,2021,Exclusive Hybrid,Paquetes,Servicios,Notificaciones,,
NissanConnect Finder,X-Trail,2021,Exclusive Hybrid,Paquetes,Servicios,Histórico de Rutas,,
NissanConnect Finder,X-Trail,2021,Exclusive Hybrid,Paquetes,Servicios,Asistencia de Vehículo Robado ,,
NissanConnect Finder,X-Trail,2021,Exclusive Hybrid,Paquetes,Servicios,Alerta de Movimiento,,
NissanConnect Finder,X-Trail,2021,Exclusive Hybrid,Paquetes,Servicios,Alerta de Velocidad,,
NissanConnect Finder,X-Trail,2021,Exclusive Hybrid,Paquetes,Servicios,Conexión a Asistencia Vial Nissan,,
NissanConnect Finder,X-Trail,2021,Exclusive Hybrid,Paquetes,Servicios,Asistencia NissanConnect® Finder,,
NissanConnect Finder,X-Trail,2021,Exclusive Hybrid,Paquetes,Servicios,Liga a Página de Citas de Mantenimiento Vehicular,,
NissanConnect Finder,X-Trail,2022,Sense,Paquetes,Servicios,Localización en tiempo real,,
NissanConnect Finder,X-Trail,2022,Sense,Paquetes,Servicios,Activación de bocina,,
NissanConnect Finder,X-Trail,2022,Sense,Paquetes,Servicios,Geocercas,,
NissanConnect Finder,X-Trail,2022,Sense,Paquetes,Servicios,Ubicación del Vehículo,,
NissanConnect Finder,X-Trail,2022,Sense,Paquetes,Servicios,Sígueme,,
NissanConnect Finder,X-Trail,2022,Sense,Paquetes,Servicios,Navegación,,
NissanConnect Finder,X-Trail,2022,Sense,Paquetes,Servicios,Notificaciones,,
NissanConnect Finder,X-Trail,2022,Sense,Paquetes,Servicios,Histórico de Rutas,,
NissanConnect Finder,X-Trail,2022,Sense,Paquetes,Servicios,Asistencia de Vehículo Robado ,,
NissanConnect Finder,X-Trail,2022,Sense,Paquetes,Servicios,Alerta de Movimiento,,
NissanConnect Finder,X-Trail,2022,Sense,Paquetes,Servicios,Alerta de Velocidad,,
NissanConnect Finder,X-Trail,2022,Sense,Paquetes,Servicios,Conexión a Asistencia Vial Nissan,,
NissanConnect Finder,X-Trail,2022,Sense,Paquetes,Servicios,Asistencia NissanConnect® Finder,,
NissanConnect Finder,X-Trail,2022,Sense,Paquetes,Servicios,Liga a Página de Citas de Mantenimiento Vehicular,,
NissanConnect Finder,X-Trail,2022,Advance,Paquetes,Servicios,Localización en tiempo real,,
NissanConnect Finder,X-Trail,2022,Advance,Paquetes,Servicios,Activación de bocina,,
NissanConnect Finder,X-Trail,2022,Advance,Paquetes,Servicios,Geocercas,,
NissanConnect Finder,X-Trail,2022,Advance,Paquetes,Servicios,Ubicación del Vehículo,,
NissanConnect Finder,X-Trail,2022,Advance,Paquetes,Servicios,Sígueme,,
NissanConnect Finder,X-Trail,2022,Advance,Paquetes,Servicios,Navegación,,
NissanConnect Finder,X-Trail,2022,Advance,Paquetes,Servicios,Notificaciones,,
NissanConnect Finder,X-Trail,2022,Advance,Paquetes,Servicios,Histórico de Rutas,,
NissanConnect Finder,X-Trail,2022,Advance,Paquetes,Servicios,Asistencia de Vehículo Robado ,,
NissanConnect Finder,X-Trail,2022,Advance,Paquetes,Servicios,Alerta de Movimiento,,
NissanConnect Finder,X-Trail,2022,Advance,Paquetes,Servicios,Alerta de Velocidad,,
NissanConnect Finder,X-Trail,2022,Advance,Paquetes,Servicios,Conexión a Asistencia Vial Nissan,,
NissanConnect Finder,X-Trail,2022,Advance,Paquetes,Servicios,Asistencia NissanConnect® Finder,,
NissanConnect Finder,X-Trail,2022,Advance,Paquetes,Servicios,Liga a Página de Citas de Mantenimiento Vehicular,,
NissanConnect Finder,X-Trail,2022,Exclusive,Paquetes,Servicios,Localización en tiempo real,,
NissanConnect Finder,X-Trail,2022,Exclusive,Paquetes,Servicios,Activación de bocina,,
NissanConnect Finder,X-Trail,2022,Exclusive,Paquetes,Servicios,Geocercas,,
NissanConnect Finder,X-Trail,2022,Exclusive,Paquetes,Servicios,Ubicación del Vehículo,,
NissanConnect Finder,X-Trail,2022,Exclusive,Paquetes,Servicios,Sígueme,,
NissanConnect Finder,X-Trail,2022,Exclusive,Paquetes,Servicios,Navegación,,
NissanConnect Finder,X-Trail,2022,Exclusive,Paquetes,Servicios,Notificaciones,,
NissanConnect Finder,X-Trail,2022,Exclusive,Paquetes,Servicios,Histórico de Rutas,,
NissanConnect Finder,X-Trail,2022,Exclusive,Paquetes,Servicios,Asistencia de Vehículo Robado ,,
NissanConnect Finder,X-Trail,2022,Exclusive,Paquetes,Servicios,Alerta de Movimiento,,
NissanConnect Finder,X-Trail,2022,Exclusive,Paquetes,Servicios,Alerta de Velocidad,,
NissanConnect Finder,X-Trail,2022,Exclusive,Paquetes,Servicios,Conexión a Asistencia Vial Nissan,,
NissanConnect Finder,X-Trail,2022,Exclusive,Paquetes,Servicios,Asistencia NissanConnect® Finder,,
NissanConnect Finder,X-Trail,2022,Exclusive,Paquetes,Servicios,Liga a Página de Citas de Mantenimiento Vehicular,,
NissanConnect Finder,X-Trail,2022,Exclusive Hybrid,Paquetes,Servicios,Localización en tiempo real,,
NissanConnect Finder,X-Trail,2022,Exclusive Hybrid,Paquetes,Servicios,Activación de bocina,,
NissanConnect Finder,X-Trail,2022,Exclusive Hybrid,Paquetes,Servicios,Geocercas,,
NissanConnect Finder,X-Trail,2022,Exclusive Hybrid,Paquetes,Servicios,Ubicación del Vehículo,,
NissanConnect Finder,X-Trail,2022,Exclusive Hybrid,Paquetes,Servicios,Sígueme,,
NissanConnect Finder,X-Trail,2022,Exclusive Hybrid,Paquetes,Servicios,Navegación,,
NissanConnect Finder,X-Trail,2022,Exclusive Hybrid,Paquetes,Servicios,Notificaciones,,
NissanConnect Finder,X-Trail,2022,Exclusive Hybrid,Paquetes,Servicios,Histórico de Rutas,,
NissanConnect Finder,X-Trail,2022,Exclusive Hybrid,Paquetes,Servicios,Asistencia de Vehículo Robado ,,
NissanConnect Finder,X-Trail,2022,Exclusive Hybrid,Paquetes,Servicios,Alerta de Movimiento,,
NissanConnect Finder,X-Trail,2022,Exclusive Hybrid,Paquetes,Servicios,Alerta de Velocidad,,
NissanConnect Finder,X-Trail,2022,Exclusive Hybrid,Paquetes,Servicios,Conexión a Asistencia Vial Nissan,,
NissanConnect Finder,X-Trail,2022,Exclusive Hybrid,Paquetes,Servicios,Asistencia NissanConnect® Finder,,
NissanConnect Finder,X-Trail,2022,Exclusive Hybrid,Paquetes,Servicios,Liga a Página de Citas de Mantenimiento Vehicular,,
NissanConnect Finder,X-Trail,2023,Advance,Paquetes,Servicios,Localización en tiempo real,,
NissanConnect Finder,X-Trail,2023,Advance,Paquetes,Servicios,Activación de bocina,,
NissanConnect Finder,X-Trail,2023,Advance,Paquetes,Servicios,Geocercas,,
NissanConnect Finder,X-Trail,2023,Advance,Paquetes,Servicios,Ubicación del Vehículo,,
NissanConnect Finder,X-Trail,2023,Advance,Paquetes,Servicios,Sígueme,,
NissanConnect Finder,X-Trail,2023,Advance,Paquetes,Servicios,Navegación,,
NissanConnect Finder,X-Trail,2023,Advance,Paquetes,Servicios,Notificaciones,,
NissanConnect Finder,X-Trail,2023,Advance,Paquetes,Servicios,Histórico de Rutas,,
NissanConnect Finder,X-Trail,2023,Advance,Paquetes,Servicios,Asistencia de Vehículo Robado ,,
NissanConnect Finder,X-Trail,2023,Advance,Paquetes,Servicios,Alerta de Movimiento,,
NissanConnect Finder,X-Trail,2023,Advance,Paquetes,Servicios,Alerta de Velocidad,,
NissanConnect Finder,X-Trail,2023,Advance,Paquetes,Servicios,Conexión a Asistencia Vial Nissan,,
NissanConnect Finder,X-Trail,2023,Advance,Paquetes,Servicios,Asistencia NissanConnect® Finder,,
NissanConnect Finder,X-Trail,2023,Advance,Paquetes,Servicios,Liga a Página de Citas de Mantenimiento Vehicular,,
NissanConnect Finder,X-Trail,2023,Exclusive,Paquetes,Servicios,Localización en tiempo real,,
NissanConnect Finder,X-Trail,2023,Exclusive,Paquetes,Servicios,Activación de bocina,,
NissanConnect Finder,X-Trail,2023,Exclusive,Paquetes,Servicios,Geocercas,,
NissanConnect Finder,X-Trail,2023,Exclusive,Paquetes,Servicios,Ubicación del Vehículo,,
NissanConnect Finder,X-Trail,2023,Exclusive,Paquetes,Servicios,Sígueme,,
NissanConnect Finder,X-Trail,2023,Exclusive,Paquetes,Servicios,Navegación,,
NissanConnect Finder,X-Trail,2023,Exclusive,Paquetes,Servicios,Notificaciones,,
NissanConnect Finder,X-Trail,2023,Exclusive,Paquetes,Servicios,Histórico de Rutas,,
NissanConnect Finder,X-Trail,2023,Exclusive,Paquetes,Servicios,Asistencia de Vehículo Robado ,,
NissanConnect Finder,X-Trail,2023,Exclusive,Paquetes,Servicios,Alerta de Movimiento,,
NissanConnect Finder,X-Trail,2023,Exclusive,Paquetes,Servicios,Alerta de Velocidad,,
NissanConnect Finder,X-Trail,2023,Exclusive,Paquetes,Servicios,Conexión a Asistencia Vial Nissan,,
NissanConnect Finder,X-Trail,2023,Exclusive,Paquetes,Servicios,Asistencia NissanConnect® Finder,,
NissanConnect Finder,X-Trail,2023,Exclusive,Paquetes,Servicios,Liga a Página de Citas de Mantenimiento Vehicular,,
NissanConnect Finder,X-Trail,2024,Advance,Paquetes,Servicios,Localización en tiempo real,,
NissanConnect Finder,X-Trail,2024,Advance,Paquetes,Servicios,Activación de bocina,,
NissanConnect Finder,X-Trail,2024,Advance,Paquetes,Servicios,Geocercas,,
NissanConnect Finder,X-Trail,2024,Advance,Paquetes,Servicios,Ubicación del Vehículo,,
NissanConnect Finder,X-Trail,2024,Advance,Paquetes,Servicios,Sígueme,,
NissanConnect Finder,X-Trail,2024,Advance,Paquetes,Servicios,Navegación,,
NissanConnect Finder,X-Trail,2024,Advance,Paquetes,Servicios,Notificaciones,,
NissanConnect Finder,X-Trail,2024,Advance,Paquetes,Servicios,Histórico de Rutas,,
NissanConnect Finder,X-Trail,2024,Advance,Paquetes,Servicios,Asistencia de Vehículo Robado ,,
NissanConnect Finder,X-Trail,2024,Advance,Paquetes,Servicios,Alerta de Movimiento,,
NissanConnect Finder,X-Trail,2024,Advance,Paquetes,Servicios,Alerta de Velocidad,,
NissanConnect Finder,X-Trail,2024,Advance,Paquetes,Servicios,Alerta de Arrastre,,
NissanConnect Finder,X-Trail,2024,Advance,Paquetes,Servicios,Alerta de Posible Emergencia Vial,,
NissanConnect Finder,X-Trail,2024,Advance,Paquetes,Servicios,Conexión a Asistencia Vial Nissan,,
NissanConnect Finder,X-Trail,2024,Advance,Paquetes,Servicios,Asistencia NissanConnect® Finder,,
NissanConnect Finder,X-Trail,2024,Advance,Paquetes,Servicios,Liga a Página de Citas de Mantenimiento Vehicular,,
NissanConnect Finder,X-Trail,2024,Exclusive,Paquetes,Servicios,Localización en tiempo real,,
NissanConnect Finder,X-Trail,2024,Exclusive,Paquetes,Servicios,Activación de bocina,,
NissanConnect Finder,X-Trail,2024,Exclusive,Paquetes,Servicios,Geocercas,,
NissanConnect Finder,X-Trail,2024,Exclusive,Paquetes,Servicios,Ubicación del Vehículo,,
NissanConnect Finder,X-Trail,2024,Exclusive,Paquetes,Servicios,Sígueme,,
NissanConnect Finder,X-Trail,2024,Exclusive,Paquetes,Servicios,Navegación,,
NissanConnect Finder,X-Trail,2024,Exclusive,Paquetes,Servicios,Notificaciones,,
NissanConnect Finder,X-Trail,2024,Exclusive,Paquetes,Servicios,Histórico de Rutas,,
NissanConnect Finder,X-Trail,2024,Exclusive,Paquetes,Servicios,Asistencia de Vehículo Robado ,,
NissanConnect Finder,X-Trail,2024,Exclusive,Paquetes,Servicios,Alerta de Movimiento,,
NissanConnect Finder,X-Trail,2024,Exclusive,Paquetes,Servicios,Alerta de Velocidad,,
NissanConnect Finder,X-Trail,2024,Exclusive,Paquetes,Servicios,Alerta de Arrastre,,
NissanConnect Finder,X-Trail,2024,Exclusive,Paquetes,Servicios,Alerta de Posible Emergencia Vial,,
NissanConnect Finder,X-Trail,2024,Advance,Paquetes,Servicios,Conexión a Asistencia Vial Nissan,,
NissanConnect Finder,X-Trail,2024,Exclusive,Paquetes,Servicios,Asistencia NissanConnect® Finder,,
NissanConnect Finder,X-Trail,2024,Exclusive,Paquetes,Servicios,Liga a Página de Citas de Mantenimiento Vehicular,,
NissanConnect Finder,X-Trail,2025,Advance,Paquetes,Servicios,Localización en tiempo real,,
NissanConnect Finder,X-Trail,2025,Advance,Paquetes,Servicios,Activación de bocina,,
NissanConnect Finder,X-Trail,2025,Advance,Paquetes,Servicios,Geocercas,,
NissanConnect Finder,X-Trail,2025,Advance,Paquetes,Servicios,Ubicación del Vehículo,,
NissanConnect Finder,X-Trail,2025,Advance,Paquetes,Servicios,Sígueme,,
NissanConnect Finder,X-Trail,2025,Advance,Paquetes,Servicios,Navegación,,
NissanConnect Finder,X-Trail,2025,Advance,Paquetes,Servicios,Notificaciones,,
NissanConnect Finder,X-Trail,2025,Advance,Paquetes,Servicios,Histórico de Rutas,,
NissanConnect Finder,X-Trail,2025,Advance,Paquetes,Servicios,Asistencia de Vehículo Robado ,,
NissanConnect Finder,X-Trail,2025,Advance,Paquetes,Servicios,Alerta de Movimiento,,
NissanConnect Finder,X-Trail,2025,Advance,Paquetes,Servicios,Alerta de Velocidad,,
NissanConnect Finder,X-Trail,2025,Advance,Paquetes,Servicios,Alerta de Arrastre,,
NissanConnect Finder,X-Trail,2025,Advance,Paquetes,Servicios,Alerta de Posible Emergencia Vial,,
NissanConnect Finder,X-Trail,2025,Advance,Paquetes,Servicios,Asistencia NissanConnect® Finder,,
NissanConnect Finder,X-Trail,2025,Advance,Paquetes,Servicios,Liga a Página de Citas de Mantenimiento Vehicular,,
NissanConnect Finder,X-Trail,2025,Advance,Manuales y Guías,Pocket Guide,Aprende a configurar y utilizar las funciones conectadas de tu Nissan.,,
NissanConnect Finder,X-Trail,2025,Advance,Manuales y Guías,Quick Guide,Conoce algunos de los servicios que ofrece NissanConnect Finder y accede a un QR para descargar la App.,,
NissanConnect Finder,X-Trail,2025,Exclusive,Paquetes,Servicios,Localización en tiempo real,,
NissanConnect Finder,X-Trail,2025,Exclusive,Paquetes,Servicios,Activación de bocina,,
NissanConnect Finder,X-Trail,2025,Exclusive,Paquetes,Servicios,Geocercas,,
NissanConnect Finder,X-Trail,2025,Exclusive,Paquetes,Servicios,Ubicación del Vehículo,,
NissanConnect Finder,X-Trail,2025,Exclusive,Paquetes,Servicios,Sígueme,,
NissanConnect Finder,X-Trail,2025,Exclusive,Paquetes,Servicios,Navegación,,
NissanConnect Finder,X-Trail,2025,Exclusive,Paquetes,Servicios,Notificaciones,,
NissanConnect Finder,X-Trail,2025,Exclusive,Paquetes,Servicios,Histórico de Rutas,,
NissanConnect Finder,X-Trail,2025,Exclusive,Paquetes,Servicios,Asistencia de Vehículo Robado ,,
NissanConnect Finder,X-Trail,2025,Exclusive,Paquetes,Servicios,Alerta de Movimiento,,
NissanConnect Finder,X-Trail,2025,Exclusive,Paquetes,Servicios,Alerta de Velocidad,,
NissanConnect Finder,X-Trail,2025,Exclusive,Paquetes,Servicios,Alerta de Arrastre,,
NissanConnect Finder,X-Trail,2025,Exclusive,Paquetes,Servicios,Alerta de Posible Emergencia Vial,,
NissanConnect Finder,X-Trail,2025,Exclusive,Paquetes,Servicios,Conexión a Asistencia Vial Nissan,,
NissanConnect Finder,X-Trail,2025,Exclusive,Paquetes,Servicios,Asistencia NissanConnect® Finder,,
NissanConnect Finder,X-Trail,2025,Exclusive,Paquetes,Servicios,Liga a Página de Citas de Mantenimiento Vehicular,,
NissanConnect Finder,X-Trail,2025,Exclusive,Manuales y Guías,Pocket Guide,Aprende a configurar y utilizar las funciones conectadas de tu Nissan.,,
NissanConnect Finder,X-Trail,2025,Exclusive,Manuales y Guías,Quick Guide,Conoce algunos de los servicios que ofrece NissanConnect Finder y accede a un QR para descargar la App.,,
NissanConnect Finder,X-Trail,2026,Advance,Paquetes,Servicios,Localización en tiempo real,,https://www.nissan.com.mx/content/dam/Nissan/mexico/assets/duenos_nissan/nissan-connect/x-trail/nissan-2026-xtrail-platinum_plus_2_row-d.jpeg
NissanConnect Finder,X-Trail,2026,Advance,Paquetes,Servicios,Activación de bocina,,https://www.nissan.com.mx/content/dam/Nissan/mexico/assets/duenos_nissan/nissan-connect/x-trail/nissan-2026-xtrail-platinum_plus_2_row-d.jpeg
NissanConnect Finder,X-Trail,2026,Advance,Paquetes,Servicios,Geocercas,,https://www.nissan.com.mx/content/dam/Nissan/mexico/assets/duenos_nissan/nissan-connect/x-trail/nissan-2026-xtrail-platinum_plus_2_row-d.jpeg
NissanConnect Finder,X-Trail,2026,Advance,Paquetes,Servicios,Ubicación del Vehículo,,https://www.nissan.com.mx/content/dam/Nissan/mexico/assets/duenos_nissan/nissan-connect/x-trail/nissan-2026-xtrail-platinum_plus_2_row-d.jpeg
NissanConnect Finder,X-Trail,2026,Advance,Paquetes,Servicios,Sígueme,,https://www.nissan.com.mx/content/dam/Nissan/mexico/assets/duenos_nissan/nissan-connect/x-trail/nissan-2026-xtrail-platinum_plus_2_row-d.jpeg
NissanConnect Finder,X-Trail,2026,Advance,Paquetes,Servicios,Navegación,,https://www.nissan.com.mx/content/dam/Nissan/mexico/assets/duenos_nissan/nissan-connect/x-trail/nissan-2026-xtrail-platinum_plus_2_row-d.jpeg
NissanConnect Finder,X-Trail,2026,Advance,Paquetes,Servicios,Notificaciones,,https://www.nissan.com.mx/content/dam/Nissan/mexico/assets/duenos_nissan/nissan-connect/x-trail/nissan-2026-xtrail-platinum_plus_2_row-d.jpeg
NissanConnect Finder,X-Trail,2026,Advance,Paquetes,Servicios,Histórico de Rutas,,https://www.nissan.com.mx/content/dam/Nissan/mexico/assets/duenos_nissan/nissan-connect/x-trail/nissan-2026-xtrail-platinum_plus_2_row-d.jpeg
NissanConnect Finder,X-Trail,2026,Advance,Paquetes,Servicios,Asistencia de Vehículo Robado ,,https://www.nissan.com.mx/content/dam/Nissan/mexico/assets/duenos_nissan/nissan-connect/x-trail/nissan-2026-xtrail-platinum_plus_2_row-d.jpeg
NissanConnect Finder,X-Trail,2026,Advance,Paquetes,Servicios,Alerta de Movimiento,,https://www.nissan.com.mx/content/dam/Nissan/mexico/assets/duenos_nissan/nissan-connect/x-trail/nissan-2026-xtrail-platinum_plus_2_row-d.jpeg
NissanConnect Finder,X-Trail,2026,Advance,Paquetes,Servicios,Alerta de Velocidad,,https://www.nissan.com.mx/content/dam/Nissan/mexico/assets/duenos_nissan/nissan-connect/x-trail/nissan-2026-xtrail-platinum_plus_2_row-d.jpeg
NissanConnect Finder,X-Trail,2026,Advance,Paquetes,Servicios,Alerta de Arrastre,,https://www.nissan.com.mx/content/dam/Nissan/mexico/assets/duenos_nissan/nissan-connect/x-trail/nissan-2026-xtrail-platinum_plus_2_row-d.jpeg
NissanConnect Finder,X-Trail,2026,Advance,Paquetes,Servicios,Alerta de Posible Emergencia Vial,,https://www.nissan.com.mx/content/dam/Nissan/mexico/assets/duenos_nissan/nissan-connect/x-trail/nissan-2026-xtrail-platinum_plus_2_row-d.jpeg
NissanConnect Finder,X-Trail,2026,Advance,Paquetes,Servicios,Conexión a Asistencia Vial Nissan,,https://www.nissan.com.mx/content/dam/Nissan/mexico/assets/duenos_nissan/nissan-connect/x-trail/nissan-2026-xtrail-platinum_plus_2_row-d.jpeg
NissanConnect Finder,X-Trail,2026,Advance,Paquetes,Servicios,Asistencia NissanConnect® Finder,,https://www.nissan.com.mx/content/dam/Nissan/mexico/assets/duenos_nissan/nissan-connect/x-trail/nissan-2026-xtrail-platinum_plus_2_row-d.jpeg
NissanConnect Finder,X-Trail,2026,Advance,Paquetes,Servicios,Liga a Página de Citas de Mantenimiento Vehicular,,https://www.nissan.com.mx/content/dam/Nissan/mexico/assets/duenos_nissan/nissan-connect/x-trail/nissan-2026-xtrail-platinum_plus_2_row-d.jpeg
NissanConnect Finder,X-Trail,2026,Advance,Manuales y Guías,Pocket Guide,Aprende a configurar y utilizar las funciones conectadas de tu Nissan.,,
NissanConnect Finder,X-Trail,2026,Advance,Manuales y Guías,Quick Guide,Conoce algunos de los servicios que ofrece NissanConnect Finder y accede a un QR para descargar la App.,,
NissanConnect Finder,X-Trail,2026,Exclusive,Paquetes,Servicios,Localización en tiempo real,,https://www.nissan.com.mx/content/dam/Nissan/mexico/assets/duenos_nissan/nissan-connect/x-trail/nissan-2026-xtrail-platinum_plus_2_row-d.jpeg
NissanConnect Finder,X-Trail,2026,Exclusive,Paquetes,Servicios,Activación de bocina,,https://www.nissan.com.mx/content/dam/Nissan/mexico/assets/duenos_nissan/nissan-connect/x-trail/nissan-2026-xtrail-platinum_plus_2_row-d.jpeg
NissanConnect Finder,X-Trail,2026,Exclusive,Paquetes,Servicios,Geocercas,,https://www.nissan.com.mx/content/dam/Nissan/mexico/assets/duenos_nissan/nissan-connect/x-trail/nissan-2026-xtrail-platinum_plus_2_row-d.jpeg
NissanConnect Finder,X-Trail,2026,Exclusive,Paquetes,Servicios,Ubicación del Vehículo,,https://www.nissan.com.mx/content/dam/Nissan/mexico/assets/duenos_nissan/nissan-connect/x-trail/nissan-2026-xtrail-platinum_plus_2_row-d.jpeg
NissanConnect Finder,X-Trail,2026,Exclusive,Paquetes,Servicios,Sígueme,,https://www.nissan.com.mx/content/dam/Nissan/mexico/assets/duenos_nissan/nissan-connect/x-trail/nissan-2026-xtrail-platinum_plus_2_row-d.jpeg
NissanConnect Finder,X-Trail,2026,Exclusive,Paquetes,Servicios,Navegación,,https://www.nissan.com.mx/content/dam/Nissan/mexico/assets/duenos_nissan/nissan-connect/x-trail/nissan-2026-xtrail-platinum_plus_2_row-d.jpeg
NissanConnect Finder,X-Trail,2026,Exclusive,Paquetes,Servicios,Notificaciones,,https://www.nissan.com.mx/content/dam/Nissan/mexico/assets/duenos_nissan/nissan-connect/x-trail/nissan-2026-xtrail-platinum_plus_2_row-d.jpeg
NissanConnect Finder,X-Trail,2026,Exclusive,Paquetes,Servicios,Histórico de Rutas,,https://www.nissan.com.mx/content/dam/Nissan/mexico/assets/duenos_nissan/nissan-connect/x-trail/nissan-2026-xtrail-platinum_plus_2_row-d.jpeg
NissanConnect Finder,X-Trail,2026,Exclusive,Paquetes,Servicios,Asistencia de Vehículo Robado ,,https://www.nissan.com.mx/content/dam/Nissan/mexico/assets/duenos_nissan/nissan-connect/x-trail/nissan-2026-xtrail-platinum_plus_2_row-d.jpeg
NissanConnect Finder,X-Trail,2026,Exclusive,Paquetes,Servicios,Alerta de Movimiento,,https://www.nissan.com.mx/content/dam/Nissan/mexico/assets/duenos_nissan/nissan-connect/x-trail/nissan-2026-xtrail-platinum_plus_2_row-d.jpeg
NissanConnect Finder,X-Trail,2026,Exclusive,Paquetes,Servicios,Alerta de Velocidad,,https://www.nissan.com.mx/content/dam/Nissan/mexico/assets/duenos_nissan/nissan-connect/x-trail/nissan-2026-xtrail-platinum_plus_2_row-d.jpeg
NissanConnect Finder,X-Trail,2026,Exclusive,Paquetes,Servicios,Alerta de Arrastre,,https://www.nissan.com.mx/content/dam/Nissan/mexico/assets/duenos_nissan/nissan-connect/x-trail/nissan-2026-xtrail-platinum_plus_2_row-d.jpeg
NissanConnect Finder,X-Trail,2026,Exclusive,Paquetes,Servicios,Alerta de Posible Emergencia Vial,,https://www.nissan.com.mx/content/dam/Nissan/mexico/assets/duenos_nissan/nissan-connect/x-trail/nissan-2026-xtrail-platinum_plus_2_row-d.jpeg
NissanConnect Finder,X-Trail,2026,Exclusive,Paquetes,Servicios,Conexión a Asistencia Vial Nissan,,https://www.nissan.com.mx/content/dam/Nissan/mexico/assets/duenos_nissan/nissan-connect/x-trail/nissan-2026-xtrail-platinum_plus_2_row-d.jpeg
NissanConnect Finder,X-Trail,2026,Exclusive,Paquetes,Servicios,Asistencia NissanConnect® Finder,,https://www.nissan.com.mx/content/dam/Nissan/mexico/assets/duenos_nissan/nissan-connect/x-trail/nissan-2026-xtrail-platinum_plus_2_row-d.jpeg
NissanConnect Finder,X-Trail,2026,Exclusive,Paquetes,Servicios,Liga a Página de Citas de Mantenimiento Vehicular,,https://www.nissan.com.mx/content/dam/Nissan/mexico/assets/duenos_nissan/nissan-connect/x-trail/nissan-2026-xtrail-platinum_plus_2_row-d.jpeg
NissanConnect Finder,X-Trail,2026,Exclusive,Manuales y Guías,Pocket Guide,Aprende a configurar y utilizar las funciones conectadas de tu Nissan.,,
NissanConnect Finder,X-Trail,2026,Exclusive,Manuales y Guías,Quick Guide,Conoce algunos de los servicios que ofrece NissanConnect Finder y accede a un QR para descargar la App.,,
NissanConnect Services,X-Trail,2023,Platinum,Paquetes,Select,Bloqueo / desbloqueo remoto de puertas,,
NissanConnect Services,X-Trail,2023,Platinum,Paquetes,Select,Alerta de mantenimiento,,
NissanConnect Services,X-Trail,2023,Platinum,Paquetes,Select,Notificación Mantenimiento Preventivo,,
NissanConnect Services,X-Trail,2023,Platinum,Paquetes,Select,Mensaje enviado al vehículo,,
NissanConnect Services,X-Trail,2023,Platinum,Paquetes,Select,Actualizaciones Over-The-Air,,
NissanConnect Services,X-Trail,2023,Platinum,Paquetes,Select,Llamada de asistencia desde la App,,
NissanConnect Services,X-Trail,2023,Platinum,Paquetes,Select,Vista Mapa,,
NissanConnect Services,X-Trail,2023,Platinum,Paquetes,Select,Vista Satélite,,
NissanConnect Services,X-Trail,2023,Platinum,Paquetes,Select,Destinos by Google,,
NissanConnect Services,X-Trail,2023,Platinum,Paquetes,Select,Búsqueda Conectada,,
NissanConnect Services,X-Trail,2023,Platinum,Paquetes,Select,Actualización de mapas Over-The-Air,,
NissanConnect Services,X-Trail,2023,Platinum,Paquetes,Select,Premium Traffic,,
NissanConnect Services,X-Trail,2023,Platinum,Paquetes,Select,TomTom Weather,,
NissanConnect Services,X-Trail,2023,Platinum,Paquetes,Seguridad,Notificación automática de colisión (ACN),,
NissanConnect Services,X-Trail,2023,Platinum,Paquetes,Seguridad,Llamada de emergencia,,
NissanConnect Services,X-Trail,2023,Platinum,Paquetes,Seguridad,Conexión con asistencia vial,,
NissanConnect Services,X-Trail,2023,Platinum,Paquetes,Seguridad,Notificación de alarma,,
NissanConnect Services,X-Trail,2023,Platinum,Paquetes,Seguridad,Geocercas,,
NissanConnect Services,X-Trail,2023,Platinum,Paquetes,Seguridad,Alerta de Valet,,
NissanConnect Services,X-Trail,2023,Platinum,Paquetes,Seguridad,Alerta de velocidad,,
NissanConnect Services,X-Trail,2023,Platinum,Paquetes,Seguridad,Alerta de movimiento programado,,
NissanConnect Services,X-Trail,2023,Platinum,Paquetes,Seguridad,Asistencia de Vehículo Robado,,
NissanConnect Services,X-Trail,2023,Platinum,Paquetes,Conveniencia,Luces destelladas y bocina remoto,,
NissanConnect Services,X-Trail,2023,Platinum,Paquetes,Conveniencia,Localizar mi vehículo,,
NissanConnect Services,X-Trail,2023,Platinum,Paquetes,Conveniencia,Estado remoto de mi vehículo,,
NissanConnect Services,X-Trail,2023,Platinum,Paquetes,Conveniencia,Borrado remoto de datos,,
NissanConnect Services,X-Trail,2023,Platinum,Paquetes,Conveniencia,Nissan Concierge,,
NissanConnect Services,X-Trail,2023,Platinum,Paquetes,Conveniencia,Envío de destino al vehículo,,
NissanConnect Services,X-Trail,2023,Platinum,Paquetes,Conveniencia,Asistente de destino,,
NissanConnect Services,X-Trail,2023,Platinum,Paquetes,Conveniencia,Navegación puerta a puerta,,
NissanConnect Services,X-Trail,2023,Platinum,Paquetes,Conveniencia,Planificador de viaje,,
NissanConnect Services,X-Trail,2023,Platinum,Paquetes,Premium,Paquetes de Seguridad + Conveniencia + Select,,
NissanConnect Services,X-Trail,2023,Platinum,Paquetes,Wi-Fi,Wi-Fi HotSpot,,
NissanConnect Services,X-Trail,2023,Platinum Plus,Paquetes,Select,Bloqueo / desbloqueo remoto de puertas,,
NissanConnect Services,X-Trail,2023,Platinum Plus,Paquetes,Select,Alerta de mantenimiento,,
NissanConnect Services,X-Trail,2023,Platinum Plus,Paquetes,Select,Notificación Mantenimiento Preventivo,,
NissanConnect Services,X-Trail,2023,Platinum Plus,Paquetes,Select,Mensaje enviado al vehículo,,
NissanConnect Services,X-Trail,2023,Platinum Plus,Paquetes,Select,Actualizaciones Over-The-Air,,
NissanConnect Services,X-Trail,2023,Platinum Plus,Paquetes,Select,Llamada de asistencia desde la App,,
NissanConnect Services,X-Trail,2023,Platinum Plus,Paquetes,Select,Vista Mapa,,
NissanConnect Services,X-Trail,2023,Platinum Plus,Paquetes,Select,Vista Satélite,,
NissanConnect Services,X-Trail,2023,Platinum Plus,Paquetes,Select,Destinos by Google,,
NissanConnect Services,X-Trail,2023,Platinum Plus,Paquetes,Select,Búsqueda Conectada,,
NissanConnect Services,X-Trail,2023,Platinum Plus,Paquetes,Select,Actualización de mapas Over-The-Air,,
NissanConnect Services,X-Trail,2023,Platinum Plus,Paquetes,Select,Premium Traffic,,
NissanConnect Services,X-Trail,2023,Platinum Plus,Paquetes,Select,TomTom Weather,,
NissanConnect Services,X-Trail,2023,Platinum Plus,Paquetes,Seguridad,Notificación automática de colisión (ACN),,
NissanConnect Services,X-Trail,2023,Platinum Plus,Paquetes,Seguridad,Llamada de emergencia,,
NissanConnect Services,X-Trail,2023,Platinum Plus,Paquetes,Seguridad,Conexión con asistencia vial,,
NissanConnect Services,X-Trail,2023,Platinum Plus,Paquetes,Seguridad,Notificación de alarma,,
NissanConnect Services,X-Trail,2023,Platinum Plus,Paquetes,Seguridad,Geocercas,,
NissanConnect Services,X-Trail,2023,Platinum Plus,Paquetes,Seguridad,Alerta de Valet,,
NissanConnect Services,X-Trail,2023,Platinum Plus,Paquetes,Seguridad,Alerta de velocidad,,
NissanConnect Services,X-Trail,2023,Platinum Plus,Paquetes,Seguridad,Alerta de movimiento programado,,
NissanConnect Services,X-Trail,2023,Platinum Plus,Paquetes,Seguridad,Asistencia de Vehículo Robado,,
NissanConnect Services,X-Trail,2023,Platinum Plus,Paquetes,Conveniencia,Arranque/ Apagado remoto de motor,,
NissanConnect Services,X-Trail,2023,Platinum Plus,Paquetes,Conveniencia,Luces destelladas y bocina remoto,,
NissanConnect Services,X-Trail,2023,Platinum Plus,Paquetes,Conveniencia,Localizar mi vehículo,,
NissanConnect Services,X-Trail,2023,Platinum Plus,Paquetes,Conveniencia,Estado remoto de mi vehículo,,
NissanConnect Services,X-Trail,2023,Platinum Plus,Paquetes,Conveniencia,Borrado remoto de datos,,
NissanConnect Services,X-Trail,2023,Platinum Plus,Paquetes,Conveniencia,Nissan Concierge,,
NissanConnect Services,X-Trail,2023,Platinum Plus,Paquetes,Conveniencia,Envío de destino al vehículo,,
NissanConnect Services,X-Trail,2023,Platinum Plus,Paquetes,Conveniencia,Asistente de destino,,
NissanConnect Services,X-Trail,2023,Platinum Plus,Paquetes,Conveniencia,Navegación puerta a puerta,,
NissanConnect Services,X-Trail,2023,Platinum Plus,Paquetes,Conveniencia,Planificador de viaje,,
NissanConnect Services,X-Trail,2023,Platinum Plus,Paquetes,Premium,Paquetes de Seguridad + Conveniencia + Select,,
NissanConnect Services,X-Trail,2023,Platinum Plus,Paquetes,Wi-Fi,Wi-Fi HotSpot,,
NissanConnect Services,X-Trail,2024,Platinum,Paquetes,Select,Bloqueo / desbloqueo remoto de puertas,,
NissanConnect Services,X-Trail,2024,Platinum,Paquetes,Select,Alerta de mantenimiento,,
NissanConnect Services,X-Trail,2024,Platinum,Paquetes,Select,Notificación Mantenimiento Preventivo,,
NissanConnect Services,X-Trail,2024,Platinum,Paquetes,Select,Mensaje enviado al vehículo,,
NissanConnect Services,X-Trail,2024,Platinum,Paquetes,Select,Actualizaciones Over-The-Air,,
NissanConnect Services,X-Trail,2024,Platinum,Paquetes,Select,Llamada de asistencia desde la App,,
NissanConnect Services,X-Trail,2024,Platinum,Paquetes,Select,Vista Mapa,,
NissanConnect Services,X-Trail,2024,Platinum,Paquetes,Select,Vista Satélite,,
NissanConnect Services,X-Trail,2024,Platinum,Paquetes,Select,Destinos by Google,,
NissanConnect Services,X-Trail,2024,Platinum,Paquetes,Select,Búsqueda Conectada,,
NissanConnect Services,X-Trail,2024,Platinum,Paquetes,Select,Actualización de mapas Over-The-Air,,
NissanConnect Services,X-Trail,2024,Platinum,Paquetes,Select,Premium Traffic,,
NissanConnect Services,X-Trail,2024,Platinum,Paquetes,Select,TomTom Weather,,
NissanConnect Services,X-Trail,2024,Platinum,Paquetes,Seguridad,Notificación automática de colisión (ACN),,
NissanConnect Services,X-Trail,2024,Platinum,Paquetes,Seguridad,Llamada de emergencia,,
NissanConnect Services,X-Trail,2024,Platinum,Paquetes,Seguridad,Conexión con asistencia vial,,
NissanConnect Services,X-Trail,2024,Platinum,Paquetes,Seguridad,Notificación de alarma,,
NissanConnect Services,X-Trail,2024,Platinum,Paquetes,Seguridad,Geocercas,,
NissanConnect Services,X-Trail,2024,Platinum,Paquetes,Seguridad,Alerta de Valet,,
NissanConnect Services,X-Trail,2024,Platinum,Paquetes,Seguridad,Alerta de velocidad,,
NissanConnect Services,X-Trail,2024,Platinum,Paquetes,Seguridad,Alerta de movimiento programado,,
NissanConnect Services,X-Trail,2024,Platinum,Paquetes,Seguridad,Asistencia de Vehículo Robado,,
NissanConnect Services,X-Trail,2024,Platinum,Paquetes,Conveniencia,Luces destelladas y bocina remoto,,
NissanConnect Services,X-Trail,2024,Platinum,Paquetes,Conveniencia,Localizar mi vehículo,,
NissanConnect Services,X-Trail,2024,Platinum,Paquetes,Conveniencia,Estado remoto de mi vehículo,,
NissanConnect Services,X-Trail,2024,Platinum,Paquetes,Conveniencia,Borrado remoto de datos,,
NissanConnect Services,X-Trail,2024,Platinum,Paquetes,Conveniencia,Nissan Concierge,,
NissanConnect Services,X-Trail,2024,Platinum,Paquetes,Conveniencia,Envío de destino al vehículo,,
NissanConnect Services,X-Trail,2024,Platinum,Paquetes,Conveniencia,Asistente de destino,,
NissanConnect Services,X-Trail,2024,Platinum,Paquetes,Conveniencia,Navegación puerta a puerta,,
NissanConnect Services,X-Trail,2024,Platinum,Paquetes,Conveniencia,Planificador de viaje,,
NissanConnect Services,X-Trail,2024,Platinum,Paquetes,Premium,Paquetes de Seguridad + Conveniencia + Select,,
NissanConnect Services,X-Trail,2024,Platinum,Paquetes,Wi-Fi,Wi-Fi HotSpot,,
NissanConnect Services,X-Trail,2024,Platinum Plus,Paquetes,Select,Bloqueo / desbloqueo remoto de puertas,,
NissanConnect Services,X-Trail,2024,Platinum Plus,Paquetes,Select,Alerta de mantenimiento,,
NissanConnect Services,X-Trail,2024,Platinum Plus,Paquetes,Select,Notificación Mantenimiento Preventivo,,
NissanConnect Services,X-Trail,2024,Platinum Plus,Paquetes,Select,Mensaje enviado al vehículo,,
NissanConnect Services,X-Trail,2024,Platinum Plus,Paquetes,Select,Actualizaciones Over-The-Air,,
NissanConnect Services,X-Trail,2024,Platinum Plus,Paquetes,Select,Llamada de asistencia desde la App,,
NissanConnect Services,X-Trail,2024,Platinum Plus,Paquetes,Select,Vista Mapa,,
NissanConnect Services,X-Trail,2024,Platinum Plus,Paquetes,Select,Vista Satélite,,
NissanConnect Services,X-Trail,2024,Platinum Plus,Paquetes,Select,Destinos by Google,,
NissanConnect Services,X-Trail,2024,Platinum Plus,Paquetes,Select,Búsqueda Conectada,,
NissanConnect Services,X-Trail,2024,Platinum Plus,Paquetes,Select,Actualización de mapas Over-The-Air,,
NissanConnect Services,X-Trail,2024,Platinum Plus,Paquetes,Select,Premium Traffic,,
NissanConnect Services,X-Trail,2024,Platinum Plus,Paquetes,Select,TomTom Weather,,
NissanConnect Services,X-Trail,2024,Platinum Plus,Paquetes,Seguridad,Notificación automática de colisión (ACN),,
NissanConnect Services,X-Trail,2024,Platinum Plus,Paquetes,Seguridad,Llamada de emergencia,,
NissanConnect Services,X-Trail,2024,Platinum Plus,Paquetes,Seguridad,Conexión con asistencia vial,,
NissanConnect Services,X-Trail,2024,Platinum Plus,Paquetes,Seguridad,Notificación de alarma,,
NissanConnect Services,X-Trail,2024,Platinum Plus,Paquetes,Seguridad,Geocercas,,
NissanConnect Services,X-Trail,2024,Platinum Plus,Paquetes,Seguridad,Alerta de Valet,,
NissanConnect Services,X-Trail,2024,Platinum Plus,Paquetes,Seguridad,Alerta de velocidad,,
NissanConnect Services,X-Trail,2024,Platinum Plus,Paquetes,Seguridad,Alerta de movimiento programado,,
NissanConnect Services,X-Trail,2024,Platinum Plus,Paquetes,Seguridad,Asistencia de Vehículo Robado,,
NissanConnect Services,X-Trail,2024,Platinum Plus,Paquetes,Conveniencia,Arranque/ Apagado remoto de motor,,
NissanConnect Services,X-Trail,2024,Platinum Plus,Paquetes,Conveniencia,Luces destelladas y bocina remoto,,
NissanConnect Services,X-Trail,2024,Platinum Plus,Paquetes,Conveniencia,Localizar mi vehículo,,
NissanConnect Services,X-Trail,2024,Platinum Plus,Paquetes,Conveniencia,Estado remoto de mi vehículo,,
NissanConnect Services,X-Trail,2024,Platinum Plus,Paquetes,Conveniencia,Borrado remoto de datos,,
NissanConnect Services,X-Trail,2024,Platinum Plus,Paquetes,Conveniencia,Nissan Concierge,,
NissanConnect Services,X-Trail,2024,Platinum Plus,Paquetes,Conveniencia,Envío de destino al vehículo,,
NissanConnect Services,X-Trail,2024,Platinum Plus,Paquetes,Conveniencia,Asistente de destino,,
NissanConnect Services,X-Trail,2024,Platinum Plus,Paquetes,Conveniencia,Navegación puerta a puerta,,
NissanConnect Services,X-Trail,2024,Platinum Plus,Paquetes,Conveniencia,Planificador de viaje,,
NissanConnect Services,X-Trail,2024,Platinum Plus,Paquetes,Premium,Paquetes de Seguridad + Conveniencia + Select,,
NissanConnect Services,X-Trail,2024,Platinum Plus,Paquetes,Wi-Fi,Wi-Fi HotSpot,,
NissanConnect Services,X-Trail,2025,Platinum,Paquetes,Select,Bloqueo / desbloqueo remoto de puertas,,
NissanConnect Services,X-Trail,2025,Platinum,Paquetes,Select,Alerta de mantenimiento,,
NissanConnect Services,X-Trail,2025,Platinum,Paquetes,Select,Notificación Mantenimiento Preventivo,,
NissanConnect Services,X-Trail,2025,Platinum,Paquetes,Select,Mensaje enviado al vehículo,,
NissanConnect Services,X-Trail,2025,Platinum,Paquetes,Select,Actualizaciones Over-The-Air,,
NissanConnect Services,X-Trail,2025,Platinum,Paquetes,Select,Llamada de asistencia desde la App,,
NissanConnect Services,X-Trail,2025,Platinum,Paquetes,Select,Vista Mapa,,
NissanConnect Services,X-Trail,2025,Platinum,Paquetes,Select,Vista Satélite,,
NissanConnect Services,X-Trail,2025,Platinum,Paquetes,Select,Destinos by Google,,
NissanConnect Services,X-Trail,2025,Platinum,Paquetes,Select,Búsqueda Conectada,,
NissanConnect Services,X-Trail,2025,Platinum,Paquetes,Select,Actualización de mapas Over-The-Air,,
NissanConnect Services,X-Trail,2025,Platinum,Paquetes,Select,Premium Traffic,,
NissanConnect Services,X-Trail,2025,Platinum,Paquetes,Select,TomTom Weather,,
NissanConnect Services,X-Trail,2025,Platinum,Paquetes,Seguridad,Notificación automática de colisión (ACN),,
NissanConnect Services,X-Trail,2025,Platinum,Paquetes,Seguridad,Llamada de emergencia,,
NissanConnect Services,X-Trail,2025,Platinum,Paquetes,Seguridad,Conexión con asistencia vial,,
NissanConnect Services,X-Trail,2025,Platinum,Paquetes,Seguridad,Notificación de alarma,,
NissanConnect Services,X-Trail,2025,Platinum,Paquetes,Seguridad,Geocercas,,
NissanConnect Services,X-Trail,2025,Platinum,Paquetes,Seguridad,Alerta de Valet,,
NissanConnect Services,X-Trail,2025,Platinum,Paquetes,Seguridad,Alerta de velocidad,,
NissanConnect Services,X-Trail,2025,Platinum,Paquetes,Seguridad,Alerta de movimiento programado,,
NissanConnect Services,X-Trail,2025,Platinum,Paquetes,Seguridad,Asistencia de Vehículo Robado,,
NissanConnect Services,X-Trail,2025,Platinum,Paquetes,Conveniencia,Luces destelladas y bocina remoto,,
NissanConnect Services,X-Trail,2025,Platinum,Paquetes,Conveniencia,Localizar mi vehículo,,
NissanConnect Services,X-Trail,2025,Platinum,Paquetes,Conveniencia,Estado remoto de mi vehículo,,
NissanConnect Services,X-Trail,2025,Platinum,Paquetes,Conveniencia,Borrado remoto de datos,,
NissanConnect Services,X-Trail,2025,Platinum,Paquetes,Conveniencia,Nissan Concierge,,
NissanConnect Services,X-Trail,2025,Platinum,Paquetes,Conveniencia,Envío de destino al vehículo,,
NissanConnect Services,X-Trail,2025,Platinum,Paquetes,Conveniencia,Asistente de destino,,
NissanConnect Services,X-Trail,2025,Platinum,Paquetes,Conveniencia,Navegación puerta a puerta,,
NissanConnect Services,X-Trail,2025,Platinum,Paquetes,Conveniencia,Planificador de viaje,,
NissanConnect Services,X-Trail,2025,Platinum,Paquetes,Premium,Paquetes de Seguridad + Conveniencia + Select,,
NissanConnect Services,X-Trail,2025,Platinum,Paquetes,Wi-Fi,Wi-Fi HotSpot,,
NissanConnect Services,X-Trail,2025,Platinum,Manuales y Guías,Pocket Guide,Aprende a configurar y utilizar las funciones conectadas de tu Nissan.,,
NissanConnect Services,X-Trail,2025,Platinum,Manuales y Guías,Quick Guide,Conoce algunos de los servicios que ofrece NissanConnect Services y accede a un QR para descargar la App.,,
NissanConnect Services,X-Trail,2025,Platinum,Manuales y Guías,Activación de cuenta,Descubre cómo activar tu cuenta de NissanConnect Services,,
NissanConnect Services,X-Trail,2025,Platinum,Manuales y Guías,Activación de Wi-Fi ,Descubre cómo activar la prueba gratuita de Wi-Fi Hot Spot incluida en tu Nissan ,,
NissanConnect Services,X-Trail,2025,Platinum Plus,Paquetes,Select,Bloqueo / desbloqueo remoto de puertas,,
NissanConnect Services,X-Trail,2025,Platinum Plus,Paquetes,Select,Alerta de mantenimiento,,
NissanConnect Services,X-Trail,2025,Platinum Plus,Paquetes,Select,Notificación Mantenimiento Preventivo,,
NissanConnect Services,X-Trail,2025,Platinum Plus,Paquetes,Select,Mensaje enviado al vehículo,,
NissanConnect Services,X-Trail,2025,Platinum Plus,Paquetes,Select,Actualizaciones Over-The-Air,,
NissanConnect Services,X-Trail,2025,Platinum Plus,Paquetes,Select,Llamada de asistencia desde la App,,
NissanConnect Services,X-Trail,2025,Platinum Plus,Paquetes,Select,Vista Mapa,,
NissanConnect Services,X-Trail,2025,Platinum Plus,Paquetes,Select,Vista Satélite,,
NissanConnect Services,X-Trail,2025,Platinum Plus,Paquetes,Select,Destinos by Google,,
NissanConnect Services,X-Trail,2025,Platinum Plus,Paquetes,Select,Búsqueda Conectada,,
NissanConnect Services,X-Trail,2025,Platinum Plus,Paquetes,Select,Actualización de mapas Over-The-Air,,
NissanConnect Services,X-Trail,2025,Platinum Plus,Paquetes,Select,Premium Traffic,,
NissanConnect Services,X-Trail,2025,Platinum Plus,Paquetes,Select,TomTom Weather,,
NissanConnect Services,X-Trail,2025,Platinum Plus,Paquetes,Seguridad,Notificación automática de colisión (ACN),,
NissanConnect Services,X-Trail,2025,Platinum Plus,Paquetes,Seguridad,Llamada de emergencia,,
NissanConnect Services,X-Trail,2025,Platinum Plus,Paquetes,Seguridad,Conexión con asistencia vial,,
NissanConnect Services,X-Trail,2025,Platinum Plus,Paquetes,Seguridad,Notificación de alarma,,
NissanConnect Services,X-Trail,2025,Platinum Plus,Paquetes,Seguridad,Geocercas,,
NissanConnect Services,X-Trail,2025,Platinum Plus,Paquetes,Seguridad,Alerta de Valet,,
NissanConnect Services,X-Trail,2025,Platinum Plus,Paquetes,Seguridad,Alerta de velocidad,,
NissanConnect Services,X-Trail,2025,Platinum Plus,Paquetes,Seguridad,Alerta de movimiento programado,,
NissanConnect Services,X-Trail,2025,Platinum Plus,Paquetes,Seguridad,Asistencia de Vehículo Robado,,
NissanConnect Services,X-Trail,2025,Platinum Plus,Paquetes,Conveniencia,Arranque/ Apagado remoto de motor,,
NissanConnect Services,X-Trail,2025,Platinum Plus,Paquetes,Conveniencia,Luces destelladas y bocina remoto,,
NissanConnect Services,X-Trail,2025,Platinum Plus,Paquetes,Conveniencia,Localizar mi vehículo,,
NissanConnect Services,X-Trail,2025,Platinum Plus,Paquetes,Conveniencia,Estado remoto de mi vehículo,,
NissanConnect Services,X-Trail,2025,Platinum Plus,Paquetes,Conveniencia,Borrado remoto de datos,,
NissanConnect Services,X-Trail,2025,Platinum Plus,Paquetes,Conveniencia,Nissan Concierge,,
NissanConnect Services,X-Trail,2025,Platinum Plus,Paquetes,Conveniencia,Envío de destino al vehículo,,
NissanConnect Services,X-Trail,2025,Platinum Plus,Paquetes,Conveniencia,Asistente de destino,,
NissanConnect Services,X-Trail,2025,Platinum Plus,Paquetes,Conveniencia,Navegación puerta a puerta,,
NissanConnect Services,X-Trail,2025,Platinum Plus,Paquetes,Conveniencia,Planificador de viaje,,
NissanConnect Services,X-Trail,2025,Platinum Plus,Paquetes,Premium,Paquetes de Seguridad + Conveniencia + Select,,
NissanConnect Services,X-Trail,2025,Platinum Plus,Paquetes,Wi-Fi,Wi-Fi HotSpot,,
NissanConnect Services,X-Trail,2025,Platinum Plus,Manuales y Guías,Pocket Guide,Aprende a configurar y utilizar las funciones conectadas de tu Nissan.,,
NissanConnect Services,X-Trail,2025,Platinum Plus,Manuales y Guías,Quick Guide,Conoce algunos de los servicios que ofrece NissanConnect Services y accede a un QR para descargar la App.,,
NissanConnect Services,X-Trail,2025,Platinum Plus,Manuales y Guías,Activación de cuenta,Descubre cómo activar tu cuenta de NissanConnect Services,,
NissanConnect Services,X-Trail,2025,Platinum Plus,Manuales y Guías,Activación de Wi-Fi ,Descubre cómo activar la prueba gratuita de Wi-Fi Hot Spot incluida en tu Nissan ,,
NissanConnect Services,X-Trail,2026,Platinum,Paquetes,Select,Bloqueo / desbloqueo remoto de puertas,,https://www.nissan.com.mx/content/dam/Nissan/mexico/assets/duenos_nissan/nissan-connect/x-trail/nissan-2026-xtrail-platinum_plus_2_row-d.jpeg
NissanConnect Services,X-Trail,2026,Platinum,Paquetes,Select,Alerta de mantenimiento,,https://www.nissan.com.mx/content/dam/Nissan/mexico/assets/duenos_nissan/nissan-connect/x-trail/nissan-2026-xtrail-platinum_plus_2_row-d.jpeg
NissanConnect Services,X-Trail,2026,Platinum,Paquetes,Select,Notificación Mantenimiento Preventivo,,https://www.nissan.com.mx/content/dam/Nissan/mexico/assets/duenos_nissan/nissan-connect/x-trail/nissan-2026-xtrail-platinum_plus_2_row-d.jpeg
NissanConnect Services,X-Trail,2026,Platinum,Paquetes,Select,Mensaje enviado al vehículo,,https://www.nissan.com.mx/content/dam/Nissan/mexico/assets/duenos_nissan/nissan-connect/x-trail/nissan-2026-xtrail-platinum_plus_2_row-d.jpeg
NissanConnect Services,X-Trail,2026,Platinum,Paquetes,Select,Actualizaciones Over-The-Air,,https://www.nissan.com.mx/content/dam/Nissan/mexico/assets/duenos_nissan/nissan-connect/x-trail/nissan-2026-xtrail-platinum_plus_2_row-d.jpeg
NissanConnect Services,X-Trail,2026,Platinum,Paquetes,Select,Llamada de asistencia desde la App,,https://www.nissan.com.mx/content/dam/Nissan/mexico/assets/duenos_nissan/nissan-connect/x-trail/nissan-2026-xtrail-platinum_plus_2_row-d.jpeg
NissanConnect Services,X-Trail,2026,Platinum,Paquetes,Select,Vista Mapa,,https://www.nissan.com.mx/content/dam/Nissan/mexico/assets/duenos_nissan/nissan-connect/x-trail/nissan-2026-xtrail-platinum_plus_2_row-d.jpeg
NissanConnect Services,X-Trail,2026,Platinum,Paquetes,Select,Vista Satélite,,https://www.nissan.com.mx/content/dam/Nissan/mexico/assets/duenos_nissan/nissan-connect/x-trail/nissan-2026-xtrail-platinum_plus_2_row-d.jpeg
NissanConnect Services,X-Trail,2026,Platinum,Paquetes,Select,Destinos by Google,,https://www.nissan.com.mx/content/dam/Nissan/mexico/assets/duenos_nissan/nissan-connect/x-trail/nissan-2026-xtrail-platinum_plus_2_row-d.jpeg
NissanConnect Services,X-Trail,2026,Platinum,Paquetes,Select,Búsqueda Conectada,,https://www.nissan.com.mx/content/dam/Nissan/mexico/assets/duenos_nissan/nissan-connect/x-trail/nissan-2026-xtrail-platinum_plus_2_row-d.jpeg
NissanConnect Services,X-Trail,2026,Platinum,Paquetes,Select,Actualización de mapas Over-The-Air,,https://www.nissan.com.mx/content/dam/Nissan/mexico/assets/duenos_nissan/nissan-connect/x-trail/nissan-2026-xtrail-platinum_plus_2_row-d.jpeg
NissanConnect Services,X-Trail,2026,Platinum,Paquetes,Select,Premium Traffic,,https://www.nissan.com.mx/content/dam/Nissan/mexico/assets/duenos_nissan/nissan-connect/x-trail/nissan-2026-xtrail-platinum_plus_2_row-d.jpeg
NissanConnect Services,X-Trail,2026,Platinum,Paquetes,Select,TomTom Weather,,https://www.nissan.com.mx/content/dam/Nissan/mexico/assets/duenos_nissan/nissan-connect/x-trail/nissan-2026-xtrail-platinum_plus_2_row-d.jpeg
NissanConnect Services,X-Trail,2026,Platinum,Paquetes,Seguridad,Notificación automática de colisión (ACN),,https://www.nissan.com.mx/content/dam/Nissan/mexico/assets/duenos_nissan/nissan-connect/x-trail/nissan-2026-xtrail-platinum_plus_2_row-d.jpeg
NissanConnect Services,X-Trail,2026,Platinum,Paquetes,Seguridad,Llamada de emergencia,,https://www.nissan.com.mx/content/dam/Nissan/mexico/assets/duenos_nissan/nissan-connect/x-trail/nissan-2026-xtrail-platinum_plus_2_row-d.jpeg
NissanConnect Services,X-Trail,2026,Platinum,Paquetes,Seguridad,Conexión con asistencia vial,,https://www.nissan.com.mx/content/dam/Nissan/mexico/assets/duenos_nissan/nissan-connect/x-trail/nissan-2026-xtrail-platinum_plus_2_row-d.jpeg
NissanConnect Services,X-Trail,2026,Platinum,Paquetes,Seguridad,Notificación de alarma,,https://www.nissan.com.mx/content/dam/Nissan/mexico/assets/duenos_nissan/nissan-connect/x-trail/nissan-2026-xtrail-platinum_plus_2_row-d.jpeg
NissanConnect Services,X-Trail,2026,Platinum,Paquetes,Seguridad,Geocercas,,https://www.nissan.com.mx/content/dam/Nissan/mexico/assets/duenos_nissan/nissan-connect/x-trail/nissan-2026-xtrail-platinum_plus_2_row-d.jpeg
NissanConnect Services,X-Trail,2026,Platinum,Paquetes,Seguridad,Alerta de Valet,,https://www.nissan.com.mx/content/dam/Nissan/mexico/assets/duenos_nissan/nissan-connect/x-trail/nissan-2026-xtrail-platinum_plus_2_row-d.jpeg
NissanConnect Services,X-Trail,2026,Platinum,Paquetes,Seguridad,Alerta de velocidad,,https://www.nissan.com.mx/content/dam/Nissan/mexico/assets/duenos_nissan/nissan-connect/x-trail/nissan-2026-xtrail-platinum_plus_2_row-d.jpeg
NissanConnect Services,X-Trail,2026,Platinum,Paquetes,Seguridad,Alerta de movimiento programado,,https://www.nissan.com.mx/content/dam/Nissan/mexico/assets/duenos_nissan/nissan-connect/x-trail/nissan-2026-xtrail-platinum_plus_2_row-d.jpeg
NissanConnect Services,X-Trail,2026,Platinum,Paquetes,Seguridad,Asistencia de Vehículo Robado,,https://www.nissan.com.mx/content/dam/Nissan/mexico/assets/duenos_nissan/nissan-connect/x-trail/nissan-2026-xtrail-platinum_plus_2_row-d.jpeg
NissanConnect Services,X-Trail,2026,Platinum,Paquetes,Conveniencia,Luces destelladas y bocina remoto,,https://www.nissan.com.mx/content/dam/Nissan/mexico/assets/duenos_nissan/nissan-connect/x-trail/nissan-2026-xtrail-platinum_plus_2_row-d.jpeg
NissanConnect Services,X-Trail,2026,Platinum,Paquetes,Conveniencia,Localizar mi vehículo,,https://www.nissan.com.mx/content/dam/Nissan/mexico/assets/duenos_nissan/nissan-connect/x-trail/nissan-2026-xtrail-platinum_plus_2_row-d.jpeg
NissanConnect Services,X-Trail,2026,Platinum,Paquetes,Conveniencia,Estado remoto de mi vehículo,,https://www.nissan.com.mx/content/dam/Nissan/mexico/assets/duenos_nissan/nissan-connect/x-trail/nissan-2026-xtrail-platinum_plus_2_row-d.jpeg
NissanConnect Services,X-Trail,2026,Platinum,Paquetes,Conveniencia,Borrado remoto de datos,,https://www.nissan.com.mx/content/dam/Nissan/mexico/assets/duenos_nissan/nissan-connect/x-trail/nissan-2026-xtrail-platinum_plus_2_row-d.jpeg
NissanConnect Services,X-Trail,2026,Platinum,Paquetes,Conveniencia,Nissan Concierge,,https://www.nissan.com.mx/content/dam/Nissan/mexico/assets/duenos_nissan/nissan-connect/x-trail/nissan-2026-xtrail-platinum_plus_2_row-d.jpeg
NissanConnect Services,X-Trail,2026,Platinum,Paquetes,Conveniencia,Envío de destino al vehículo,,https://www.nissan.com.mx/content/dam/Nissan/mexico/assets/duenos_nissan/nissan-connect/x-trail/nissan-2026-xtrail-platinum_plus_2_row-d.jpeg
NissanConnect Services,X-Trail,2026,Platinum,Paquetes,Conveniencia,Asistente de destino,,https://www.nissan.com.mx/content/dam/Nissan/mexico/assets/duenos_nissan/nissan-connect/x-trail/nissan-2026-xtrail-platinum_plus_2_row-d.jpeg
NissanConnect Services,X-Trail,2026,Platinum,Paquetes,Conveniencia,Navegación puerta a puerta,,https://www.nissan.com.mx/content/dam/Nissan/mexico/assets/duenos_nissan/nissan-connect/x-trail/nissan-2026-xtrail-platinum_plus_2_row-d.jpeg
NissanConnect Services,X-Trail,2026,Platinum,Paquetes,Conveniencia,Planificador de viaje,,https://www.nissan.com.mx/content/dam/Nissan/mexico/assets/duenos_nissan/nissan-connect/x-trail/nissan-2026-xtrail-platinum_plus_2_row-d.jpeg
NissanConnect Services,X-Trail,2026,Platinum,Paquetes,Premium,Paquetes de Seguridad + Conveniencia + Select,,https://www.nissan.com.mx/content/dam/Nissan/mexico/assets/duenos_nissan/nissan-connect/x-trail/nissan-2026-xtrail-platinum_plus_2_row-d.jpeg
NissanConnect Services,X-Trail,2026,Platinum,Paquetes,Wi-Fi,Wi-Fi HotSpot,,https://www.nissan.com.mx/content/dam/Nissan/mexico/assets/duenos_nissan/nissan-connect/x-trail/nissan-2026-xtrail-platinum_plus_2_row-d.jpeg
NissanConnect Services,X-Trail,2026,Platinum,Manuales y Guías,Pocket Guide,Aprende a configurar y utilizar las funciones conectadas de tu Nissan.,,
NissanConnect Services,X-Trail,2026,Platinum,Manuales y Guías,Quick Guide,Conoce algunos de los servicios que ofrece NissanConnect Services y accede a un QR para descargar la App.,,
NissanConnect Services,X-Trail,2026,Platinum,Manuales y Guías,Activación de cuenta,Descubre cómo activar tu cuenta de NissanConnect Services,,
NissanConnect Services,X-Trail,2026,Platinum,Manuales y Guías,Activación de Wi-Fi ,Descubre cómo activar la prueba gratuita de Wi-Fi Hot Spot incluida en tu Nissan ,,
NissanConnect Services,X-Trail,2026,Platinum Plus,Paquetes,Select,Bloqueo / desbloqueo remoto de puertas,,https://www.nissan.com.mx/content/dam/Nissan/mexico/assets/duenos_nissan/nissan-connect/x-trail/nissan-2026-xtrail-platinum_plus_2_row-d.jpeg
NissanConnect Services,X-Trail,2026,Platinum Plus,Paquetes,Select,Alerta de mantenimiento,,https://www.nissan.com.mx/content/dam/Nissan/mexico/assets/duenos_nissan/nissan-connect/x-trail/nissan-2026-xtrail-platinum_plus_2_row-d.jpeg
NissanConnect Services,X-Trail,2026,Platinum Plus,Paquetes,Select,Notificación Mantenimiento Preventivo,,https://www.nissan.com.mx/content/dam/Nissan/mexico/assets/duenos_nissan/nissan-connect/x-trail/nissan-2026-xtrail-platinum_plus_2_row-d.jpeg
NissanConnect Services,X-Trail,2026,Platinum Plus,Paquetes,Select,Mensaje enviado al vehículo,,https://www.nissan.com.mx/content/dam/Nissan/mexico/assets/duenos_nissan/nissan-connect/x-trail/nissan-2026-xtrail-platinum_plus_2_row-d.jpeg
NissanConnect Services,X-Trail,2026,Platinum Plus,Paquetes,Select,Actualizaciones Over-The-Air,,https://www.nissan.com.mx/content/dam/Nissan/mexico/assets/duenos_nissan/nissan-connect/x-trail/nissan-2026-xtrail-platinum_plus_2_row-d.jpeg
NissanConnect Services,X-Trail,2026,Platinum Plus,Paquetes,Select,Llamada de asistencia desde la App,,https://www.nissan.com.mx/content/dam/Nissan/mexico/assets/duenos_nissan/nissan-connect/x-trail/nissan-2026-xtrail-platinum_plus_2_row-d.jpeg
NissanConnect Services,X-Trail,2026,Platinum Plus,Paquetes,Select,Vista Mapa,,https://www.nissan.com.mx/content/dam/Nissan/mexico/assets/duenos_nissan/nissan-connect/x-trail/nissan-2026-xtrail-platinum_plus_2_row-d.jpeg
NissanConnect Services,X-Trail,2026,Platinum Plus,Paquetes,Select,Vista Satélite,,https://www.nissan.com.mx/content/dam/Nissan/mexico/assets/duenos_nissan/nissan-connect/x-trail/nissan-2026-xtrail-platinum_plus_2_row-d.jpeg
NissanConnect Services,X-Trail,2026,Platinum Plus,Paquetes,Select,Destinos by Google,,https://www.nissan.com.mx/content/dam/Nissan/mexico/assets/duenos_nissan/nissan-connect/x-trail/nissan-2026-xtrail-platinum_plus_2_row-d.jpeg
NissanConnect Services,X-Trail,2026,Platinum Plus,Paquetes,Select,Búsqueda Conectada,,https://www.nissan.com.mx/content/dam/Nissan/mexico/assets/duenos_nissan/nissan-connect/x-trail/nissan-2026-xtrail-platinum_plus_2_row-d.jpeg
NissanConnect Services,X-Trail,2026,Platinum Plus,Paquetes,Select,Actualización de mapas Over-The-Air,,https://www.nissan.com.mx/content/dam/Nissan/mexico/assets/duenos_nissan/nissan-connect/x-trail/nissan-2026-xtrail-platinum_plus_2_row-d.jpeg
NissanConnect Services,X-Trail,2026,Platinum Plus,Paquetes,Select,Premium Traffic,,https://www.nissan.com.mx/content/dam/Nissan/mexico/assets/duenos_nissan/nissan-connect/x-trail/nissan-2026-xtrail-platinum_plus_2_row-d.jpeg
NissanConnect Services,X-Trail,2026,Platinum Plus,Paquetes,Select,TomTom Weather,,https://www.nissan.com.mx/content/dam/Nissan/mexico/assets/duenos_nissan/nissan-connect/x-trail/nissan-2026-xtrail-platinum_plus_2_row-d.jpeg
NissanConnect Services,X-Trail,2026,Platinum Plus,Paquetes,Seguridad,Notificación automática de colisión (ACN),,https://www.nissan.com.mx/content/dam/Nissan/mexico/assets/duenos_nissan/nissan-connect/x-trail/nissan-2026-xtrail-platinum_plus_2_row-d.jpeg
NissanConnect Services,X-Trail,2026,Platinum Plus,Paquetes,Seguridad,Llamada de emergencia,,https://www.nissan.com.mx/content/dam/Nissan/mexico/assets/duenos_nissan/nissan-connect/x-trail/nissan-2026-xtrail-platinum_plus_2_row-d.jpeg
NissanConnect Services,X-Trail,2026,Platinum Plus,Paquetes,Seguridad,Conexión con asistencia vial,,https://www.nissan.com.mx/content/dam/Nissan/mexico/assets/duenos_nissan/nissan-connect/x-trail/nissan-2026-xtrail-platinum_plus_2_row-d.jpeg
NissanConnect Services,X-Trail,2026,Platinum Plus,Paquetes,Seguridad,Notificación de alarma,,https://www.nissan.com.mx/content/dam/Nissan/mexico/assets/duenos_nissan/nissan-connect/x-trail/nissan-2026-xtrail-platinum_plus_2_row-d.jpeg
NissanConnect Services,X-Trail,2026,Platinum Plus,Paquetes,Seguridad,Geocercas,,https://www.nissan.com.mx/content/dam/Nissan/mexico/assets/duenos_nissan/nissan-connect/x-trail/nissan-2026-xtrail-platinum_plus_2_row-d.jpeg
NissanConnect Services,X-Trail,2026,Platinum Plus,Paquetes,Seguridad,Alerta de Valet,,https://www.nissan.com.mx/content/dam/Nissan/mexico/assets/duenos_nissan/nissan-connect/x-trail/nissan-2026-xtrail-platinum_plus_2_row-d.jpeg
NissanConnect Services,X-Trail,2026,Platinum Plus,Paquetes,Seguridad,Alerta de velocidad,,https://www.nissan.com.mx/content/dam/Nissan/mexico/assets/duenos_nissan/nissan-connect/x-trail/nissan-2026-xtrail-platinum_plus_2_row-d.jpeg
NissanConnect Services,X-Trail,2026,Platinum Plus,Paquetes,Seguridad,Alerta de movimiento programado,,https://www.nissan.com.mx/content/dam/Nissan/mexico/assets/duenos_nissan/nissan-connect/x-trail/nissan-2026-xtrail-platinum_plus_2_row-d.jpeg
NissanConnect Services,X-Trail,2026,Platinum Plus,Paquetes,Seguridad,Asistencia de Vehículo Robado,,https://www.nissan.com.mx/content/dam/Nissan/mexico/assets/duenos_nissan/nissan-connect/x-trail/nissan-2026-xtrail-platinum_plus_2_row-d.jpeg
NissanConnect Services,X-Trail,2026,Platinum Plus,Paquetes,Conveniencia,Arranque/ Apagado remoto de motor,,https://www.nissan.com.mx/content/dam/Nissan/mexico/assets/duenos_nissan/nissan-connect/x-trail/nissan-2026-xtrail-platinum_plus_2_row-d.jpeg
NissanConnect Services,X-Trail,2026,Platinum Plus,Paquetes,Conveniencia,Luces destelladas y bocina remoto,,https://www.nissan.com.mx/content/dam/Nissan/mexico/assets/duenos_nissan/nissan-connect/x-trail/nissan-2026-xtrail-platinum_plus_2_row-d.jpeg
NissanConnect Services,X-Trail,2026,Platinum Plus,Paquetes,Conveniencia,Localizar mi vehículo,,https://www.nissan.com.mx/content/dam/Nissan/mexico/assets/duenos_nissan/nissan-connect/x-trail/nissan-2026-xtrail-platinum_plus_2_row-d.jpeg
NissanConnect Services,X-Trail,2026,Platinum Plus,Paquetes,Conveniencia,Estado remoto de mi vehículo,,https://www.nissan.com.mx/content/dam/Nissan/mexico/assets/duenos_nissan/nissan-connect/x-trail/nissan-2026-xtrail-platinum_plus_2_row-d.jpeg
NissanConnect Services,X-Trail,2026,Platinum Plus,Paquetes,Conveniencia,Borrado remoto de datos,,https://www.nissan.com.mx/content/dam/Nissan/mexico/assets/duenos_nissan/nissan-connect/x-trail/nissan-2026-xtrail-platinum_plus_2_row-d.jpeg
NissanConnect Services,X-Trail,2026,Platinum Plus,Paquetes,Conveniencia,Nissan Concierge,,https://www.nissan.com.mx/content/dam/Nissan/mexico/assets/duenos_nissan/nissan-connect/x-trail/nissan-2026-xtrail-platinum_plus_2_row-d.jpeg
NissanConnect Services,X-Trail,2026,Platinum Plus,Paquetes,Conveniencia,Envío de destino al vehículo,,https://www.nissan.com.mx/content/dam/Nissan/mexico/assets/duenos_nissan/nissan-connect/x-trail/nissan-2026-xtrail-platinum_plus_2_row-d.jpeg
NissanConnect Services,X-Trail,2026,Platinum Plus,Paquetes,Conveniencia,Asistente de destino,,https://www.nissan.com.mx/content/dam/Nissan/mexico/assets/duenos_nissan/nissan-connect/x-trail/nissan-2026-xtrail-platinum_plus_2_row-d.jpeg
NissanConnect Services,X-Trail,2026,Platinum Plus,Paquetes,Conveniencia,Navegación puerta a puerta,,https://www.nissan.com.mx/content/dam/Nissan/mexico/assets/duenos_nissan/nissan-connect/x-trail/nissan-2026-xtrail-platinum_plus_2_row-d.jpeg
NissanConnect Services,X-Trail,2026,Platinum Plus,Paquetes,Conveniencia,Planificador de viaje,,https://www.nissan.com.mx/content/dam/Nissan/mexico/assets/duenos_nissan/nissan-connect/x-trail/nissan-2026-xtrail-platinum_plus_2_row-d.jpeg
NissanConnect Services,X-Trail,2026,Platinum Plus,Paquetes,Premium,Paquetes de Seguridad + Conveniencia + Select,,https://www.nissan.com.mx/content/dam/Nissan/mexico/assets/duenos_nissan/nissan-connect/x-trail/nissan-2026-xtrail-platinum_plus_2_row-d.jpeg
NissanConnect Services,X-Trail,2026,Platinum Plus,Paquetes,Wi-Fi,Wi-Fi HotSpot,,https://www.nissan.com.mx/content/dam/Nissan/mexico/assets/duenos_nissan/nissan-connect/x-trail/nissan-2026-xtrail-platinum_plus_2_row-d.jpeg
NissanConnect Services,X-Trail,2026,Platinum Plus,Manuales y Guías,Pocket Guide,Aprende a configurar y utilizar las funciones conectadas de tu Nissan.,,
NissanConnect Services,X-Trail,2026,Platinum Plus,Manuales y Guías,Quick Guide,Conoce algunos de los servicios que ofrece NissanConnect Services y accede a un QR para descargar la App.,,
NissanConnect Services,X-Trail,2026,Platinum Plus,Manuales y Guías,Activación de cuenta,Descubre cómo activar tu cuenta de NissanConnect Services,,
NissanConnect Services,X-Trail,2026,Platinum Plus,Manuales y Guías,Activación de Wi-Fi ,Descubre cómo activar la prueba gratuita de Wi-Fi Hot Spot incluida en tu Nissan ,,
NissanConnect Services,X-Trail,2027,Advance,Paquetes,Select,Bloqueo / desbloqueo remoto de puertas,,https://www.nissan.com.mx/content/dam/Nissan/mexico/assets/duenos_nissan/nissan-connect/x-trail/nissan-2027-xtrail-platinum_plus_2_row-d.jpeg
NissanConnect Services,X-Trail,2027,Advance,Paquetes,Select,Alerta de mantenimiento,,https://www.nissan.com.mx/content/dam/Nissan/mexico/assets/duenos_nissan/nissan-connect/x-trail/nissan-2027-xtrail-platinum_plus_2_row-d.jpeg
NissanConnect Services,X-Trail,2027,Advance,Paquetes,Select,Notificación Mantenimiento Preventivo,,https://www.nissan.com.mx/content/dam/Nissan/mexico/assets/duenos_nissan/nissan-connect/x-trail/nissan-2027-xtrail-platinum_plus_2_row-d.jpeg
NissanConnect Services,X-Trail,2027,Advance,Paquetes,Select,Mensaje enviado al vehículo,,https://www.nissan.com.mx/content/dam/Nissan/mexico/assets/duenos_nissan/nissan-connect/x-trail/nissan-2027-xtrail-platinum_plus_2_row-d.jpeg
NissanConnect Services,X-Trail,2027,Advance,Paquetes,Select,Actualizaciones Over-The-Air,,https://www.nissan.com.mx/content/dam/Nissan/mexico/assets/duenos_nissan/nissan-connect/x-trail/nissan-2027-xtrail-platinum_plus_2_row-d.jpeg
NissanConnect Services,X-Trail,2027,Advance,Paquetes,Select,Llamada de asistencia desde la App,,https://www.nissan.com.mx/content/dam/Nissan/mexico/assets/duenos_nissan/nissan-connect/x-trail/nissan-2027-xtrail-platinum_plus_2_row-d.jpeg
NissanConnect Services,X-Trail,2027,Advance,Paquetes,Select,Vista Mapa,,https://www.nissan.com.mx/content/dam/Nissan/mexico/assets/duenos_nissan/nissan-connect/x-trail/nissan-2027-xtrail-platinum_plus_2_row-d.jpeg
NissanConnect Services,X-Trail,2027,Advance,Paquetes,Select,Vista Satélite,,https://www.nissan.com.mx/content/dam/Nissan/mexico/assets/duenos_nissan/nissan-connect/x-trail/nissan-2027-xtrail-platinum_plus_2_row-d.jpeg
NissanConnect Services,X-Trail,2027,Advance,Paquetes,Select,Destinos by Google,,https://www.nissan.com.mx/content/dam/Nissan/mexico/assets/duenos_nissan/nissan-connect/x-trail/nissan-2027-xtrail-platinum_plus_2_row-d.jpeg
NissanConnect Services,X-Trail,2027,Advance,Paquetes,Select,Búsqueda Conectada,,https://www.nissan.com.mx/content/dam/Nissan/mexico/assets/duenos_nissan/nissan-connect/x-trail/nissan-2027-xtrail-platinum_plus_2_row-d.jpeg
NissanConnect Services,X-Trail,2027,Advance,Paquetes,Select,Actualización de mapas Over-The-Air,,https://www.nissan.com.mx/content/dam/Nissan/mexico/assets/duenos_nissan/nissan-connect/x-trail/nissan-2027-xtrail-platinum_plus_2_row-d.jpeg
NissanConnect Services,X-Trail,2027,Advance,Paquetes,Select,Premium Traffic,,https://www.nissan.com.mx/content/dam/Nissan/mexico/assets/duenos_nissan/nissan-connect/x-trail/nissan-2027-xtrail-platinum_plus_2_row-d.jpeg
NissanConnect Services,X-Trail,2027,Advance,Paquetes,Select,TomTom Weather,,https://www.nissan.com.mx/content/dam/Nissan/mexico/assets/duenos_nissan/nissan-connect/x-trail/nissan-2027-xtrail-platinum_plus_2_row-d.jpeg
NissanConnect Services,X-Trail,2027,Advance,Paquetes,Select,Conductor adicional,,https://www.nissan.com.mx/content/dam/Nissan/mexico/assets/duenos_nissan/nissan-connect/x-trail/nissan-2027-xtrail-platinum_plus_2_row-d.jpeg
NissanConnect Services,X-Trail,2027,Advance,Paquetes,Select,Recordatorio de bloqueo,,https://www.nissan.com.mx/content/dam/Nissan/mexico/assets/duenos_nissan/nissan-connect/x-trail/nissan-2027-xtrail-platinum_plus_2_row-d.jpeg
NissanConnect Services,X-Trail,2027,Advance,Paquetes,Select,Radio híbrido,,https://www.nissan.com.mx/content/dam/Nissan/mexico/assets/duenos_nissan/nissan-connect/x-trail/nissan-2027-xtrail-platinum_plus_2_row-d.jpeg
NissanConnect Services,X-Trail,2027,Advance,Paquetes,Seguridad,Notificación automática de colisión (ACN),,https://www.nissan.com.mx/content/dam/Nissan/mexico/assets/duenos_nissan/nissan-connect/x-trail/nissan-2027-xtrail-platinum_plus_2_row-d.jpeg
NissanConnect Services,X-Trail,2027,Advance,Paquetes,Seguridad,Llamada de emergencia,,https://www.nissan.com.mx/content/dam/Nissan/mexico/assets/duenos_nissan/nissan-connect/x-trail/nissan-2027-xtrail-platinum_plus_2_row-d.jpeg
NissanConnect Services,X-Trail,2027,Advance,Paquetes,Seguridad,Conexión con asistencia vial,,https://www.nissan.com.mx/content/dam/Nissan/mexico/assets/duenos_nissan/nissan-connect/x-trail/nissan-2027-xtrail-platinum_plus_2_row-d.jpeg
NissanConnect Services,X-Trail,2027,Advance,Paquetes,Seguridad,Notificación de alarma,,https://www.nissan.com.mx/content/dam/Nissan/mexico/assets/duenos_nissan/nissan-connect/x-trail/nissan-2027-xtrail-platinum_plus_2_row-d.jpeg
NissanConnect Services,X-Trail,2027,Advance,Paquetes,Seguridad,Geocercas,,https://www.nissan.com.mx/content/dam/Nissan/mexico/assets/duenos_nissan/nissan-connect/x-trail/nissan-2027-xtrail-platinum_plus_2_row-d.jpeg
NissanConnect Services,X-Trail,2027,Advance,Paquetes,Seguridad,Alerta de Valet,,https://www.nissan.com.mx/content/dam/Nissan/mexico/assets/duenos_nissan/nissan-connect/x-trail/nissan-2027-xtrail-platinum_plus_2_row-d.jpeg
NissanConnect Services,X-Trail,2027,Advance,Paquetes,Seguridad,Alerta de velocidad,,https://www.nissan.com.mx/content/dam/Nissan/mexico/assets/duenos_nissan/nissan-connect/x-trail/nissan-2027-xtrail-platinum_plus_2_row-d.jpeg
NissanConnect Services,X-Trail,2027,Advance,Paquetes,Seguridad,Alerta de movimiento programado,,https://www.nissan.com.mx/content/dam/Nissan/mexico/assets/duenos_nissan/nissan-connect/x-trail/nissan-2027-xtrail-platinum_plus_2_row-d.jpeg
NissanConnect Services,X-Trail,2027,Advance,Paquetes,Seguridad,Asistencia de Vehículo Robado,,https://www.nissan.com.mx/content/dam/Nissan/mexico/assets/duenos_nissan/nissan-connect/x-trail/nissan-2027-xtrail-platinum_plus_2_row-d.jpeg
NissanConnect Services,X-Trail,2027,Advance,Paquetes,Seguridad,Alerta de Arrastre,,https://www.nissan.com.mx/content/dam/Nissan/mexico/assets/duenos_nissan/nissan-connect/x-trail/nissan-2027-xtrail-platinum_plus_2_row-d.jpeg
NissanConnect Services,X-Trail,2027,Advance,Paquetes,Conveniencia,Luces destelladas y bocina remoto,,https://www.nissan.com.mx/content/dam/Nissan/mexico/assets/duenos_nissan/nissan-connect/x-trail/nissan-2027-xtrail-platinum_plus_2_row-d.jpeg
NissanConnect Services,X-Trail,2027,Advance,Paquetes,Conveniencia,Localizar mi vehículo,,https://www.nissan.com.mx/content/dam/Nissan/mexico/assets/duenos_nissan/nissan-connect/x-trail/nissan-2027-xtrail-platinum_plus_2_row-d.jpeg
NissanConnect Services,X-Trail,2027,Advance,Paquetes,Conveniencia,Estado remoto de mi vehículo,,https://www.nissan.com.mx/content/dam/Nissan/mexico/assets/duenos_nissan/nissan-connect/x-trail/nissan-2027-xtrail-platinum_plus_2_row-d.jpeg
NissanConnect Services,X-Trail,2027,Advance,Paquetes,Conveniencia,Borrado remoto de datos,,https://www.nissan.com.mx/content/dam/Nissan/mexico/assets/duenos_nissan/nissan-connect/x-trail/nissan-2027-xtrail-platinum_plus_2_row-d.jpeg
NissanConnect Services,X-Trail,2027,Advance,Paquetes,Conveniencia,Nissan Concierge,,https://www.nissan.com.mx/content/dam/Nissan/mexico/assets/duenos_nissan/nissan-connect/x-trail/nissan-2027-xtrail-platinum_plus_2_row-d.jpeg
NissanConnect Services,X-Trail,2027,Advance,Paquetes,Conveniencia,Envío de destino al vehículo,,https://www.nissan.com.mx/content/dam/Nissan/mexico/assets/duenos_nissan/nissan-connect/x-trail/nissan-2027-xtrail-platinum_plus_2_row-d.jpeg
NissanConnect Services,X-Trail,2027,Advance,Paquetes,Conveniencia,Asistente de destino,,https://www.nissan.com.mx/content/dam/Nissan/mexico/assets/duenos_nissan/nissan-connect/x-trail/nissan-2027-xtrail-platinum_plus_2_row-d.jpeg
NissanConnect Services,X-Trail,2027,Advance,Paquetes,Conveniencia,Navegación puerta a puerta,,https://www.nissan.com.mx/content/dam/Nissan/mexico/assets/duenos_nissan/nissan-connect/x-trail/nissan-2027-xtrail-platinum_plus_2_row-d.jpeg
NissanConnect Services,X-Trail,2027,Advance,Paquetes,Conveniencia,Planificador de viaje,,https://www.nissan.com.mx/content/dam/Nissan/mexico/assets/duenos_nissan/nissan-connect/x-trail/nissan-2027-xtrail-platinum_plus_2_row-d.jpeg
NissanConnect Services,X-Trail,2027,Advance,Paquetes,Premium,Paquetes de Seguridad + Conveniencia + Select,,https://www.nissan.com.mx/content/dam/Nissan/mexico/assets/duenos_nissan/nissan-connect/x-trail/nissan-2027-xtrail-platinum_plus_2_row-d.jpeg
NissanConnect Services,X-Trail,2027,Advance,Paquetes,Wi-Fi,Wi-Fi HotSpot,,https://www.nissan.com.mx/content/dam/Nissan/mexico/assets/duenos_nissan/nissan-connect/x-trail/nissan-2027-xtrail-platinum_plus_2_row-d.jpeg
NissanConnect Services,X-Trail,2027,Advance,Manuales y Guías,Pocket Guide,Aprende a configurar y utilizar las funciones conectadas de tu Nissan.,,
NissanConnect Services,X-Trail,2027,Advance,Manuales y Guías,Quick Guide,Conoce algunos de los servicios que ofrece NissanConnect Services y accede a un QR para descargar la App.,,
NissanConnect Services,X-Trail,2027,Advance,Manuales y Guías,Activación de cuenta,Descubre cómo activar tu cuenta de NissanConnect Services,,
NissanConnect Services,X-Trail,2027,Advance,Manuales y Guías,Activación de Wi-Fi ,Descubre cómo activar la prueba gratuita de Wi-Fi Hot Spot incluida en tu Nissan ,,
NissanConnect Services,X-Trail,2027,Exclusive,Paquetes,Select,Bloqueo / desbloqueo remoto de puertas,,https://www.nissan.com.mx/content/dam/Nissan/mexico/assets/duenos_nissan/nissan-connect/x-trail/nissan-2027-xtrail-platinum_plus_2_row-d.jpeg
NissanConnect Services,X-Trail,2027,Exclusive,Paquetes,Select,Alerta de mantenimiento,,https://www.nissan.com.mx/content/dam/Nissan/mexico/assets/duenos_nissan/nissan-connect/x-trail/nissan-2027-xtrail-platinum_plus_2_row-d.jpeg
NissanConnect Services,X-Trail,2027,Exclusive,Paquetes,Select,Notificación Mantenimiento Preventivo,,https://www.nissan.com.mx/content/dam/Nissan/mexico/assets/duenos_nissan/nissan-connect/x-trail/nissan-2027-xtrail-platinum_plus_2_row-d.jpeg
NissanConnect Services,X-Trail,2027,Exclusive,Paquetes,Select,Mensaje enviado al vehículo,,https://www.nissan.com.mx/content/dam/Nissan/mexico/assets/duenos_nissan/nissan-connect/x-trail/nissan-2027-xtrail-platinum_plus_2_row-d.jpeg
NissanConnect Services,X-Trail,2027,Exclusive,Paquetes,Select,Actualizaciones Over-The-Air,,https://www.nissan.com.mx/content/dam/Nissan/mexico/assets/duenos_nissan/nissan-connect/x-trail/nissan-2027-xtrail-platinum_plus_2_row-d.jpeg
NissanConnect Services,X-Trail,2027,Exclusive,Paquetes,Select,Llamada de asistencia desde la App,,https://www.nissan.com.mx/content/dam/Nissan/mexico/assets/duenos_nissan/nissan-connect/x-trail/nissan-2027-xtrail-platinum_plus_2_row-d.jpeg
NissanConnect Services,X-Trail,2027,Exclusive,Paquetes,Select,Vista Mapa,,https://www.nissan.com.mx/content/dam/Nissan/mexico/assets/duenos_nissan/nissan-connect/x-trail/nissan-2027-xtrail-platinum_plus_2_row-d.jpeg
NissanConnect Services,X-Trail,2027,Exclusive,Paquetes,Select,Vista Satélite,,https://www.nissan.com.mx/content/dam/Nissan/mexico/assets/duenos_nissan/nissan-connect/x-trail/nissan-2027-xtrail-platinum_plus_2_row-d.jpeg
NissanConnect Services,X-Trail,2027,Exclusive,Paquetes,Select,Destinos by Google,,https://www.nissan.com.mx/content/dam/Nissan/mexico/assets/duenos_nissan/nissan-connect/x-trail/nissan-2027-xtrail-platinum_plus_2_row-d.jpeg
NissanConnect Services,X-Trail,2027,Exclusive,Paquetes,Select,Búsqueda Conectada,,https://www.nissan.com.mx/content/dam/Nissan/mexico/assets/duenos_nissan/nissan-connect/x-trail/nissan-2027-xtrail-platinum_plus_2_row-d.jpeg
NissanConnect Services,X-Trail,2027,Exclusive,Paquetes,Select,Actualización de mapas Over-The-Air,,https://www.nissan.com.mx/content/dam/Nissan/mexico/assets/duenos_nissan/nissan-connect/x-trail/nissan-2027-xtrail-platinum_plus_2_row-d.jpeg
NissanConnect Services,X-Trail,2027,Exclusive,Paquetes,Select,Premium Traffic,,https://www.nissan.com.mx/content/dam/Nissan/mexico/assets/duenos_nissan/nissan-connect/x-trail/nissan-2027-xtrail-platinum_plus_2_row-d.jpeg
NissanConnect Services,X-Trail,2027,Exclusive,Paquetes,Select,TomTom Weather,,https://www.nissan.com.mx/content/dam/Nissan/mexico/assets/duenos_nissan/nissan-connect/x-trail/nissan-2027-xtrail-platinum_plus_2_row-d.jpeg
NissanConnect Services,X-Trail,2027,Exclusive,Paquetes,Select,Conductor adicional,,https://www.nissan.com.mx/content/dam/Nissan/mexico/assets/duenos_nissan/nissan-connect/x-trail/nissan-2027-xtrail-platinum_plus_2_row-d.jpeg
NissanConnect Services,X-Trail,2027,Exclusive,Paquetes,Select,Recordatorio de bloqueo,,https://www.nissan.com.mx/content/dam/Nissan/mexico/assets/duenos_nissan/nissan-connect/x-trail/nissan-2027-xtrail-platinum_plus_2_row-d.jpeg
NissanConnect Services,X-Trail,2027,Exclusive,Paquetes,Select,Radio híbrido,,https://www.nissan.com.mx/content/dam/Nissan/mexico/assets/duenos_nissan/nissan-connect/x-trail/nissan-2027-xtrail-platinum_plus_2_row-d.jpeg
NissanConnect Services,X-Trail,2027,Exclusive,Paquetes,Seguridad,Notificación automática de colisión (ACN),,https://www.nissan.com.mx/content/dam/Nissan/mexico/assets/duenos_nissan/nissan-connect/x-trail/nissan-2027-xtrail-platinum_plus_2_row-d.jpeg
NissanConnect Services,X-Trail,2027,Exclusive,Paquetes,Seguridad,Llamada de emergencia,,https://www.nissan.com.mx/content/dam/Nissan/mexico/assets/duenos_nissan/nissan-connect/x-trail/nissan-2027-xtrail-platinum_plus_2_row-d.jpeg
NissanConnect Services,X-Trail,2027,Exclusive,Paquetes,Seguridad,Conexión con asistencia vial,,https://www.nissan.com.mx/content/dam/Nissan/mexico/assets/duenos_nissan/nissan-connect/x-trail/nissan-2027-xtrail-platinum_plus_2_row-d.jpeg
NissanConnect Services,X-Trail,2027,Exclusive,Paquetes,Seguridad,Notificación de alarma,,https://www.nissan.com.mx/content/dam/Nissan/mexico/assets/duenos_nissan/nissan-connect/x-trail/nissan-2027-xtrail-platinum_plus_2_row-d.jpeg
NissanConnect Services,X-Trail,2027,Exclusive,Paquetes,Seguridad,Geocercas,,https://www.nissan.com.mx/content/dam/Nissan/mexico/assets/duenos_nissan/nissan-connect/x-trail/nissan-2027-xtrail-platinum_plus_2_row-d.jpeg
NissanConnect Services,X-Trail,2027,Exclusive,Paquetes,Seguridad,Alerta de Valet,,https://www.nissan.com.mx/content/dam/Nissan/mexico/assets/duenos_nissan/nissan-connect/x-trail/nissan-2027-xtrail-platinum_plus_2_row-d.jpeg
NissanConnect Services,X-Trail,2027,Exclusive,Paquetes,Seguridad,Alerta de velocidad,,https://www.nissan.com.mx/content/dam/Nissan/mexico/assets/duenos_nissan/nissan-connect/x-trail/nissan-2027-xtrail-platinum_plus_2_row-d.jpeg
NissanConnect Services,X-Trail,2027,Exclusive,Paquetes,Seguridad,Alerta de movimiento programado,,https://www.nissan.com.mx/content/dam/Nissan/mexico/assets/duenos_nissan/nissan-connect/x-trail/nissan-2027-xtrail-platinum_plus_2_row-d.jpeg
NissanConnect Services,X-Trail,2027,Exclusive,Paquetes,Seguridad,Asistencia de Vehículo Robado,,https://www.nissan.com.mx/content/dam/Nissan/mexico/assets/duenos_nissan/nissan-connect/x-trail/nissan-2027-xtrail-platinum_plus_2_row-d.jpeg
NissanConnect Services,X-Trail,2027,Exclusive,Paquetes,Seguridad,Alerta de Arrastre,,https://www.nissan.com.mx/content/dam/Nissan/mexico/assets/duenos_nissan/nissan-connect/x-trail/nissan-2027-xtrail-platinum_plus_2_row-d.jpeg
NissanConnect Services,X-Trail,2027,Exclusive,Paquetes,Conveniencia,Luces destelladas y bocina remoto,,https://www.nissan.com.mx/content/dam/Nissan/mexico/assets/duenos_nissan/nissan-connect/x-trail/nissan-2027-xtrail-platinum_plus_2_row-d.jpeg
NissanConnect Services,X-Trail,2027,Exclusive,Paquetes,Conveniencia,Localizar mi vehículo,,https://www.nissan.com.mx/content/dam/Nissan/mexico/assets/duenos_nissan/nissan-connect/x-trail/nissan-2027-xtrail-platinum_plus_2_row-d.jpeg
NissanConnect Services,X-Trail,2027,Exclusive,Paquetes,Conveniencia,Estado remoto de mi vehículo,,https://www.nissan.com.mx/content/dam/Nissan/mexico/assets/duenos_nissan/nissan-connect/x-trail/nissan-2027-xtrail-platinum_plus_2_row-d.jpeg
NissanConnect Services,X-Trail,2027,Exclusive,Paquetes,Conveniencia,Borrado remoto de datos,,https://www.nissan.com.mx/content/dam/Nissan/mexico/assets/duenos_nissan/nissan-connect/x-trail/nissan-2027-xtrail-platinum_plus_2_row-d.jpeg
NissanConnect Services,X-Trail,2027,Exclusive,Paquetes,Conveniencia,Nissan Concierge,,https://www.nissan.com.mx/content/dam/Nissan/mexico/assets/duenos_nissan/nissan-connect/x-trail/nissan-2027-xtrail-platinum_plus_2_row-d.jpeg
NissanConnect Services,X-Trail,2027,Exclusive,Paquetes,Conveniencia,Envío de destino al vehículo,,https://www.nissan.com.mx/content/dam/Nissan/mexico/assets/duenos_nissan/nissan-connect/x-trail/nissan-2027-xtrail-platinum_plus_2_row-d.jpeg
NissanConnect Services,X-Trail,2027,Exclusive,Paquetes,Conveniencia,Asistente de destino,,https://www.nissan.com.mx/content/dam/Nissan/mexico/assets/duenos_nissan/nissan-connect/x-trail/nissan-2027-xtrail-platinum_plus_2_row-d.jpeg
NissanConnect Services,X-Trail,2027,Exclusive,Paquetes,Conveniencia,Navegación puerta a puerta,,https://www.nissan.com.mx/content/dam/Nissan/mexico/assets/duenos_nissan/nissan-connect/x-trail/nissan-2027-xtrail-platinum_plus_2_row-d.jpeg
NissanConnect Services,X-Trail,2027,Exclusive,Paquetes,Conveniencia,Planificador de viaje,,https://www.nissan.com.mx/content/dam/Nissan/mexico/assets/duenos_nissan/nissan-connect/x-trail/nissan-2027-xtrail-platinum_plus_2_row-d.jpeg
NissanConnect Services,X-Trail,2027,Exclusive,Paquetes,Premium,Paquetes de Seguridad + Conveniencia + Select,,https://www.nissan.com.mx/content/dam/Nissan/mexico/assets/duenos_nissan/nissan-connect/x-trail/nissan-2027-xtrail-platinum_plus_2_row-d.jpeg
NissanConnect Services,X-Trail,2027,Exclusive,Paquetes,Wi-Fi,Wi-Fi HotSpot,,https://www.nissan.com.mx/content/dam/Nissan/mexico/assets/duenos_nissan/nissan-connect/x-trail/nissan-2027-xtrail-platinum_plus_2_row-d.jpeg
NissanConnect Services,X-Trail,2027,Exclusive,Manuales y Guías,Pocket Guide,Aprende a configurar y utilizar las funciones conectadas de tu Nissan.,,
NissanConnect Services,X-Trail,2027,Exclusive,Manuales y Guías,Quick Guide,Conoce algunos de los servicios que ofrece NissanConnect Services y accede a un QR para descargar la App.,,
NissanConnect Services,X-Trail,2027,Exclusive,Manuales y Guías,Activación de cuenta,Descubre cómo activar tu cuenta de NissanConnect Services,,
NissanConnect Services,X-Trail,2027,Exclusive,Manuales y Guías,Activación de Wi-Fi ,Descubre cómo activar la prueba gratuita de Wi-Fi Hot Spot incluida en tu Nissan ,,
NissanConnect Services,X-Trail,2027,Platinum,Paquetes,Select,Bloqueo / desbloqueo remoto de puertas,,https://www.nissan.com.mx/content/dam/Nissan/mexico/assets/duenos_nissan/nissan-connect/x-trail/nissan-2027-xtrail-platinum_plus_2_row-d.jpeg
NissanConnect Services,X-Trail,2027,Platinum,Paquetes,Select,Alerta de mantenimiento,,https://www.nissan.com.mx/content/dam/Nissan/mexico/assets/duenos_nissan/nissan-connect/x-trail/nissan-2027-xtrail-platinum_plus_2_row-d.jpeg
NissanConnect Services,X-Trail,2027,Platinum,Paquetes,Select,Notificación Mantenimiento Preventivo,,https://www.nissan.com.mx/content/dam/Nissan/mexico/assets/duenos_nissan/nissan-connect/x-trail/nissan-2027-xtrail-platinum_plus_2_row-d.jpeg
NissanConnect Services,X-Trail,2027,Platinum,Paquetes,Select,Mensaje enviado al vehículo,,https://www.nissan.com.mx/content/dam/Nissan/mexico/assets/duenos_nissan/nissan-connect/x-trail/nissan-2027-xtrail-platinum_plus_2_row-d.jpeg
NissanConnect Services,X-Trail,2027,Platinum,Paquetes,Select,Actualizaciones Over-The-Air,,https://www.nissan.com.mx/content/dam/Nissan/mexico/assets/duenos_nissan/nissan-connect/x-trail/nissan-2027-xtrail-platinum_plus_2_row-d.jpeg
NissanConnect Services,X-Trail,2027,Platinum,Paquetes,Select,Llamada de asistencia desde la App,,https://www.nissan.com.mx/content/dam/Nissan/mexico/assets/duenos_nissan/nissan-connect/x-trail/nissan-2027-xtrail-platinum_plus_2_row-d.jpeg
NissanConnect Services,X-Trail,2027,Platinum,Paquetes,Select,Vista Mapa,,https://www.nissan.com.mx/content/dam/Nissan/mexico/assets/duenos_nissan/nissan-connect/x-trail/nissan-2027-xtrail-platinum_plus_2_row-d.jpeg
NissanConnect Services,X-Trail,2027,Platinum,Paquetes,Select,Vista Satélite,,https://www.nissan.com.mx/content/dam/Nissan/mexico/assets/duenos_nissan/nissan-connect/x-trail/nissan-2027-xtrail-platinum_plus_2_row-d.jpeg
NissanConnect Services,X-Trail,2027,Platinum,Paquetes,Select,Destinos by Google,,https://www.nissan.com.mx/content/dam/Nissan/mexico/assets/duenos_nissan/nissan-connect/x-trail/nissan-2027-xtrail-platinum_plus_2_row-d.jpeg
NissanConnect Services,X-Trail,2027,Platinum,Paquetes,Select,Búsqueda Conectada,,https://www.nissan.com.mx/content/dam/Nissan/mexico/assets/duenos_nissan/nissan-connect/x-trail/nissan-2027-xtrail-platinum_plus_2_row-d.jpeg
NissanConnect Services,X-Trail,2027,Platinum,Paquetes,Select,Actualización de mapas Over-The-Air,,https://www.nissan.com.mx/content/dam/Nissan/mexico/assets/duenos_nissan/nissan-connect/x-trail/nissan-2027-xtrail-platinum_plus_2_row-d.jpeg
NissanConnect Services,X-Trail,2027,Platinum,Paquetes,Select,Premium Traffic,,https://www.nissan.com.mx/content/dam/Nissan/mexico/assets/duenos_nissan/nissan-connect/x-trail/nissan-2027-xtrail-platinum_plus_2_row-d.jpeg
NissanConnect Services,X-Trail,2027,Platinum,Paquetes,Select,TomTom Weather,,https://www.nissan.com.mx/content/dam/Nissan/mexico/assets/duenos_nissan/nissan-connect/x-trail/nissan-2027-xtrail-platinum_plus_2_row-d.jpeg
NissanConnect Services,X-Trail,2027,Platinum,Paquetes,Select,Conductor adicional,,https://www.nissan.com.mx/content/dam/Nissan/mexico/assets/duenos_nissan/nissan-connect/x-trail/nissan-2027-xtrail-platinum_plus_2_row-d.jpeg
NissanConnect Services,X-Trail,2027,Platinum,Paquetes,Select,Recordatorio de bloqueo,,https://www.nissan.com.mx/content/dam/Nissan/mexico/assets/duenos_nissan/nissan-connect/x-trail/nissan-2027-xtrail-platinum_plus_2_row-d.jpeg
NissanConnect Services,X-Trail,2027,Platinum,Paquetes,Select,Radio híbrido,,https://www.nissan.com.mx/content/dam/Nissan/mexico/assets/duenos_nissan/nissan-connect/x-trail/nissan-2027-xtrail-platinum_plus_2_row-d.jpeg
NissanConnect Services,X-Trail,2027,Platinum,Paquetes,Seguridad,Notificación automática de colisión (ACN),,https://www.nissan.com.mx/content/dam/Nissan/mexico/assets/duenos_nissan/nissan-connect/x-trail/nissan-2027-xtrail-platinum_plus_2_row-d.jpeg
NissanConnect Services,X-Trail,2027,Platinum,Paquetes,Seguridad,Llamada de emergencia,,https://www.nissan.com.mx/content/dam/Nissan/mexico/assets/duenos_nissan/nissan-connect/x-trail/nissan-2027-xtrail-platinum_plus_2_row-d.jpeg
NissanConnect Services,X-Trail,2027,Platinum,Paquetes,Seguridad,Conexión con asistencia vial,,https://www.nissan.com.mx/content/dam/Nissan/mexico/assets/duenos_nissan/nissan-connect/x-trail/nissan-2027-xtrail-platinum_plus_2_row-d.jpeg
NissanConnect Services,X-Trail,2027,Platinum,Paquetes,Seguridad,Notificación de alarma,,https://www.nissan.com.mx/content/dam/Nissan/mexico/assets/duenos_nissan/nissan-connect/x-trail/nissan-2027-xtrail-platinum_plus_2_row-d.jpeg
NissanConnect Services,X-Trail,2027,Platinum,Paquetes,Seguridad,Geocercas,,https://www.nissan.com.mx/content/dam/Nissan/mexico/assets/duenos_nissan/nissan-connect/x-trail/nissan-2027-xtrail-platinum_plus_2_row-d.jpeg
NissanConnect Services,X-Trail,2027,Platinum,Paquetes,Seguridad,Alerta de Valet,,https://www.nissan.com.mx/content/dam/Nissan/mexico/assets/duenos_nissan/nissan-connect/x-trail/nissan-2027-xtrail-platinum_plus_2_row-d.jpeg
NissanConnect Services,X-Trail,2027,Platinum,Paquetes,Seguridad,Alerta de velocidad,,https://www.nissan.com.mx/content/dam/Nissan/mexico/assets/duenos_nissan/nissan-connect/x-trail/nissan-2027-xtrail-platinum_plus_2_row-d.jpeg
NissanConnect Services,X-Trail,2027,Platinum,Paquetes,Seguridad,Alerta de movimiento programado,,https://www.nissan.com.mx/content/dam/Nissan/mexico/assets/duenos_nissan/nissan-connect/x-trail/nissan-2027-xtrail-platinum_plus_2_row-d.jpeg
NissanConnect Services,X-Trail,2027,Platinum,Paquetes,Seguridad,Asistencia de Vehículo Robado,,https://www.nissan.com.mx/content/dam/Nissan/mexico/assets/duenos_nissan/nissan-connect/x-trail/nissan-2027-xtrail-platinum_plus_2_row-d.jpeg
NissanConnect Services,X-Trail,2027,Platinum,Paquetes,Seguridad,Alerta de Arrastre,,https://www.nissan.com.mx/content/dam/Nissan/mexico/assets/duenos_nissan/nissan-connect/x-trail/nissan-2027-xtrail-platinum_plus_2_row-d.jpeg
NissanConnect Services,X-Trail,2027,Platinum,Paquetes,Conveniencia,Luces destelladas y bocina remoto,,https://www.nissan.com.mx/content/dam/Nissan/mexico/assets/duenos_nissan/nissan-connect/x-trail/nissan-2027-xtrail-platinum_plus_2_row-d.jpeg
NissanConnect Services,X-Trail,2027,Platinum,Paquetes,Conveniencia,Localizar mi vehículo,,https://www.nissan.com.mx/content/dam/Nissan/mexico/assets/duenos_nissan/nissan-connect/x-trail/nissan-2027-xtrail-platinum_plus_2_row-d.jpeg
NissanConnect Services,X-Trail,2027,Platinum,Paquetes,Conveniencia,Estado remoto de mi vehículo,,https://www.nissan.com.mx/content/dam/Nissan/mexico/assets/duenos_nissan/nissan-connect/x-trail/nissan-2027-xtrail-platinum_plus_2_row-d.jpeg
NissanConnect Services,X-Trail,2027,Platinum,Paquetes,Conveniencia,Borrado remoto de datos,,https://www.nissan.com.mx/content/dam/Nissan/mexico/assets/duenos_nissan/nissan-connect/x-trail/nissan-2027-xtrail-platinum_plus_2_row-d.jpeg
NissanConnect Services,X-Trail,2027,Platinum,Paquetes,Conveniencia,Nissan Concierge,,https://www.nissan.com.mx/content/dam/Nissan/mexico/assets/duenos_nissan/nissan-connect/x-trail/nissan-2027-xtrail-platinum_plus_2_row-d.jpeg
NissanConnect Services,X-Trail,2027,Platinum,Paquetes,Conveniencia,Envío de destino al vehículo,,https://www.nissan.com.mx/content/dam/Nissan/mexico/assets/duenos_nissan/nissan-connect/x-trail/nissan-2027-xtrail-platinum_plus_2_row-d.jpeg
NissanConnect Services,X-Trail,2027,Platinum,Paquetes,Conveniencia,Asistente de destino,,https://www.nissan.com.mx/content/dam/Nissan/mexico/assets/duenos_nissan/nissan-connect/x-trail/nissan-2027-xtrail-platinum_plus_2_row-d.jpeg
NissanConnect Services,X-Trail,2027,Platinum,Paquetes,Conveniencia,Navegación puerta a puerta,,https://www.nissan.com.mx/content/dam/Nissan/mexico/assets/duenos_nissan/nissan-connect/x-trail/nissan-2027-xtrail-platinum_plus_2_row-d.jpeg
NissanConnect Services,X-Trail,2027,Platinum,Paquetes,Conveniencia,Planificador de viaje,,https://www.nissan.com.mx/content/dam/Nissan/mexico/assets/duenos_nissan/nissan-connect/x-trail/nissan-2027-xtrail-platinum_plus_2_row-d.jpeg
NissanConnect Services,X-Trail,2027,Platinum,Paquetes,Premium,Paquetes de Seguridad + Conveniencia + Select,,https://www.nissan.com.mx/content/dam/Nissan/mexico/assets/duenos_nissan/nissan-connect/x-trail/nissan-2027-xtrail-platinum_plus_2_row-d.jpeg
NissanConnect Services,X-Trail,2027,Platinum,Paquetes,Wi-Fi,Wi-Fi HotSpot,,https://www.nissan.com.mx/content/dam/Nissan/mexico/assets/duenos_nissan/nissan-connect/x-trail/nissan-2027-xtrail-platinum_plus_2_row-d.jpeg
NissanConnect Services,X-Trail,2027,Platinum,Manuales y Guías,Pocket Guide,Aprende a configurar y utilizar las funciones conectadas de tu Nissan.,,
NissanConnect Services,X-Trail,2027,Platinum,Manuales y Guías,Quick Guide,Conoce algunos de los servicios que ofrece NissanConnect Services y accede a un QR para descargar la App.,,
NissanConnect Services,X-Trail,2027,Platinum,Manuales y Guías,Activación de cuenta,Descubre cómo activar tu cuenta de NissanConnect Services,,
NissanConnect Services,X-Trail,2027,Platinum,Manuales y Guías,Activación de Wi-Fi ,Descubre cómo activar la prueba gratuita de Wi-Fi Hot Spot incluida en tu Nissan ,,
NissanConnect Services,X-Trail,2027,Platinum Plus,Paquetes,Select,Bloqueo / desbloqueo remoto de puertas,,https://www.nissan.com.mx/content/dam/Nissan/mexico/assets/duenos_nissan/nissan-connect/x-trail/nissan-2027-xtrail-platinum_plus_2_row-d.jpeg
NissanConnect Services,X-Trail,2027,Platinum Plus,Paquetes,Select,Alerta de mantenimiento,,https://www.nissan.com.mx/content/dam/Nissan/mexico/assets/duenos_nissan/nissan-connect/x-trail/nissan-2027-xtrail-platinum_plus_2_row-d.jpeg
NissanConnect Services,X-Trail,2027,Platinum Plus,Paquetes,Select,Notificación Mantenimiento Preventivo,,https://www.nissan.com.mx/content/dam/Nissan/mexico/assets/duenos_nissan/nissan-connect/x-trail/nissan-2027-xtrail-platinum_plus_2_row-d.jpeg
NissanConnect Services,X-Trail,2027,Platinum Plus,Paquetes,Select,Mensaje enviado al vehículo,,https://www.nissan.com.mx/content/dam/Nissan/mexico/assets/duenos_nissan/nissan-connect/x-trail/nissan-2027-xtrail-platinum_plus_2_row-d.jpeg
NissanConnect Services,X-Trail,2027,Platinum Plus,Paquetes,Select,Actualizaciones Over-The-Air,,https://www.nissan.com.mx/content/dam/Nissan/mexico/assets/duenos_nissan/nissan-connect/x-trail/nissan-2027-xtrail-platinum_plus_2_row-d.jpeg
NissanConnect Services,X-Trail,2027,Platinum Plus,Paquetes,Select,Llamada de asistencia desde la App,,https://www.nissan.com.mx/content/dam/Nissan/mexico/assets/duenos_nissan/nissan-connect/x-trail/nissan-2027-xtrail-platinum_plus_2_row-d.jpeg
NissanConnect Services,X-Trail,2027,Platinum Plus,Paquetes,Select,Vista Mapa,,https://www.nissan.com.mx/content/dam/Nissan/mexico/assets/duenos_nissan/nissan-connect/x-trail/nissan-2027-xtrail-platinum_plus_2_row-d.jpeg
NissanConnect Services,X-Trail,2027,Platinum Plus,Paquetes,Select,Vista Satélite,,https://www.nissan.com.mx/content/dam/Nissan/mexico/assets/duenos_nissan/nissan-connect/x-trail/nissan-2027-xtrail-platinum_plus_2_row-d.jpeg
NissanConnect Services,X-Trail,2027,Platinum Plus,Paquetes,Select,Destinos by Google,,https://www.nissan.com.mx/content/dam/Nissan/mexico/assets/duenos_nissan/nissan-connect/x-trail/nissan-2027-xtrail-platinum_plus_2_row-d.jpeg
NissanConnect Services,X-Trail,2027,Platinum Plus,Paquetes,Select,Búsqueda Conectada,,https://www.nissan.com.mx/content/dam/Nissan/mexico/assets/duenos_nissan/nissan-connect/x-trail/nissan-2027-xtrail-platinum_plus_2_row-d.jpeg
NissanConnect Services,X-Trail,2027,Platinum Plus,Paquetes,Select,Actualización de mapas Over-The-Air,,https://www.nissan.com.mx/content/dam/Nissan/mexico/assets/duenos_nissan/nissan-connect/x-trail/nissan-2027-xtrail-platinum_plus_2_row-d.jpeg
NissanConnect Services,X-Trail,2027,Platinum Plus,Paquetes,Select,Premium Traffic,,https://www.nissan.com.mx/content/dam/Nissan/mexico/assets/duenos_nissan/nissan-connect/x-trail/nissan-2027-xtrail-platinum_plus_2_row-d.jpeg
NissanConnect Services,X-Trail,2027,Platinum Plus,Paquetes,Select,TomTom Weather,,https://www.nissan.com.mx/content/dam/Nissan/mexico/assets/duenos_nissan/nissan-connect/x-trail/nissan-2027-xtrail-platinum_plus_2_row-d.jpeg
NissanConnect Services,X-Trail,2027,Platinum Plus,Paquetes,Select,Conductor adicional,,https://www.nissan.com.mx/content/dam/Nissan/mexico/assets/duenos_nissan/nissan-connect/x-trail/nissan-2027-xtrail-platinum_plus_2_row-d.jpeg
NissanConnect Services,X-Trail,2027,Platinum Plus,Paquetes,Select,Recordatorio de bloqueo,,https://www.nissan.com.mx/content/dam/Nissan/mexico/assets/duenos_nissan/nissan-connect/x-trail/nissan-2027-xtrail-platinum_plus_2_row-d.jpeg
NissanConnect Services,X-Trail,2027,Platinum Plus,Paquetes,Select,Radio híbrido,,https://www.nissan.com.mx/content/dam/Nissan/mexico/assets/duenos_nissan/nissan-connect/x-trail/nissan-2027-xtrail-platinum_plus_2_row-d.jpeg
NissanConnect Services,X-Trail,2027,Platinum Plus,Paquetes,Seguridad,Notificación automática de colisión (ACN),,https://www.nissan.com.mx/content/dam/Nissan/mexico/assets/duenos_nissan/nissan-connect/x-trail/nissan-2027-xtrail-platinum_plus_2_row-d.jpeg
NissanConnect Services,X-Trail,2027,Platinum Plus,Paquetes,Seguridad,Llamada de emergencia,,https://www.nissan.com.mx/content/dam/Nissan/mexico/assets/duenos_nissan/nissan-connect/x-trail/nissan-2027-xtrail-platinum_plus_2_row-d.jpeg
NissanConnect Services,X-Trail,2027,Platinum Plus,Paquetes,Seguridad,Conexión con asistencia vial,,https://www.nissan.com.mx/content/dam/Nissan/mexico/assets/duenos_nissan/nissan-connect/x-trail/nissan-2027-xtrail-platinum_plus_2_row-d.jpeg
NissanConnect Services,X-Trail,2027,Platinum Plus,Paquetes,Seguridad,Notificación de alarma,,https://www.nissan.com.mx/content/dam/Nissan/mexico/assets/duenos_nissan/nissan-connect/x-trail/nissan-2027-xtrail-platinum_plus_2_row-d.jpeg
NissanConnect Services,X-Trail,2027,Platinum Plus,Paquetes,Seguridad,Geocercas,,https://www.nissan.com.mx/content/dam/Nissan/mexico/assets/duenos_nissan/nissan-connect/x-trail/nissan-2027-xtrail-platinum_plus_2_row-d.jpeg
NissanConnect Services,X-Trail,2027,Platinum Plus,Paquetes,Seguridad,Alerta de Valet,,https://www.nissan.com.mx/content/dam/Nissan/mexico/assets/duenos_nissan/nissan-connect/x-trail/nissan-2027-xtrail-platinum_plus_2_row-d.jpeg
NissanConnect Services,X-Trail,2027,Platinum Plus,Paquetes,Seguridad,Alerta de velocidad,,https://www.nissan.com.mx/content/dam/Nissan/mexico/assets/duenos_nissan/nissan-connect/x-trail/nissan-2027-xtrail-platinum_plus_2_row-d.jpeg
NissanConnect Services,X-Trail,2027,Platinum Plus,Paquetes,Seguridad,Alerta de movimiento programado,,https://www.nissan.com.mx/content/dam/Nissan/mexico/assets/duenos_nissan/nissan-connect/x-trail/nissan-2027-xtrail-platinum_plus_2_row-d.jpeg
NissanConnect Services,X-Trail,2027,Platinum Plus,Paquetes,Seguridad,Asistencia de Vehículo Robado,,https://www.nissan.com.mx/content/dam/Nissan/mexico/assets/duenos_nissan/nissan-connect/x-trail/nissan-2027-xtrail-platinum_plus_2_row-d.jpeg
NissanConnect Services,X-Trail,2027,Platinum Plus,Paquetes,Seguridad,Alerta de Arrastre,,https://www.nissan.com.mx/content/dam/Nissan/mexico/assets/duenos_nissan/nissan-connect/x-trail/nissan-2027-xtrail-platinum_plus_2_row-d.jpeg
NissanConnect Services,X-Trail,2027,Platinum Plus,Paquetes,Seguridad,Arranque/ Apagado remoto de motor,,https://www.nissan.com.mx/content/dam/Nissan/mexico/assets/duenos_nissan/nissan-connect/x-trail/nissan-2027-xtrail-platinum_plus_2_row-d.jpeg
NissanConnect Services,X-Trail,2027,Platinum Plus,Paquetes,Conveniencia,Luces destelladas y bocina remoto,,https://www.nissan.com.mx/content/dam/Nissan/mexico/assets/duenos_nissan/nissan-connect/x-trail/nissan-2027-xtrail-platinum_plus_2_row-d.jpeg
NissanConnect Services,X-Trail,2027,Platinum Plus,Paquetes,Conveniencia,Localizar mi vehículo,,https://www.nissan.com.mx/content/dam/Nissan/mexico/assets/duenos_nissan/nissan-connect/x-trail/nissan-2027-xtrail-platinum_plus_2_row-d.jpeg
NissanConnect Services,X-Trail,2027,Platinum Plus,Paquetes,Conveniencia,Estado remoto de mi vehículo,,https://www.nissan.com.mx/content/dam/Nissan/mexico/assets/duenos_nissan/nissan-connect/x-trail/nissan-2027-xtrail-platinum_plus_2_row-d.jpeg
NissanConnect Services,X-Trail,2027,Platinum Plus,Paquetes,Conveniencia,Borrado remoto de datos,,https://www.nissan.com.mx/content/dam/Nissan/mexico/assets/duenos_nissan/nissan-connect/x-trail/nissan-2027-xtrail-platinum_plus_2_row-d.jpeg
NissanConnect Services,X-Trail,2027,Platinum Plus,Paquetes,Conveniencia,Nissan Concierge,,https://www.nissan.com.mx/content/dam/Nissan/mexico/assets/duenos_nissan/nissan-connect/x-trail/nissan-2027-xtrail-platinum_plus_2_row-d.jpeg
NissanConnect Services,X-Trail,2027,Platinum Plus,Paquetes,Conveniencia,Envío de destino al vehículo,,https://www.nissan.com.mx/content/dam/Nissan/mexico/assets/duenos_nissan/nissan-connect/x-trail/nissan-2027-xtrail-platinum_plus_2_row-d.jpeg
NissanConnect Services,X-Trail,2027,Platinum Plus,Paquetes,Conveniencia,Asistente de destino,,https://www.nissan.com.mx/content/dam/Nissan/mexico/assets/duenos_nissan/nissan-connect/x-trail/nissan-2027-xtrail-platinum_plus_2_row-d.jpeg
NissanConnect Services,X-Trail,2027,Platinum Plus,Paquetes,Conveniencia,Navegación puerta a puerta,,https://www.nissan.com.mx/content/dam/Nissan/mexico/assets/duenos_nissan/nissan-connect/x-trail/nissan-2027-xtrail-platinum_plus_2_row-d.jpeg
NissanConnect Services,X-Trail,2027,Platinum Plus,Paquetes,Conveniencia,Planificador de viaje,,https://www.nissan.com.mx/content/dam/Nissan/mexico/assets/duenos_nissan/nissan-connect/x-trail/nissan-2027-xtrail-platinum_plus_2_row-d.jpeg
NissanConnect Services,X-Trail,2027,Platinum Plus,Paquetes,Premium,Paquetes de Seguridad + Conveniencia + Select,,https://www.nissan.com.mx/content/dam/Nissan/mexico/assets/duenos_nissan/nissan-connect/x-trail/nissan-2027-xtrail-platinum_plus_2_row-d.jpeg
NissanConnect Services,X-Trail,2027,Platinum Plus,Paquetes,Wi-Fi,Wi-Fi HotSpot,,https://www.nissan.com.mx/content/dam/Nissan/mexico/assets/duenos_nissan/nissan-connect/x-trail/nissan-2027-xtrail-platinum_plus_2_row-d.jpeg
NissanConnect Services,X-Trail,2027,Platinum Plus,Manuales y Guías,Pocket Guide,Aprende a configurar y utilizar las funciones conectadas de tu Nissan.,,
NissanConnect Services,X-Trail,2027,Platinum Plus,Manuales y Guías,Quick Guide,Conoce algunos de los servicios que ofrece NissanConnect Services y accede a un QR para descargar la App.,,
NissanConnect Services,X-Trail,2027,Platinum Plus,Manuales y Guías,Activación de cuenta,Descubre cómo activar tu cuenta de NissanConnect Services,,
NissanConnect Services,X-Trail,2027,Platinum Plus,Manuales y Guías,Activación de Wi-Fi ,Descubre cómo activar la prueba gratuita de Wi-Fi Hot Spot incluida en tu Nissan ,,
NissanConnect Finder,X-Trail e-Power,2023,Exclusive,Paquetes,Servicios,Localización en tiempo real,,
NissanConnect Finder,X-Trail e-Power,2023,Exclusive,Paquetes,Servicios,Activación de bocina,,
NissanConnect Finder,X-Trail e-Power,2023,Exclusive,Paquetes,Servicios,Geocercas,,
NissanConnect Finder,X-Trail e-Power,2023,Exclusive,Paquetes,Servicios,Ubicación del Vehículo,,
NissanConnect Finder,X-Trail e-Power,2023,Exclusive,Paquetes,Servicios,Sígueme,,
NissanConnect Finder,X-Trail e-Power,2023,Exclusive,Paquetes,Servicios,Navegación,,
NissanConnect Finder,X-Trail e-Power,2023,Exclusive,Paquetes,Servicios,Notificaciones,,
NissanConnect Finder,X-Trail e-Power,2023,Exclusive,Paquetes,Servicios,Histórico de Rutas,,
NissanConnect Finder,X-Trail e-Power,2023,Exclusive,Paquetes,Servicios,Asistencia de Vehículo Robado ,,
NissanConnect Finder,X-Trail e-Power,2023,Exclusive,Paquetes,Servicios,Alerta de Movimiento,,
NissanConnect Finder,X-Trail e-Power,2023,Exclusive,Paquetes,Servicios,Alerta de Velocidad,,
NissanConnect Finder,X-Trail e-Power,2023,Exclusive,Paquetes,Servicios,Conexión a Asistencia Vial Nissan,,
NissanConnect Finder,X-Trail e-Power,2023,Exclusive,Paquetes,Servicios,Asistencia NissanConnect® Finder,,
NissanConnect Finder,X-Trail e-Power,2023,Exclusive,Paquetes,Servicios,Liga a Página de Citas de Mantenimiento Vehicular,,
NissanConnect Finder,X-Trail e-Power,2024,Exclusive,Paquetes,Servicios,Localización en tiempo real,,
NissanConnect Finder,X-Trail e-Power,2024,Exclusive,Paquetes,Servicios,Activación de bocina,,
NissanConnect Finder,X-Trail e-Power,2024,Exclusive,Paquetes,Servicios,Geocercas,,
NissanConnect Finder,X-Trail e-Power,2024,Exclusive,Paquetes,Servicios,Ubicación del Vehículo,,
NissanConnect Finder,X-Trail e-Power,2024,Exclusive,Paquetes,Servicios,Sígueme,,
NissanConnect Finder,X-Trail e-Power,2024,Exclusive,Paquetes,Servicios,Navegación,,
NissanConnect Finder,X-Trail e-Power,2024,Exclusive,Paquetes,Servicios,Notificaciones,,
NissanConnect Finder,X-Trail e-Power,2024,Exclusive,Paquetes,Servicios,Histórico de Rutas,,
NissanConnect Finder,X-Trail e-Power,2024,Exclusive,Paquetes,Servicios,Asistencia de Vehículo Robado ,,
NissanConnect Finder,X-Trail e-Power,2024,Exclusive,Paquetes,Servicios,Alerta de Movimiento,,
NissanConnect Finder,X-Trail e-Power,2024,Exclusive,Paquetes,Servicios,Alerta de Velocidad,,
NissanConnect Finder,X-Trail e-Power,2024,Exclusive,Paquetes,Servicios,Alerta de Arrastre,,
NissanConnect Finder,X-Trail e-Power,2024,Exclusive,Paquetes,Servicios,Alerta de Posible Emergencia Vial,,
NissanConnect Finder,X-Trail e-Power,2024,Exclusive,Paquetes,Servicios,Conexión a Asistencia Vial Nissan,,
NissanConnect Finder,X-Trail e-Power,2024,Exclusive,Paquetes,Servicios,Asistencia NissanConnect® Finder,,
NissanConnect Finder,X-Trail e-Power,2024,Exclusive,Paquetes,Servicios,Liga a Página de Citas de Mantenimiento Vehicular,,
NissanConnect Finder,X-Trail e-Power,2025,Exclusive,Paquetes,Servicios,Localización en tiempo real,,
NissanConnect Finder,X-Trail e-Power,2025,Exclusive,Paquetes,Servicios,Activación de bocina,,
NissanConnect Finder,X-Trail e-Power,2025,Exclusive,Paquetes,Servicios,Geocercas,,
NissanConnect Finder,X-Trail e-Power,2025,Exclusive,Paquetes,Servicios,Ubicación del Vehículo,,
NissanConnect Finder,X-Trail e-Power,2025,Exclusive,Paquetes,Servicios,Sígueme,,
NissanConnect Finder,X-Trail e-Power,2025,Exclusive,Paquetes,Servicios,Navegación,,
NissanConnect Finder,X-Trail e-Power,2025,Exclusive,Paquetes,Servicios,Notificaciones,,
NissanConnect Finder,X-Trail e-Power,2025,Exclusive,Paquetes,Servicios,Histórico de Rutas,,
NissanConnect Finder,X-Trail e-Power,2025,Exclusive,Paquetes,Servicios,Asistencia de Vehículo Robado ,,
NissanConnect Finder,X-Trail e-Power,2025,Exclusive,Paquetes,Servicios,Alerta de Movimiento,,
NissanConnect Finder,X-Trail e-Power,2025,Exclusive,Paquetes,Servicios,Alerta de Velocidad,,
NissanConnect Finder,X-Trail e-Power,2025,Exclusive,Paquetes,Servicios,Alerta de Arrastre,,
NissanConnect Finder,X-Trail e-Power,2025,Exclusive,Paquetes,Servicios,Alerta de Posible Emergencia Vial,,
NissanConnect Finder,X-Trail e-Power,2025,Exclusive,Paquetes,Servicios,Conexión a Asistencia Vial Nissan,,
NissanConnect Finder,X-Trail e-Power,2025,Exclusive,Paquetes,Servicios,Asistencia NissanConnect® Finder,,
NissanConnect Finder,X-Trail e-Power,2025,Exclusive,Paquetes,Servicios,Liga a Página de Citas de Mantenimiento Vehicular,,
NissanConnect Finder,X-Trail e-Power,2025,Exclusive,Manuales y Guías,Pocket Guide,Aprende a configurar y utilizar las funciones conectadas de tu Nissan.,,
NissanConnect Finder,X-Trail e-Power,2025,Exclusive,Manuales y Guías,Quick Guide,Conoce algunos de los servicios que ofrece NissanConnect Finder y accede a un QR para descargar la App.,,
NissanConnect Finder,X-Trail e-Power,2026,Exclusive,Paquetes,Servicios,Localización en tiempo real,,
NissanConnect Finder,X-Trail e-Power,2026,Exclusive,Paquetes,Servicios,Activación de bocina,,
NissanConnect Finder,X-Trail e-Power,2026,Exclusive,Paquetes,Servicios,Geocercas,,
NissanConnect Finder,X-Trail e-Power,2026,Exclusive,Paquetes,Servicios,Ubicación del Vehículo,,
NissanConnect Finder,X-Trail e-Power,2026,Exclusive,Paquetes,Servicios,Sígueme,,
NissanConnect Finder,X-Trail e-Power,2026,Exclusive,Paquetes,Servicios,Navegación,,
NissanConnect Finder,X-Trail e-Power,2026,Exclusive,Paquetes,Servicios,Notificaciones,,
NissanConnect Finder,X-Trail e-Power,2026,Exclusive,Paquetes,Servicios,Histórico de Rutas,,
NissanConnect Finder,X-Trail e-Power,2026,Exclusive,Paquetes,Servicios,Asistencia de Vehículo Robado ,,
NissanConnect Finder,X-Trail e-Power,2026,Exclusive,Paquetes,Servicios,Alerta de Movimiento,,
NissanConnect Finder,X-Trail e-Power,2026,Exclusive,Paquetes,Servicios,Alerta de Velocidad,,
NissanConnect Finder,X-Trail e-Power,2026,Exclusive,Paquetes,Servicios,Alerta de Arrastre,,
NissanConnect Finder,X-Trail e-Power,2026,Exclusive,Paquetes,Servicios,Alerta de Posible Emergencia Vial,,
NissanConnect Finder,X-Trail e-Power,2026,Exclusive,Paquetes,Servicios,Conexión a Asistencia Vial Nissan,,
NissanConnect Finder,X-Trail e-Power,2026,Exclusive,Paquetes,Servicios,Asistencia NissanConnect® Finder,,
NissanConnect Finder,X-Trail e-Power,2026,Exclusive,Paquetes,Servicios,Liga a Página de Citas de Mantenimiento Vehicular,,
NissanConnect Finder,X-Trail e-Power,2026,Exclusive,Manuales y Guías,Pocket Guide,Aprende a configurar y utilizar las funciones conectadas de tu Nissan.,,
NissanConnect Finder,X-Trail e-Power,2026,Exclusive,Manuales y Guías,Quick Guide,Conoce algunos de los servicios que ofrece NissanConnect Finder y accede a un QR para descargar la App.,,
NissanConnect Services,X-Trail e-Power,2023,Platinum,Paquetes,Select,Bloqueo / desbloqueo remoto de puertas,,
NissanConnect Services,X-Trail e-Power,2023,Platinum,Paquetes,Select,Alerta de mantenimiento,,
NissanConnect Services,X-Trail e-Power,2023,Platinum,Paquetes,Select,Notificación Mantenimiento Preventivo,,
NissanConnect Services,X-Trail e-Power,2023,Platinum,Paquetes,Select,Mensaje enviado al vehículo,,
NissanConnect Services,X-Trail e-Power,2023,Platinum,Paquetes,Select,Actualizaciones Over-The-Air,,
NissanConnect Services,X-Trail e-Power,2023,Platinum,Paquetes,Select,Llamada de asistencia desde la App,,
NissanConnect Services,X-Trail e-Power,2023,Platinum,Paquetes,Select,Vista Mapa,,
NissanConnect Services,X-Trail e-Power,2023,Platinum,Paquetes,Select,Vista Satélite,,
NissanConnect Services,X-Trail e-Power,2023,Platinum,Paquetes,Select,Destinos by Google,,
NissanConnect Services,X-Trail e-Power,2023,Platinum,Paquetes,Select,Búsqueda Conectada,,
NissanConnect Services,X-Trail e-Power,2023,Platinum,Paquetes,Select,Actualización de mapas Over-The-Air,,
NissanConnect Services,X-Trail e-Power,2023,Platinum,Paquetes,Select,Premium Traffic,,
NissanConnect Services,X-Trail e-Power,2023,Platinum,Paquetes,Select,TomTom Weather,,
NissanConnect Services,X-Trail e-Power,2023,Platinum,Paquetes,Seguridad,Notificación automática de colisión (ACN),,
NissanConnect Services,X-Trail e-Power,2023,Platinum,Paquetes,Seguridad,Llamada de emergencia,,
NissanConnect Services,X-Trail e-Power,2023,Platinum,Paquetes,Seguridad,Conexión con asistencia vial,,
NissanConnect Services,X-Trail e-Power,2023,Platinum,Paquetes,Seguridad,Notificación de alarma,,
NissanConnect Services,X-Trail e-Power,2023,Platinum,Paquetes,Seguridad,Geocercas,,
NissanConnect Services,X-Trail e-Power,2023,Platinum,Paquetes,Seguridad,Alerta de Valet,,
NissanConnect Services,X-Trail e-Power,2023,Platinum,Paquetes,Seguridad,Alerta de velocidad,,
NissanConnect Services,X-Trail e-Power,2023,Platinum,Paquetes,Seguridad,Alerta de movimiento programado,,
NissanConnect Services,X-Trail e-Power,2023,Platinum,Paquetes,Seguridad,Asistencia de Vehículo Robado,,
NissanConnect Services,X-Trail e-Power,2023,Platinum,Paquetes,Conveniencia,Luces destelladas y bocina remoto,,
NissanConnect Services,X-Trail e-Power,2023,Platinum,Paquetes,Conveniencia,Localizar mi vehículo,,
NissanConnect Services,X-Trail e-Power,2023,Platinum,Paquetes,Conveniencia,Estado remoto de mi vehículo,,
NissanConnect Services,X-Trail e-Power,2023,Platinum,Paquetes,Conveniencia,Borrado remoto de datos,,
NissanConnect Services,X-Trail e-Power,2023,Platinum,Paquetes,Conveniencia,Nissan Concierge,,
NissanConnect Services,X-Trail e-Power,2023,Platinum,Paquetes,Conveniencia,Envío de destino al vehículo,,
NissanConnect Services,X-Trail e-Power,2023,Platinum,Paquetes,Conveniencia,Asistente de destino,,
NissanConnect Services,X-Trail e-Power,2023,Platinum,Paquetes,Conveniencia,Navegación puerta a puerta,,
NissanConnect Services,X-Trail e-Power,2023,Platinum,Paquetes,Conveniencia,Planificador de viaje,,
NissanConnect Services,X-Trail e-Power,2023,Platinum,Paquetes,Premium,Paquetes de Seguridad + Conveniencia + Select,,
NissanConnect Services,X-Trail e-Power,2023,Platinum,Paquetes,Wi-Fi,Wi-Fi HotSpot,,
NissanConnect Services,X-Trail e-Power,2024,Platinum,Paquetes,Select,Bloqueo / desbloqueo remoto de puertas,,
NissanConnect Services,X-Trail e-Power,2024,Platinum,Paquetes,Select,Alerta de mantenimiento,,
NissanConnect Services,X-Trail e-Power,2024,Platinum,Paquetes,Select,Notificación Mantenimiento Preventivo,,
NissanConnect Services,X-Trail e-Power,2024,Platinum,Paquetes,Select,Mensaje enviado al vehículo,,
NissanConnect Services,X-Trail e-Power,2024,Platinum,Paquetes,Select,Actualizaciones Over-The-Air,,
NissanConnect Services,X-Trail e-Power,2024,Platinum,Paquetes,Select,Llamada de asistencia desde la App,,
NissanConnect Services,X-Trail e-Power,2024,Platinum,Paquetes,Select,Vista Mapa,,
NissanConnect Services,X-Trail e-Power,2024,Platinum,Paquetes,Select,Vista Satélite,,
NissanConnect Services,X-Trail e-Power,2024,Platinum,Paquetes,Select,Destinos by Google,,
NissanConnect Services,X-Trail e-Power,2024,Platinum,Paquetes,Select,Búsqueda Conectada,,
NissanConnect Services,X-Trail e-Power,2024,Platinum,Paquetes,Select,Actualización de mapas Over-The-Air,,
NissanConnect Services,X-Trail e-Power,2024,Platinum,Paquetes,Select,Premium Traffic,,
NissanConnect Services,X-Trail e-Power,2024,Platinum,Paquetes,Select,TomTom Weather,,
NissanConnect Services,X-Trail e-Power,2024,Platinum,Paquetes,Seguridad,Notificación automática de colisión (ACN),,
NissanConnect Services,X-Trail e-Power,2024,Platinum,Paquetes,Seguridad,Llamada de emergencia,,
NissanConnect Services,X-Trail e-Power,2024,Platinum,Paquetes,Seguridad,Conexión con asistencia vial,,
NissanConnect Services,X-Trail e-Power,2024,Platinum,Paquetes,Seguridad,Notificación de alarma,,
NissanConnect Services,X-Trail e-Power,2024,Platinum,Paquetes,Seguridad,Geocercas,,
NissanConnect Services,X-Trail e-Power,2024,Platinum,Paquetes,Seguridad,Alerta de Valet,,
NissanConnect Services,X-Trail e-Power,2024,Platinum,Paquetes,Seguridad,Alerta de velocidad,,
NissanConnect Services,X-Trail e-Power,2024,Platinum,Paquetes,Seguridad,Alerta de movimiento programado,,
NissanConnect Services,X-Trail e-Power,2024,Platinum,Paquetes,Seguridad,Asistencia de Vehículo Robado,,
NissanConnect Services,X-Trail e-Power,2024,Platinum,Paquetes,Conveniencia,Luces destelladas y bocina remoto,,
NissanConnect Services,X-Trail e-Power,2024,Platinum,Paquetes,Conveniencia,Localizar mi vehículo,,
NissanConnect Services,X-Trail e-Power,2024,Platinum,Paquetes,Conveniencia,Estado remoto de mi vehículo,,
NissanConnect Services,X-Trail e-Power,2024,Platinum,Paquetes,Conveniencia,Borrado remoto de datos,,
NissanConnect Services,X-Trail e-Power,2024,Platinum,Paquetes,Conveniencia,Nissan Concierge,,
NissanConnect Services,X-Trail e-Power,2024,Platinum,Paquetes,Conveniencia,Envío de destino al vehículo,,
NissanConnect Services,X-Trail e-Power,2024,Platinum,Paquetes,Conveniencia,Asistente de destino,,
NissanConnect Services,X-Trail e-Power,2024,Platinum,Paquetes,Conveniencia,Navegación puerta a puerta,,
NissanConnect Services,X-Trail e-Power,2024,Platinum,Paquetes,Conveniencia,Planificador de viaje,,
NissanConnect Services,X-Trail e-Power,2024,Platinum,Paquetes,Premium,Paquetes de Seguridad + Conveniencia + Select,,
NissanConnect Services,X-Trail e-Power,2024,Platinum,Paquetes,Wi-Fi,Wi-Fi HotSpot,,
NissanConnect Services,X-Trail e-Power,2025,Platinum,Paquetes,Select,Bloqueo / desbloqueo remoto de puertas,,
NissanConnect Services,X-Trail e-Power,2025,Platinum,Paquetes,Select,Alerta de mantenimiento,,
NissanConnect Services,X-Trail e-Power,2025,Platinum,Paquetes,Select,Notificación Mantenimiento Preventivo,,
NissanConnect Services,X-Trail e-Power,2025,Platinum,Paquetes,Select,Mensaje enviado al vehículo,,
NissanConnect Services,X-Trail e-Power,2025,Platinum,Paquetes,Select,Actualizaciones Over-The-Air,,
NissanConnect Services,X-Trail e-Power,2025,Platinum,Paquetes,Select,Llamada de asistencia desde la App,,
NissanConnect Services,X-Trail e-Power,2025,Platinum,Paquetes,Select,Vista Mapa,,
NissanConnect Services,X-Trail e-Power,2025,Platinum,Paquetes,Select,Vista Satélite,,
NissanConnect Services,X-Trail e-Power,2025,Platinum,Paquetes,Select,Destinos by Google,,
NissanConnect Services,X-Trail e-Power,2025,Platinum,Paquetes,Select,Búsqueda Conectada,,
NissanConnect Services,X-Trail e-Power,2025,Platinum,Paquetes,Select,Actualización de mapas Over-The-Air,,
NissanConnect Services,X-Trail e-Power,2025,Platinum,Paquetes,Select,Premium Traffic,,
NissanConnect Services,X-Trail e-Power,2025,Platinum,Paquetes,Select,TomTom Weather,,
NissanConnect Services,X-Trail e-Power,2025,Platinum,Paquetes,Seguridad,Notificación automática de colisión (ACN),,
NissanConnect Services,X-Trail e-Power,2025,Platinum,Paquetes,Seguridad,Llamada de emergencia,,
NissanConnect Services,X-Trail e-Power,2025,Platinum,Paquetes,Seguridad,Conexión con asistencia vial,,
NissanConnect Services,X-Trail e-Power,2025,Platinum,Paquetes,Seguridad,Notificación de alarma,,
NissanConnect Services,X-Trail e-Power,2025,Platinum,Paquetes,Seguridad,Geocercas,,
NissanConnect Services,X-Trail e-Power,2025,Platinum,Paquetes,Seguridad,Alerta de Valet,,
NissanConnect Services,X-Trail e-Power,2025,Platinum,Paquetes,Seguridad,Alerta de velocidad,,
NissanConnect Services,X-Trail e-Power,2025,Platinum,Paquetes,Seguridad,Alerta de movimiento programado,,
NissanConnect Services,X-Trail e-Power,2025,Platinum,Paquetes,Seguridad,Asistencia de Vehículo Robado,,
NissanConnect Services,X-Trail e-Power,2025,Platinum,Paquetes,Conveniencia,Luces destelladas y bocina remoto,,
NissanConnect Services,X-Trail e-Power,2025,Platinum,Paquetes,Conveniencia,Localizar mi vehículo,,
NissanConnect Services,X-Trail e-Power,2025,Platinum,Paquetes,Conveniencia,Estado remoto de mi vehículo,,
NissanConnect Services,X-Trail e-Power,2025,Platinum,Paquetes,Conveniencia,Borrado remoto de datos,,
NissanConnect Services,X-Trail e-Power,2025,Platinum,Paquetes,Conveniencia,Nissan Concierge,,
NissanConnect Services,X-Trail e-Power,2025,Platinum,Paquetes,Conveniencia,Envío de destino al vehículo,,
NissanConnect Services,X-Trail e-Power,2025,Platinum,Paquetes,Conveniencia,Asistente de destino,,
NissanConnect Services,X-Trail e-Power,2025,Platinum,Paquetes,Conveniencia,Navegación puerta a puerta,,
NissanConnect Services,X-Trail e-Power,2025,Platinum,Paquetes,Conveniencia,Planificador de viaje,,
NissanConnect Services,X-Trail e-Power,2025,Platinum,Paquetes,Premium,Paquetes de Seguridad + Conveniencia + Select,,
NissanConnect Services,X-Trail e-Power,2025,Platinum,Paquetes,Wi-Fi,Wi-Fi HotSpot,,
NissanConnect Services,X-Trail e-Power,2025,Platinum,Manuales y Guías,Pocket Guide,Aprende a configurar y utilizar las funciones conectadas de tu Nissan.,,
NissanConnect Services,X-Trail e-Power,2025,Platinum,Manuales y Guías,Quick Guide,Conoce algunos de los servicios que ofrece NissanConnect Services y accede a un QR para descargar la App.,,
NissanConnect Services,X-Trail e-Power,2025,Platinum,Manuales y Guías,Activación de cuenta,Descubre cómo activar tu cuenta de NissanConnect Services,,
NissanConnect Services,X-Trail e-Power,2025,Platinum,Manuales y Guías,Activación de Wi-Fi ,Descubre cómo activar la prueba gratuita de Wi-Fi Hot Spot incluida en tu Nissan ,,
NissanConnect Services,X-Trail e-Power,2026,Platinum,Paquetes,Select,Bloqueo / desbloqueo remoto de puertas,,
NissanConnect Services,X-Trail e-Power,2026,Platinum,Paquetes,Select,Alerta de mantenimiento,,
NissanConnect Services,X-Trail e-Power,2026,Platinum,Paquetes,Select,Notificación Mantenimiento Preventivo,,
NissanConnect Services,X-Trail e-Power,2026,Platinum,Paquetes,Select,Mensaje enviado al vehículo,,
NissanConnect Services,X-Trail e-Power,2026,Platinum,Paquetes,Select,Actualizaciones Over-The-Air,,
NissanConnect Services,X-Trail e-Power,2026,Platinum,Paquetes,Select,Llamada de asistencia desde la App,,
NissanConnect Services,X-Trail e-Power,2026,Platinum,Paquetes,Select,Vista Mapa,,
NissanConnect Services,X-Trail e-Power,2026,Platinum,Paquetes,Select,Vista Satélite,,
NissanConnect Services,X-Trail e-Power,2026,Platinum,Paquetes,Select,Destinos by Google,,
NissanConnect Services,X-Trail e-Power,2026,Platinum,Paquetes,Select,Búsqueda Conectada,,
NissanConnect Services,X-Trail e-Power,2026,Platinum,Paquetes,Select,Actualización de mapas Over-The-Air,,
NissanConnect Services,X-Trail e-Power,2026,Platinum,Paquetes,Select,Premium Traffic,,
NissanConnect Services,X-Trail e-Power,2026,Platinum,Paquetes,Select,TomTom Weather,,
NissanConnect Services,X-Trail e-Power,2026,Platinum,Paquetes,Seguridad,Notificación automática de colisión (ACN),,
NissanConnect Services,X-Trail e-Power,2026,Platinum,Paquetes,Seguridad,Llamada de emergencia,,
NissanConnect Services,X-Trail e-Power,2026,Platinum,Paquetes,Seguridad,Conexión con asistencia vial,,
NissanConnect Services,X-Trail e-Power,2026,Platinum,Paquetes,Seguridad,Notificación de alarma,,
NissanConnect Services,X-Trail e-Power,2026,Platinum,Paquetes,Seguridad,Geocercas,,
NissanConnect Services,X-Trail e-Power,2026,Platinum,Paquetes,Seguridad,Alerta de Valet,,
NissanConnect Services,X-Trail e-Power,2026,Platinum,Paquetes,Seguridad,Alerta de velocidad,,
NissanConnect Services,X-Trail e-Power,2026,Platinum,Paquetes,Seguridad,Alerta de movimiento programado,,
NissanConnect Services,X-Trail e-Power,2026,Platinum,Paquetes,Seguridad,Asistencia de Vehículo Robado,,
NissanConnect Services,X-Trail e-Power,2026,Platinum,Paquetes,Conveniencia,Luces destelladas y bocina remoto,,
NissanConnect Services,X-Trail e-Power,2026,Platinum,Paquetes,Conveniencia,Localizar mi vehículo,,
NissanConnect Services,X-Trail e-Power,2026,Platinum,Paquetes,Conveniencia,Estado remoto de mi vehículo,,
NissanConnect Services,X-Trail e-Power,2026,Platinum,Paquetes,Conveniencia,Borrado remoto de datos,,
NissanConnect Services,X-Trail e-Power,2026,Platinum,Paquetes,Conveniencia,Nissan Concierge,,
NissanConnect Services,X-Trail e-Power,2026,Platinum,Paquetes,Conveniencia,Envío de destino al vehículo,,
NissanConnect Services,X-Trail e-Power,2026,Platinum,Paquetes,Conveniencia,Asistente de destino,,
NissanConnect Services,X-Trail e-Power,2026,Platinum,Paquetes,Conveniencia,Navegación puerta a puerta,,
NissanConnect Services,X-Trail e-Power,2026,Platinum,Paquetes,Conveniencia,Planificador de viaje,,
NissanConnect Services,X-Trail e-Power,2026,Platinum,Paquetes,Premium,Paquetes de Seguridad + Conveniencia + Select,,
NissanConnect Services,X-Trail e-Power,2026,Platinum,Paquetes,Wi-Fi,Wi-Fi HotSpot,,
NissanConnect Services,X-Trail e-Power,2026,Platinum,Manuales y Guías,Pocket Guide,Aprende a configurar y utilizar las funciones conectadas de tu Nissan.,,
NissanConnect Services,X-Trail e-Power,2026,Platinum,Manuales y Guías,Quick Guide,Conoce algunos de los servicios que ofrece NissanConnect Services y accede a un QR para descargar la App.,,
NissanConnect Services,X-Trail e-Power,2026,Platinum,Manuales y Guías,Activación de cuenta,Descubre cómo activar tu cuenta de NissanConnect Services,,
NissanConnect Services,X-Trail e-Power,2026,Platinum,Manuales y Guías,Activación de Wi-Fi ,Descubre cómo activar la prueba gratuita de Wi-Fi Hot Spot incluida en tu Nissan ,,
NissanConnect Services,X-Trail e-Power,2027,Exclusive,Paquetes,Select,Bloqueo / desbloqueo remoto de puertas,,
NissanConnect Services,X-Trail e-Power,2027,Exclusive,Paquetes,Select,Alerta de mantenimiento,,
NissanConnect Services,X-Trail e-Power,2027,Exclusive,Paquetes,Select,Notificación Mantenimiento Preventivo,,
NissanConnect Services,X-Trail e-Power,2027,Exclusive,Paquetes,Select,Mensaje enviado al vehículo,,
NissanConnect Services,X-Trail e-Power,2027,Exclusive,Paquetes,Select,Actualizaciones Over-The-Air,,
NissanConnect Services,X-Trail e-Power,2027,Exclusive,Paquetes,Select,Llamada de asistencia desde la App,,
NissanConnect Services,X-Trail e-Power,2027,Exclusive,Paquetes,Select,Vista Mapa,,
NissanConnect Services,X-Trail e-Power,2027,Exclusive,Paquetes,Select,Vista Satélite,,
NissanConnect Services,X-Trail e-Power,2027,Exclusive,Paquetes,Select,Destinos by Google,,
NissanConnect Services,X-Trail e-Power,2027,Exclusive,Paquetes,Select,Búsqueda Conectada,,
NissanConnect Services,X-Trail e-Power,2027,Exclusive,Paquetes,Select,Actualización de mapas Over-The-Air,,
NissanConnect Services,X-Trail e-Power,2027,Exclusive,Paquetes,Select,Premium Traffic,,
NissanConnect Services,X-Trail e-Power,2027,Exclusive,Paquetes,Select,TomTom Weather,,
NissanConnect Services,X-Trail e-Power,2027,Exclusive,Paquetes,Select,Conductor adicional,,
NissanConnect Services,X-Trail e-Power,2027,Exclusive,Paquetes,Select,Recordatorio de bloqueo,,
NissanConnect Services,X-Trail e-Power,2027,Exclusive,Paquetes,Select,Radio híbrido,,
NissanConnect Services,X-Trail e-Power,2027,Exclusive,Paquetes,Seguridad,Notificación automática de colisión (ACN),,
NissanConnect Services,X-Trail e-Power,2027,Exclusive,Paquetes,Seguridad,Llamada de emergencia,,
NissanConnect Services,X-Trail e-Power,2027,Exclusive,Paquetes,Seguridad,Conexión con asistencia vial,,
NissanConnect Services,X-Trail e-Power,2027,Exclusive,Paquetes,Seguridad,Notificación de alarma,,
NissanConnect Services,X-Trail e-Power,2027,Exclusive,Paquetes,Seguridad,Geocercas,,
NissanConnect Services,X-Trail e-Power,2027,Exclusive,Paquetes,Seguridad,Alerta de Valet,,
NissanConnect Services,X-Trail e-Power,2027,Exclusive,Paquetes,Seguridad,Alerta de velocidad,,
NissanConnect Services,X-Trail e-Power,2027,Exclusive,Paquetes,Seguridad,Alerta de movimiento programado,,
NissanConnect Services,X-Trail e-Power,2027,Exclusive,Paquetes,Seguridad,Asistencia de Vehículo Robado,,
NissanConnect Services,X-Trail e-Power,2027,Exclusive,Paquetes,Seguridad,Alerta de Arrastre,,
NissanConnect Services,X-Trail e-Power,2027,Exclusive,Paquetes,Conveniencia,Luces destelladas y bocina remoto,,
NissanConnect Services,X-Trail e-Power,2027,Exclusive,Paquetes,Conveniencia,Localizar mi vehículo,,
NissanConnect Services,X-Trail e-Power,2027,Exclusive,Paquetes,Conveniencia,Estado remoto de mi vehículo,,
NissanConnect Services,X-Trail e-Power,2027,Exclusive,Paquetes,Conveniencia,Borrado remoto de datos,,
NissanConnect Services,X-Trail e-Power,2027,Exclusive,Paquetes,Conveniencia,Nissan Concierge,,
NissanConnect Services,X-Trail e-Power,2027,Exclusive,Paquetes,Conveniencia,Envío de destino al vehículo,,
NissanConnect Services,X-Trail e-Power,2027,Exclusive,Paquetes,Conveniencia,Asistente de destino,,
NissanConnect Services,X-Trail e-Power,2027,Exclusive,Paquetes,Conveniencia,Navegación puerta a puerta,,
NissanConnect Services,X-Trail e-Power,2027,Exclusive,Paquetes,Conveniencia,Planificador de viaje,,
NissanConnect Services,X-Trail e-Power,2027,Exclusive,Paquetes,Premium,Paquetes de Seguridad + Conveniencia + Select,,
NissanConnect Services,X-Trail e-Power,2027,Exclusive,Paquetes,Wi-Fi,Wi-Fi HotSpot,,
NissanConnect Services,X-Trail e-Power,2027,Exclusive,Manuales y Guías,Pocket Guide,Aprende a configurar y utilizar las funciones conectadas de tu Nissan.,,
NissanConnect Services,X-Trail e-Power,2027,Exclusive,Manuales y Guías,Quick Guide,Conoce algunos de los servicios que ofrece NissanConnect Services y accede a un QR para descargar la App.,,
NissanConnect Services,X-Trail e-Power,2027,Exclusive,Manuales y Guías,Activación de cuenta,Descubre cómo activar tu cuenta de NissanConnect Services,,
NissanConnect Services,X-Trail e-Power,2027,Exclusive,Manuales y Guías,Activación de Wi-Fi ,Descubre cómo activar la prueba gratuita de Wi-Fi Hot Spot incluida en tu Nissan ,,
NissanConnect Services,X-Trail e-Power,2027,Platinum,Paquetes,Select,Bloqueo / desbloqueo remoto de puertas,,
NissanConnect Services,X-Trail e-Power,2027,Platinum,Paquetes,Select,Alerta de mantenimiento,,
NissanConnect Services,X-Trail e-Power,2027,Platinum,Paquetes,Select,Notificación Mantenimiento Preventivo,,
NissanConnect Services,X-Trail e-Power,2027,Platinum,Paquetes,Select,Mensaje enviado al vehículo,,
NissanConnect Services,X-Trail e-Power,2027,Platinum,Paquetes,Select,Actualizaciones Over-The-Air,,
NissanConnect Services,X-Trail e-Power,2027,Platinum,Paquetes,Select,Llamada de asistencia desde la App,,
NissanConnect Services,X-Trail e-Power,2027,Platinum,Paquetes,Select,Vista Mapa,,
NissanConnect Services,X-Trail e-Power,2027,Platinum,Paquetes,Select,Vista Satélite,,
NissanConnect Services,X-Trail e-Power,2027,Platinum,Paquetes,Select,Destinos by Google,,
NissanConnect Services,X-Trail e-Power,2027,Platinum,Paquetes,Select,Búsqueda Conectada,,
NissanConnect Services,X-Trail e-Power,2027,Platinum,Paquetes,Select,Actualización de mapas Over-The-Air,,
NissanConnect Services,X-Trail e-Power,2027,Platinum,Paquetes,Select,Premium Traffic,,
NissanConnect Services,X-Trail e-Power,2027,Platinum,Paquetes,Select,TomTom Weather,,
NissanConnect Services,X-Trail e-Power,2027,Platinum,Paquetes,Select,Conductor adicional,,
NissanConnect Services,X-Trail e-Power,2027,Platinum,Paquetes,Select,Recordatorio de bloqueo,,
NissanConnect Services,X-Trail e-Power,2027,Platinum,Paquetes,Select,Radio híbrido,,
NissanConnect Services,X-Trail e-Power,2027,Platinum,Paquetes,Seguridad,Notificación automática de colisión (ACN),,
NissanConnect Services,X-Trail e-Power,2027,Platinum,Paquetes,Seguridad,Llamada de emergencia,,
NissanConnect Services,X-Trail e-Power,2027,Platinum,Paquetes,Seguridad,Conexión con asistencia vial,,
NissanConnect Services,X-Trail e-Power,2027,Platinum,Paquetes,Seguridad,Notificación de alarma,,
NissanConnect Services,X-Trail e-Power,2027,Platinum,Paquetes,Seguridad,Geocercas,,
NissanConnect Services,X-Trail e-Power,2027,Platinum,Paquetes,Seguridad,Alerta de Valet,,
NissanConnect Services,X-Trail e-Power,2027,Platinum,Paquetes,Seguridad,Alerta de velocidad,,
NissanConnect Services,X-Trail e-Power,2027,Platinum,Paquetes,Seguridad,Alerta de movimiento programado,,
NissanConnect Services,X-Trail e-Power,2027,Platinum,Paquetes,Seguridad,Asistencia de Vehículo Robado,,
NissanConnect Services,X-Trail e-Power,2027,Platinum,Paquetes,Seguridad,Alerta de Arrastre,,
NissanConnect Services,X-Trail e-Power,2027,Platinum,Paquetes,Conveniencia,Luces destelladas y bocina remoto,,
NissanConnect Services,X-Trail e-Power,2027,Platinum,Paquetes,Conveniencia,Localizar mi vehículo,,
NissanConnect Services,X-Trail e-Power,2027,Platinum,Paquetes,Conveniencia,Estado remoto de mi vehículo,,
NissanConnect Services,X-Trail e-Power,2027,Platinum,Paquetes,Conveniencia,Borrado remoto de datos,,
NissanConnect Services,X-Trail e-Power,2027,Platinum,Paquetes,Conveniencia,Nissan Concierge,,
NissanConnect Services,X-Trail e-Power,2027,Platinum,Paquetes,Conveniencia,Envío de destino al vehículo,,
NissanConnect Services,X-Trail e-Power,2027,Platinum,Paquetes,Conveniencia,Asistente de destino,,
NissanConnect Services,X-Trail e-Power,2027,Platinum,Paquetes,Conveniencia,Navegación puerta a puerta,,
NissanConnect Services,X-Trail e-Power,2027,Platinum,Paquetes,Conveniencia,Planificador de viaje,,
NissanConnect Services,X-Trail e-Power,2027,Platinum,Paquetes,Premium,Paquetes de Seguridad + Conveniencia + Select,,
NissanConnect Services,X-Trail e-Power,2027,Platinum,Paquetes,Wi-Fi,Wi-Fi HotSpot,,
NissanConnect Services,X-Trail e-Power,2027,Platinum,Manuales y Guías,Pocket Guide,Aprende a configurar y utilizar las funciones conectadas de tu Nissan.,,
NissanConnect Services,X-Trail e-Power,2027,Platinum,Manuales y Guías,Quick Guide,Conoce algunos de los servicios que ofrece NissanConnect Services y accede a un QR para descargar la App.,,
NissanConnect Services,X-Trail e-Power,2027,Platinum,Manuales y Guías,Activación de cuenta,Descubre cómo activar tu cuenta de NissanConnect Services,,
NissanConnect Services,X-Trail e-Power,2027,Platinum,Manuales y Guías,Activación de Wi-Fi ,Descubre cómo activar la prueba gratuita de Wi-Fi Hot Spot incluida en tu Nissan ,,
NissanConnect Services,Z,2023,Touring TM,Paquetes,Select,Bloqueo / desbloqueo remoto de puertas,,
NissanConnect Services,Z,2023,Touring TM,Paquetes,Select,Alerta de mantenimiento,,
NissanConnect Services,Z,2023,Touring TM,Paquetes,Select,Notificación Mantenimiento Preventivo,,
NissanConnect Services,Z,2023,Touring TM,Paquetes,Select,Mensaje enviado al vehículo,,
NissanConnect Services,Z,2023,Touring TM,Paquetes,Select,Actualizaciones Over-The-Air,,
NissanConnect Services,Z,2023,Touring TM,Paquetes,Select,Llamada de asistencia desde la App,,
NissanConnect Services,Z,2023,Touring TM,Paquetes,Seguridad,Notificación automática de colisión (ACN),,
NissanConnect Services,Z,2023,Touring TM,Paquetes,Seguridad,Llamada de emergencia,,
NissanConnect Services,Z,2023,Touring TM,Paquetes,Seguridad,Conexión con asistencia vial,,
NissanConnect Services,Z,2023,Touring TM,Paquetes,Seguridad,Notificación de alarma,,
NissanConnect Services,Z,2023,Touring TM,Paquetes,Seguridad,Geocercas,,
NissanConnect Services,Z,2023,Touring TM,Paquetes,Seguridad,Alerta de Valet,,
NissanConnect Services,Z,2023,Touring TM,Paquetes,Seguridad,Alerta de velocidad,,
NissanConnect Services,Z,2023,Touring TM,Paquetes,Seguridad,Alerta de movimiento programado,,
NissanConnect Services,Z,2023,Touring TM,Paquetes,Seguridad,Asistencia de Vehículo Robado,,
NissanConnect Services,Z,2023,Touring TM,Paquetes,Conveniencia,Luces destelladas y bocina remoto,,
NissanConnect Services,Z,2023,Touring TM,Paquetes,Conveniencia,Localizar mi vehículo,,
NissanConnect Services,Z,2023,Touring TM,Paquetes,Conveniencia,Estado remoto de mi vehículo,,
NissanConnect Services,Z,2023,Touring TM,Paquetes,Conveniencia,Borrado remoto de datos,,
NissanConnect Services,Z,2023,Touring TM,Paquetes,Conveniencia,Nissan Concierge,,
NissanConnect Services,Z,2023,Touring TM,Paquetes,Premium,Paquetes de Seguridad + Conveniencia + Select,,
NissanConnect Services,Z,2023,Touring TM,Paquetes,Wi-Fi,Wi-Fi HotSpot,,
NissanConnect Services,Z,2023,Touring TA,Paquetes,Select,Bloqueo / desbloqueo remoto de puertas,,
NissanConnect Services,Z,2023,Touring TA,Paquetes,Select,Alerta de mantenimiento,,
NissanConnect Services,Z,2023,Touring TA,Paquetes,Select,Notificación Mantenimiento Preventivo,,
NissanConnect Services,Z,2023,Touring TA,Paquetes,Select,Mensaje enviado al vehículo,,
NissanConnect Services,Z,2023,Touring TA,Paquetes,Select,Actualizaciones Over-The-Air,,
NissanConnect Services,Z,2023,Touring TA,Paquetes,Select,Llamada de asistencia desde la App,,
NissanConnect Services,Z,2023,Touring TA,Paquetes,Seguridad,Notificación automática de colisión (ACN),,
NissanConnect Services,Z,2023,Touring TA,Paquetes,Seguridad,Llamada de emergencia,,
NissanConnect Services,Z,2023,Touring TA,Paquetes,Seguridad,Conexión con asistencia vial,,
NissanConnect Services,Z,2023,Touring TA,Paquetes,Seguridad,Notificación de alarma,,
NissanConnect Services,Z,2023,Touring TA,Paquetes,Seguridad,Geocercas,,
NissanConnect Services,Z,2023,Touring TA,Paquetes,Seguridad,Alerta de Valet,,
NissanConnect Services,Z,2023,Touring TA,Paquetes,Seguridad,Alerta de velocidad,,
NissanConnect Services,Z,2023,Touring TA,Paquetes,Seguridad,Alerta de movimiento programado,,
NissanConnect Services,Z,2023,Touring TA,Paquetes,Seguridad,Asistencia de Vehículo Robado,,
NissanConnect Services,Z,2023,Touring TA,Paquetes,Conveniencia,Luces destelladas y bocina remoto,,
NissanConnect Services,Z,2023,Touring TA,Paquetes,Conveniencia,Localizar mi vehículo,,
NissanConnect Services,Z,2023,Touring TA,Paquetes,Conveniencia,Estado remoto de mi vehículo,,
NissanConnect Services,Z,2023,Touring TA,Paquetes,Conveniencia,Borrado remoto de datos,,
NissanConnect Services,Z,2023,Touring TA,Paquetes,Conveniencia,Nissan Concierge,,
NissanConnect Services,Z,2023,Touring TA,Paquetes,Premium,Paquetes de Seguridad + Conveniencia + Select,,
NissanConnect Services,Z,2023,Touring TA,Paquetes,Wi-Fi,Wi-Fi HotSpot,,
NissanConnect Services,Z,2024,Touring TM,Paquetes,Select,Bloqueo / desbloqueo remoto de puertas,,
NissanConnect Services,Z,2024,Touring TM,Paquetes,Select,Alerta de mantenimiento,,
NissanConnect Services,Z,2024,Touring TM,Paquetes,Select,Notificación Mantenimiento Preventivo,,
NissanConnect Services,Z,2024,Touring TM,Paquetes,Select,Mensaje enviado al vehículo,,
NissanConnect Services,Z,2024,Touring TM,Paquetes,Select,Actualizaciones Over-The-Air,,
NissanConnect Services,Z,2024,Touring TM,Paquetes,Select,Llamada de asistencia desde la App,,
NissanConnect Services,Z,2024,Touring TM,Paquetes,Seguridad,Notificación automática de colisión (ACN),,
NissanConnect Services,Z,2024,Touring TM,Paquetes,Seguridad,Llamada de emergencia,,
NissanConnect Services,Z,2024,Touring TM,Paquetes,Seguridad,Conexión con asistencia vial,,
NissanConnect Services,Z,2024,Touring TM,Paquetes,Seguridad,Notificación de alarma,,
NissanConnect Services,Z,2024,Touring TM,Paquetes,Seguridad,Geocercas,,
NissanConnect Services,Z,2024,Touring TM,Paquetes,Seguridad,Alerta de Valet,,
NissanConnect Services,Z,2024,Touring TM,Paquetes,Seguridad,Alerta de velocidad,,
NissanConnect Services,Z,2024,Touring TM,Paquetes,Seguridad,Alerta de movimiento programado,,
NissanConnect Services,Z,2024,Touring TM,Paquetes,Seguridad,Asistencia de Vehículo Robado,,
NissanConnect Services,Z,2024,Touring TM,Paquetes,Conveniencia,Luces destelladas y bocina remoto,,
NissanConnect Services,Z,2024,Touring TM,Paquetes,Conveniencia,Localizar mi vehículo,,
NissanConnect Services,Z,2024,Touring TM,Paquetes,Conveniencia,Estado remoto de mi vehículo,,
NissanConnect Services,Z,2024,Touring TM,Paquetes,Conveniencia,Borrado remoto de datos,,
NissanConnect Services,Z,2024,Touring TM,Paquetes,Conveniencia,Nissan Concierge,,
NissanConnect Services,Z,2024,Touring TM,Paquetes,Premium,Paquetes de Seguridad + Conveniencia + Select,,
NissanConnect Services,Z,2024,Touring TM,Paquetes,Wi-Fi,Wi-Fi HotSpot,,
NissanConnect Services,Z,2024,Touring TA,Paquetes,Select,Bloqueo / desbloqueo remoto de puertas,,
NissanConnect Services,Z,2024,Touring TA,Paquetes,Select,Alerta de mantenimiento,,
NissanConnect Services,Z,2024,Touring TA,Paquetes,Select,Notificación Mantenimiento Preventivo,,
NissanConnect Services,Z,2024,Touring TA,Paquetes,Select,Mensaje enviado al vehículo,,
NissanConnect Services,Z,2024,Touring TA,Paquetes,Select,Actualizaciones Over-The-Air,,
NissanConnect Services,Z,2024,Touring TA,Paquetes,Select,Llamada de asistencia desde la App,,
NissanConnect Services,Z,2024,Touring TA,Paquetes,Seguridad,Notificación automática de colisión (ACN),,
NissanConnect Services,Z,2024,Touring TA,Paquetes,Seguridad,Llamada de emergencia,,
NissanConnect Services,Z,2024,Touring TA,Paquetes,Seguridad,Conexión con asistencia vial,,
NissanConnect Services,Z,2024,Touring TA,Paquetes,Seguridad,Notificación de alarma,,
NissanConnect Services,Z,2024,Touring TA,Paquetes,Seguridad,Geocercas,,
NissanConnect Services,Z,2024,Touring TA,Paquetes,Seguridad,Alerta de Valet,,
NissanConnect Services,Z,2024,Touring TA,Paquetes,Seguridad,Alerta de velocidad,,
NissanConnect Services,Z,2024,Touring TA,Paquetes,Seguridad,Alerta de movimiento programado,,
NissanConnect Services,Z,2024,Touring TA,Paquetes,Seguridad,Asistencia de Vehículo Robado,,
NissanConnect Services,Z,2024,Touring TA,Paquetes,Conveniencia,Luces destelladas y bocina remoto,,
NissanConnect Services,Z,2024,Touring TA,Paquetes,Conveniencia,Localizar mi vehículo,,
NissanConnect Services,Z,2024,Touring TA,Paquetes,Conveniencia,Estado remoto de mi vehículo,,
NissanConnect Services,Z,2024,Touring TA,Paquetes,Conveniencia,Borrado remoto de datos,,
NissanConnect Services,Z,2024,Touring TA,Paquetes,Conveniencia,Nissan Concierge,,
NissanConnect Services,Z,2024,Touring TA,Paquetes,Premium,Paquetes de Seguridad + Conveniencia + Select,,
NissanConnect Services,Z,2024,Touring TA,Paquetes,Wi-Fi,Wi-Fi HotSpot,,
NissanConnect Services,Z,2025,Touring TM,Paquetes,Select,Bloqueo / desbloqueo remoto de puertas,,
NissanConnect Services,Z,2025,Touring TM,Paquetes,Select,Alerta de mantenimiento,,
NissanConnect Services,Z,2025,Touring TM,Paquetes,Select,Notificación Mantenimiento Preventivo,,
NissanConnect Services,Z,2025,Touring TM,Paquetes,Select,Mensaje enviado al vehículo,,
NissanConnect Services,Z,2025,Touring TM,Paquetes,Select,Actualizaciones Over-The-Air,,
NissanConnect Services,Z,2025,Touring TM,Paquetes,Select,Llamada de asistencia desde la App,,
NissanConnect Services,Z,2025,Touring TM,Paquetes,Seguridad,Notificación automática de colisión (ACN),,
NissanConnect Services,Z,2025,Touring TM,Paquetes,Seguridad,Llamada de emergencia,,
NissanConnect Services,Z,2025,Touring TM,Paquetes,Seguridad,Conexión con asistencia vial,,
NissanConnect Services,Z,2025,Touring TM,Paquetes,Seguridad,Notificación de alarma,,
NissanConnect Services,Z,2025,Touring TM,Paquetes,Seguridad,Geocercas,,
NissanConnect Services,Z,2025,Touring TM,Paquetes,Seguridad,Alerta de Valet,,
NissanConnect Services,Z,2025,Touring TM,Paquetes,Seguridad,Alerta de velocidad,,
NissanConnect Services,Z,2025,Touring TM,Paquetes,Seguridad,Alerta de movimiento programado,,
NissanConnect Services,Z,2025,Touring TM,Paquetes,Seguridad,Asistencia de Vehículo Robado,,
NissanConnect Services,Z,2025,Touring TM,Paquetes,Conveniencia,Luces destelladas y bocina remoto,,
NissanConnect Services,Z,2025,Touring TM,Paquetes,Conveniencia,Localizar mi vehículo,,
NissanConnect Services,Z,2025,Touring TM,Paquetes,Conveniencia,Estado remoto de mi vehículo,,
NissanConnect Services,Z,2025,Touring TM,Paquetes,Conveniencia,Borrado remoto de datos,,
NissanConnect Services,Z,2025,Touring TM,Paquetes,Conveniencia,Nissan Concierge,,
NissanConnect Services,Z,2025,Touring TM,Paquetes,Premium,Paquetes de Seguridad + Conveniencia + Select,,
NissanConnect Services,Z,2025,Touring TM,Paquetes,Wi-Fi,Wi-Fi HotSpot,,
NissanConnect Services,Z,2025,Touring TM,Manuales y Guías,Pocket Guide,Aprende a configurar y utilizar las funciones conectadas de tu Nissan.,,
NissanConnect Services,Z,2025,Touring TM,Manuales y Guías,Quick Guide,Conoce algunos de los servicios que ofrece NissanConnect Services y accede a un QR para descargar la App.,,
NissanConnect Services,Z,2025,Touring TM,Manuales y Guías,Activación de cuenta,Descubre cómo activar tu cuenta de NissanConnect Services,,
NissanConnect Services,Z,2025,Touring TM,Manuales y Guías,Activación de Wi-Fi ,Descubre cómo activar la prueba gratuita de Wi-Fi Hot Spot incluida en tu Nissan ,,
NissanConnect Services,Z,2025,Touring TA,Paquetes,Select,Bloqueo / desbloqueo remoto de puertas,,
NissanConnect Services,Z,2025,Touring TA,Paquetes,Select,Alerta de mantenimiento,,
NissanConnect Services,Z,2025,Touring TA,Paquetes,Select,Notificación Mantenimiento Preventivo,,
NissanConnect Services,Z,2025,Touring TA,Paquetes,Select,Mensaje enviado al vehículo,,
NissanConnect Services,Z,2025,Touring TA,Paquetes,Select,Actualizaciones Over-The-Air,,
NissanConnect Services,Z,2025,Touring TA,Paquetes,Select,Llamada de asistencia desde la App,,
NissanConnect Services,Z,2025,Touring TA,Paquetes,Seguridad,Notificación automática de colisión (ACN),,
NissanConnect Services,Z,2025,Touring TA,Paquetes,Seguridad,Llamada de emergencia,,
NissanConnect Services,Z,2025,Touring TA,Paquetes,Seguridad,Conexión con asistencia vial,,
NissanConnect Services,Z,2025,Touring TA,Paquetes,Seguridad,Notificación de alarma,,
NissanConnect Services,Z,2025,Touring TA,Paquetes,Seguridad,Geocercas,,
NissanConnect Services,Z,2025,Touring TA,Paquetes,Seguridad,Alerta de Valet,,
NissanConnect Services,Z,2025,Touring TA,Paquetes,Seguridad,Alerta de velocidad,,
NissanConnect Services,Z,2025,Touring TA,Paquetes,Seguridad,Alerta de movimiento programado,,
NissanConnect Services,Z,2025,Touring TA,Paquetes,Seguridad,Asistencia de Vehículo Robado,,
NissanConnect Services,Z,2025,Touring TA,Paquetes,Conveniencia,Luces destelladas y bocina remoto,,
NissanConnect Services,Z,2025,Touring TA,Paquetes,Conveniencia,Localizar mi vehículo,,
NissanConnect Services,Z,2025,Touring TA,Paquetes,Conveniencia,Estado remoto de mi vehículo,,
NissanConnect Services,Z,2025,Touring TA,Paquetes,Conveniencia,Borrado remoto de datos,,
NissanConnect Services,Z,2025,Touring TA,Paquetes,Conveniencia,Nissan Concierge,,
NissanConnect Services,Z,2025,Touring TA,Paquetes,Premium,Paquetes de Seguridad + Conveniencia + Select,,
NissanConnect Services,Z,2025,Touring TA,Paquetes,Wi-Fi,Wi-Fi HotSpot,,
NissanConnect Services,Z,2025,Touring TA,Manuales y Guías,Pocket Guide,Aprende a configurar y utilizar las funciones conectadas de tu Nissan.,,
NissanConnect Services,Z,2025,Touring TA,Manuales y Guías,Quick Guide,Conoce algunos de los servicios que ofrece NissanConnect Services y accede a un QR para descargar la App.,,
NissanConnect Services,Z,2025,Touring TA,Manuales y Guías,Activación de cuenta,Descubre cómo activar tu cuenta de NissanConnect Services,,
NissanConnect Services,Z,2025,Touring TA,Manuales y Guías,Activación de Wi-Fi ,Descubre cómo activar la prueba gratuita de Wi-Fi Hot Spot incluida en tu Nissan ,,
NissanConnect Services,Z,2026,Touring TM,Paquetes,Select,Bloqueo / desbloqueo remoto de puertas,,
NissanConnect Services,Z,2026,Touring TM,Paquetes,Select,Alerta de mantenimiento,,
NissanConnect Services,Z,2026,Touring TM,Paquetes,Select,Notificación Mantenimiento Preventivo,,
NissanConnect Services,Z,2026,Touring TM,Paquetes,Select,Mensaje enviado al vehículo,,
NissanConnect Services,Z,2026,Touring TM,Paquetes,Select,Actualizaciones Over-The-Air,,
NissanConnect Services,Z,2026,Touring TM,Paquetes,Select,Llamada de asistencia desde la App,,
NissanConnect Services,Z,2026,Touring TM,Paquetes,Seguridad,Notificación automática de colisión (ACN),,
NissanConnect Services,Z,2026,Touring TM,Paquetes,Seguridad,Llamada de emergencia,,
NissanConnect Services,Z,2026,Touring TM,Paquetes,Seguridad,Conexión con asistencia vial,,
NissanConnect Services,Z,2026,Touring TM,Paquetes,Seguridad,Notificación de alarma,,
NissanConnect Services,Z,2026,Touring TM,Paquetes,Seguridad,Geocercas,,
NissanConnect Services,Z,2026,Touring TM,Paquetes,Seguridad,Alerta de Valet,,
NissanConnect Services,Z,2026,Touring TM,Paquetes,Seguridad,Alerta de velocidad,,
NissanConnect Services,Z,2026,Touring TM,Paquetes,Seguridad,Alerta de movimiento programado,,
NissanConnect Services,Z,2026,Touring TM,Paquetes,Seguridad,Asistencia de Vehículo Robado,,
NissanConnect Services,Z,2026,Touring TM,Paquetes,Conveniencia,Luces destelladas y bocina remoto,,
NissanConnect Services,Z,2026,Touring TM,Paquetes,Conveniencia,Localizar mi vehículo,,
NissanConnect Services,Z,2026,Touring TM,Paquetes,Conveniencia,Estado remoto de mi vehículo,,
NissanConnect Services,Z,2026,Touring TM,Paquetes,Conveniencia,Borrado remoto de datos,,
NissanConnect Services,Z,2026,Touring TM,Paquetes,Conveniencia,Nissan Concierge,,
NissanConnect Services,Z,2026,Touring TM,Paquetes,Premium,Paquetes de Seguridad + Conveniencia + Select,,
NissanConnect Services,Z,2026,Touring TM,Paquetes,Wi-Fi,Wi-Fi HotSpot,,
NissanConnect Services,Z,2026,Touring TM,Manuales y Guías,Pocket Guide,Aprende a configurar y utilizar las funciones conectadas de tu Nissan.,,
NissanConnect Services,Z,2026,Touring TM,Manuales y Guías,Quick Guide,Conoce algunos de los servicios que ofrece NissanConnect Services y accede a un QR para descargar la App.,,
NissanConnect Services,Z,2026,Touring TM,Manuales y Guías,Activación de cuenta,Descubre cómo activar tu cuenta de NissanConnect Services,,
NissanConnect Services,Z,2026,Touring TM,Manuales y Guías,Activación de Wi-Fi ,Descubre cómo activar la prueba gratuita de Wi-Fi Hot Spot incluida en tu Nissan ,,
NissanConnect Services,Z,2026,Touring TA,Paquetes,Select,Bloqueo / desbloqueo remoto de puertas,,
NissanConnect Services,Z,2026,Touring TA,Paquetes,Select,Alerta de mantenimiento,,
NissanConnect Services,Z,2026,Touring TA,Paquetes,Select,Notificación Mantenimiento Preventivo,,
NissanConnect Services,Z,2026,Touring TA,Paquetes,Select,Mensaje enviado al vehículo,,
NissanConnect Services,Z,2026,Touring TA,Paquetes,Select,Actualizaciones Over-The-Air,,
NissanConnect Services,Z,2026,Touring TA,Paquetes,Select,Llamada de asistencia desde la App,,
NissanConnect Services,Z,2026,Touring TA,Paquetes,Seguridad,Notificación automática de colisión (ACN),,
NissanConnect Services,Z,2026,Touring TA,Paquetes,Seguridad,Llamada de emergencia,,
NissanConnect Services,Z,2026,Touring TA,Paquetes,Seguridad,Conexión con asistencia vial,,
NissanConnect Services,Z,2026,Touring TA,Paquetes,Seguridad,Notificación de alarma,,
NissanConnect Services,Z,2026,Touring TA,Paquetes,Seguridad,Geocercas,,
NissanConnect Services,Z,2026,Touring TA,Paquetes,Seguridad,Alerta de Valet,,
NissanConnect Services,Z,2026,Touring TA,Paquetes,Seguridad,Alerta de velocidad,,
NissanConnect Services,Z,2026,Touring TA,Paquetes,Seguridad,Alerta de movimiento programado,,
NissanConnect Services,Z,2026,Touring TA,Paquetes,Seguridad,Asistencia de Vehículo Robado,,
NissanConnect Services,Z,2026,Touring TA,Paquetes,Conveniencia,Luces destelladas y bocina remoto,,
NissanConnect Services,Z,2026,Touring TA,Paquetes,Conveniencia,Localizar mi vehículo,,
NissanConnect Services,Z,2026,Touring TA,Paquetes,Conveniencia,Estado remoto de mi vehículo,,
NissanConnect Services,Z,2026,Touring TA,Paquetes,Conveniencia,Borrado remoto de datos,,
NissanConnect Services,Z,2026,Touring TA,Paquetes,Conveniencia,Nissan Concierge,,
NissanConnect Services,Z,2026,Touring TA,Paquetes,Premium,Paquetes de Seguridad + Conveniencia + Select,,
NissanConnect Services,Z,2026,Touring TA,Paquetes,Wi-Fi,Wi-Fi HotSpot,,
NissanConnect Services,Z,2026,Touring TA,Manuales y Guías,Pocket Guide,Aprende a configurar y utilizar las funciones conectadas de tu Nissan.,,
NissanConnect Services,Z,2026,Touring TA,Manuales y Guías,Quick Guide,Conoce algunos de los servicios que ofrece NissanConnect Services y accede a un QR para descargar la App.,,
NissanConnect Services,Z,2026,Touring TA,Manuales y Guías,Activación de cuenta,Descubre cómo activar tu cuenta de NissanConnect Services,,
NissanConnect Services,Z,2026,Touring TA,Manuales y Guías,Activación de Wi-Fi ,Descubre cómo activar la prueba gratuita de Wi-Fi Hot Spot incluida en tu Nissan ,,
NissanConnect Services,Z,2027,Touring TM,Paquetes,Select,Bloqueo / desbloqueo remoto de puertas,,
NissanConnect Services,Z,2027,Touring TM,Paquetes,Select,Alerta de mantenimiento,,
NissanConnect Services,Z,2027,Touring TM,Paquetes,Select,Notificación Mantenimiento Preventivo,,
NissanConnect Services,Z,2027,Touring TM,Paquetes,Select,Mensaje enviado al vehículo,,
NissanConnect Services,Z,2027,Touring TM,Paquetes,Select,Actualizaciones Over-The-Air,,
NissanConnect Services,Z,2027,Touring TM,Paquetes,Select,Llamada de asistencia desde la App,,
NissanConnect Services,Z,2027,Touring TM,Paquetes,Seguridad,Notificación automática de colisión (ACN),,
NissanConnect Services,Z,2027,Touring TM,Paquetes,Seguridad,Llamada de emergencia,,
NissanConnect Services,Z,2027,Touring TM,Paquetes,Seguridad,Conexión con asistencia vial,,
NissanConnect Services,Z,2027,Touring TM,Paquetes,Seguridad,Notificación de alarma,,
NissanConnect Services,Z,2027,Touring TM,Paquetes,Seguridad,Geocercas,,
NissanConnect Services,Z,2027,Touring TM,Paquetes,Seguridad,Alerta de Valet,,
NissanConnect Services,Z,2027,Touring TM,Paquetes,Seguridad,Alerta de velocidad,,
NissanConnect Services,Z,2027,Touring TM,Paquetes,Seguridad,Alerta de movimiento programado,,
NissanConnect Services,Z,2027,Touring TM,Paquetes,Seguridad,Asistencia de Vehículo Robado,,
NissanConnect Services,Z,2027,Touring TM,Paquetes,Conveniencia,Luces destelladas y bocina remoto,,
NissanConnect Services,Z,2027,Touring TM,Paquetes,Conveniencia,Localizar mi vehículo,,
NissanConnect Services,Z,2027,Touring TM,Paquetes,Conveniencia,Estado remoto de mi vehículo,,
NissanConnect Services,Z,2027,Touring TM,Paquetes,Conveniencia,Borrado remoto de datos,,
NissanConnect Services,Z,2027,Touring TM,Paquetes,Conveniencia,Nissan Concierge,,
NissanConnect Services,Z,2027,Touring TM,Paquetes,Premium,Paquetes de Seguridad + Conveniencia + Select,,
NissanConnect Services,Z,2027,Touring TM,Paquetes,Wi-Fi,Wi-Fi HotSpot,,
NissanConnect Services,Z,2027,Touring TM,Manuales y Guías,Pocket Guide,Aprende a configurar y utilizar las funciones conectadas de tu Nissan.,,
NissanConnect Services,Z,2027,Touring TM,Manuales y Guías,Quick Guide,Conoce algunos de los servicios que ofrece NissanConnect Services y accede a un QR para descargar la App.,,
NissanConnect Services,Z,2027,Touring TM,Manuales y Guías,Activación de cuenta,Descubre cómo activar tu cuenta de NissanConnect Services,,
NissanConnect Services,Z,2027,Touring TM,Manuales y Guías,Activación de Wi-Fi ,Descubre cómo activar la prueba gratuita de Wi-Fi Hot Spot incluida en tu Nissan ,,
NissanConnect Services,Z,2027,Touring TA,Paquetes,Select,Bloqueo / desbloqueo remoto de puertas,,
NissanConnect Services,Z,2027,Touring TA,Paquetes,Select,Alerta de mantenimiento,,
NissanConnect Services,Z,2027,Touring TA,Paquetes,Select,Notificación Mantenimiento Preventivo,,
NissanConnect Services,Z,2027,Touring TA,Paquetes,Select,Mensaje enviado al vehículo,,
NissanConnect Services,Z,2027,Touring TA,Paquetes,Select,Actualizaciones Over-The-Air,,
NissanConnect Services,Z,2027,Touring TA,Paquetes,Select,Llamada de asistencia desde la App,,
NissanConnect Services,Z,2027,Touring TA,Paquetes,Seguridad,Notificación automática de colisión (ACN),,
NissanConnect Services,Z,2027,Touring TA,Paquetes,Seguridad,Llamada de emergencia,,
NissanConnect Services,Z,2027,Touring TA,Paquetes,Seguridad,Conexión con asistencia vial,,
NissanConnect Services,Z,2027,Touring TA,Paquetes,Seguridad,Notificación de alarma,,
NissanConnect Services,Z,2027,Touring TA,Paquetes,Seguridad,Geocercas,,
NissanConnect Services,Z,2027,Touring TA,Paquetes,Seguridad,Alerta de Valet,,
NissanConnect Services,Z,2027,Touring TA,Paquetes,Seguridad,Alerta de velocidad,,
NissanConnect Services,Z,2027,Touring TA,Paquetes,Seguridad,Alerta de movimiento programado,,
NissanConnect Services,Z,2027,Touring TA,Paquetes,Seguridad,Asistencia de Vehículo Robado,,
NissanConnect Services,Z,2027,Touring TA,Paquetes,Conveniencia,Luces destelladas y bocina remoto,,
NissanConnect Services,Z,2027,Touring TA,Paquetes,Conveniencia,Localizar mi vehículo,,
NissanConnect Services,Z,2027,Touring TA,Paquetes,Conveniencia,Estado remoto de mi vehículo,,
NissanConnect Services,Z,2027,Touring TA,Paquetes,Conveniencia,Borrado remoto de datos,,
NissanConnect Services,Z,2027,Touring TA,Paquetes,Conveniencia,Nissan Concierge,,
NissanConnect Services,Z,2027,Touring TA,Paquetes,Premium,Paquetes de Seguridad + Conveniencia + Select,,
NissanConnect Services,Z,2027,Touring TA,Paquetes,Wi-Fi,Wi-Fi HotSpot,,
NissanConnect Services,Z,2027,Touring TA,Manuales y Guías,Pocket Guide,Aprende a configurar y utilizar las funciones conectadas de tu Nissan.,,
NissanConnect Services,Z,2027,Touring TA,Manuales y Guías,Quick Guide,Conoce algunos de los servicios que ofrece NissanConnect Services y accede a un QR para descargar la App.,,
NissanConnect Services,Z,2027,Touring TA,Manuales y Guías,Activación de cuenta,Descubre cómo activar tu cuenta de NissanConnect Services,,
NissanConnect Services,Z,2027,Touring TA,Manuales y Guías,Activación de Wi-Fi ,Descubre cómo activar la prueba gratuita de Wi-Fi Hot Spot incluida en tu Nissan ,,